session_id,split,content_type,open_images_id,official_split,source_dataset,source_url,image_url,original_url,original_landing_url,license,author,author_profile_url,title,negative_classes,sha256
oi_train_c48876b87e49bf61,train,positive,c48876b87e49bf61,train,Open Images Dataset V7,https://storage.googleapis.com/openimages/web/index.html,https://s3.amazonaws.com/open-images-dataset/train/c48876b87e49bf61.jpg,https://farm2.staticflickr.com/3041/2575104617_b0b43bfd4c_o.jpg,https://www.flickr.com/photos/golf_pictures/2575104617,https://creativecommons.org/licenses/by/2.0/,Dan Perry,https://www.flickr.com/people/golf_pictures/,"The River Course at Keystone, Keystone, Colorado",,10c4151ecf6b0b7b196b77ae2b7b40f5399cb56392c2e123b32c35bbcfb1a399
oi_train_e0e2b43591a16209,train,positive,e0e2b43591a16209,train,Open Images Dataset V7,https://storage.googleapis.com/openimages/web/index.html,https://s3.amazonaws.com/open-images-dataset/train/e0e2b43591a16209.jpg,https://c2.staticflickr.com/4/3121/2575973462_bed71cc8fb_o.jpg,https://www.flickr.com/photos/golf_pictures/2575973462,https://creativecommons.org/licenses/by/2.0/,Dan Perry,https://www.flickr.com/people/golf_pictures/,"Riviera Country Club, Pacific Palisades, California",,043afbda4db7cfa3412fcac57a115eca8c5f2bfdfcf1d2d1a4e84d313ca2eb33
oi_train_63d289026e8ad522,train,positive,63d289026e8ad522,train,Open Images Dataset V7,https://storage.googleapis.com/openimages/web/index.html,https://s3.amazonaws.com/open-images-dataset/train/63d289026e8ad522.jpg,https://farm3.staticflickr.com/232/463505007_3531fcef32_o.jpg,https://www.flickr.com/photos/lenore-m/463505007,https://creativecommons.org/licenses/by/2.0/,Lenore Edman,https://www.flickr.com/people/lenore-m/,superball mosaic p4,,b78fdf9f83ba697286117b86a2399625d3c9b9063f9153acb7a00584673dfb23
oi_train_13e0578475a40fc0,test,positive,13e0578475a40fc0,train,Open Images Dataset V7,https://storage.googleapis.com/openimages/web/index.html,https://s3.amazonaws.com/open-images-dataset/train/13e0578475a40fc0.jpg,https://farm1.staticflickr.com/7428/9076322326_e480a124cb_o.jpg,https://www.flickr.com/photos/97095120@N06/9076322326,https://creativecommons.org/licenses/by/2.0/,Special Olympics Connaught,https://www.flickr.com/people/97095120@N06/,Pitch and Putt Regionals 2013,,805831d359a54506027e08a42b8a1d9e2c3837b5f9830e38fcb45d9f189f3ef8
oi_train_1e51d384ce549366,train,positive,1e51d384ce549366,train,Open Images Dataset V7,https://storage.googleapis.com/openimages/web/index.html,https://s3.amazonaws.com/open-images-dataset/train/1e51d384ce549366.jpg,https://farm7.staticflickr.com/5121/5727404151_a8f765ac56_o.jpg,https://www.flickr.com/photos/rdecom/5727404151,https://creativecommons.org/licenses/by/2.0/,U.S. Army RDECOM,https://www.flickr.com/people/rdecom/,APG golfers enjoy Armed Forces Day Outing,,1ca5a6ade62eaf66479e90d4964edf896e71d9dfae64ae89b8da89c7cc510896
oi_train_072e1151fddbd360,train,positive,072e1151fddbd360,train,Open Images Dataset V7,https://storage.googleapis.com/openimages/web/index.html,https://s3.amazonaws.com/open-images-dataset/train/072e1151fddbd360.jpg,https://farm1.staticflickr.com/3193/2575098261_1cf5aacea0_o.jpg,https://www.flickr.com/photos/golf_pictures/2575098261,https://creativecommons.org/licenses/by/2.0/,Dan Perry,https://www.flickr.com/people/golf_pictures/,"Jones Masterpiece, Treetops, Gaylord, Michigan",,c12caaf7d698e1224b7a5f006075c38f8e4dd0a14c07efde1779fc9b90208ae8
oi_train_1110da03cf1ee7f9,train,positive,1110da03cf1ee7f9,train,Open Images Dataset V7,https://storage.googleapis.com/openimages/web/index.html,https://s3.amazonaws.com/open-images-dataset/train/1110da03cf1ee7f9.jpg,https://c2.staticflickr.com/4/3226/5714035531_33650dce17_o.jpg,https://www.flickr.com/photos/john_hall_associates/5714035531,https://creativecommons.org/licenses/by/2.0/,Phil Sexton,https://www.flickr.com/people/john_hall_associates/,Scramble Putting,,b6092f7b0d50aad01e22df04b2dd670c5e522a53173b53c9eeb76398ba5af64e
oi_validation_05e82779bb9c7b6a,train,positive,05e82779bb9c7b6a,validation,Open Images Dataset V7,https://storage.googleapis.com/openimages/web/index.html,https://s3.amazonaws.com/open-images-dataset/validation/05e82779bb9c7b6a.jpg,https://c3.staticflickr.com/3/2705/4045933114_19ccdb6358_o.jpg,https://www.flickr.com/photos/lim_lik_wei/4045933114,https://creativecommons.org/licenses/by/2.0/,Brandon Lim,https://www.flickr.com/people/lim_lik_wei/,Untitled,,6f30487f9c7eed7c18ae40289b232e1480bdfe69419a155e8da860caa2714113
oi_train_e5e5715ad5a57fd2,train,positive,e5e5715ad5a57fd2,train,Open Images Dataset V7,https://storage.googleapis.com/openimages/web/index.html,https://s3.amazonaws.com/open-images-dataset/train/e5e5715ad5a57fd2.jpg,https://farm3.staticflickr.com/2205/2121913084_c6904487ef_o.jpg,https://www.flickr.com/photos/clemson/2121913084,https://creativecommons.org/licenses/by/2.0/,Clemson,https://www.flickr.com/people/clemson/,_MG_3893,,726fd74706e8b8560b6a9ebdd9e06721f43f5606b45aa0503a54ffe50dd4dc6c
oi_train_0ed714901222e7f3,val,positive,0ed714901222e7f3,train,Open Images Dataset V7,https://storage.googleapis.com/openimages/web/index.html,https://s3.amazonaws.com/open-images-dataset/train/0ed714901222e7f3.jpg,https://farm4.staticflickr.com/1403/5127043674_c121ff435c_o.jpg,https://www.flickr.com/photos/familymwr/5127043674/,https://creativecommons.org/licenses/by/2.0/,U.S. Army,https://www.flickr.com/people/familymwr/,Michael Quigg putts 10-29-10,,6bd285eba3ddfe50b9e51bda152309b5b041b7df4e309df3e9e19fd5e2ac7e3a
oi_train_fb4451f4df114727,train,positive,fb4451f4df114727,train,Open Images Dataset V7,https://storage.googleapis.com/openimages/web/index.html,https://s3.amazonaws.com/open-images-dataset/train/fb4451f4df114727.jpg,https://farm8.staticflickr.com/7276/7493212708_43cd593682_o.jpg,https://www.flickr.com/photos/innovate360/7493212708,https://creativecommons.org/licenses/by/2.0/,innovate360,https://www.flickr.com/people/innovate360/,Bletchley Park Code-Knacker - HP-Digital-Imaging-Solutions,,ba6f599b2bda7667b84fed1087906513174bed7c97f7c2deb18d47a200c1a89b
oi_test_3cc1c200a61a6b5d,train,positive,3cc1c200a61a6b5d,test,Open Images Dataset V7,https://storage.googleapis.com/openimages/web/index.html,https://s3.amazonaws.com/open-images-dataset/test/3cc1c200a61a6b5d.jpg,https://c6.staticflickr.com/8/7379/12758383654_ca5f9be640_o.jpg,https://www.flickr.com/photos/kurbanowicz/12758383654,https://creativecommons.org/licenses/by/2.0/,Krzysztof Urbanowicz,https://www.flickr.com/people/kurbanowicz/,Urbanowicz_Krzysztof_GOLF,,1d455c4552e2b51346fae6ae5dbb9737c98a9a2e2c381c23d00b70a336ea2f8d
oi_train_6a0afc968537c6bd,train,positive,6a0afc968537c6bd,train,Open Images Dataset V7,https://storage.googleapis.com/openimages/web/index.html,https://s3.amazonaws.com/open-images-dataset/train/6a0afc968537c6bd.jpg,https://c6.staticflickr.com/3/2417/2540320833_040bc9a35b_o.jpg,https://www.flickr.com/photos/ian_d/2540320833/,https://creativecommons.org/licenses/by/2.0/,Ian Dick,https://www.flickr.com/people/ian_d/,Alan,,d94e810258ed3f32dc3039bd327d6cb46ce41d3f6726090b04b8fd6d0cb3ea0f
oi_test_f452b0a53243dd43,train,positive,f452b0a53243dd43,test,Open Images Dataset V7,https://storage.googleapis.com/openimages/web/index.html,https://s3.amazonaws.com/open-images-dataset/test/f452b0a53243dd43.jpg,https://farm4.staticflickr.com/7347/9146781934_c1514df2a6_o.jpg,https://www.flickr.com/photos/kcrar/9146781934,https://creativecommons.org/licenses/by/2.0/,kcrarphotos,https://www.flickr.com/people/kcrar/,2013-06-25 15.19.33,,b2bab2a1d00783cf1804b3288b486b179e78fe78e57e77db133690a0284354eb
oi_train_69a572c7e396d7f2,train,positive,69a572c7e396d7f2,train,Open Images Dataset V7,https://storage.googleapis.com/openimages/web/index.html,https://s3.amazonaws.com/open-images-dataset/train/69a572c7e396d7f2.jpg,https://farm3.staticflickr.com/1134/1424566291_0783b5eeb4_o.jpg,https://www.flickr.com/photos/rozic/1424566291,https://creativecommons.org/licenses/by/2.0/,Scott Rozic,https://www.flickr.com/people/rozic/,Almost....hole in one,,e2ed7af508779d574ffa71a9b1a53140c2ee42021eb518e63d60182979052059
oi_train_5f2d1723f39e4574,test,positive,5f2d1723f39e4574,train,Open Images Dataset V7,https://storage.googleapis.com/openimages/web/index.html,https://s3.amazonaws.com/open-images-dataset/train/5f2d1723f39e4574.jpg,https://farm5.staticflickr.com/5504/9373375187_20ff0b9671_o.jpg,https://www.flickr.com/photos/nevillewootton/9373375187,https://creativecommons.org/licenses/by/2.0/,Neville Wootton,https://www.flickr.com/people/nevillewootton/,127 - Colin Beadle,,f096077787fb059e9ffd42749471d8dd2a04dd5844627b3d42b297dae21507e9
oi_train_2303a252770112b4,train,positive,2303a252770112b4,train,Open Images Dataset V7,https://storage.googleapis.com/openimages/web/index.html,https://s3.amazonaws.com/open-images-dataset/train/2303a252770112b4.jpg,https://farm5.staticflickr.com/3952/15609988005_5b40771f24_o.jpg,https://www.flickr.com/photos/bdgstonepix/15609988005,https://creativecommons.org/licenses/by/2.0/,Gaston Hinostroza,https://www.flickr.com/people/bdgstonepix/,DSC_1454,,cc661b44a32ba632361625333884d4ca3655db2f91ad39ecdce735aece456b3f
oi_train_0ca39293dc092b1a,val,positive,0ca39293dc092b1a,train,Open Images Dataset V7,https://storage.googleapis.com/openimages/web/index.html,https://s3.amazonaws.com/open-images-dataset/train/0ca39293dc092b1a.jpg,https://c3.staticflickr.com/4/3139/2575158219_6161579a30_o.jpg,https://www.flickr.com/photos/golf_pictures/2575158219,https://creativecommons.org/licenses/by/2.0/,Dan Perry,https://www.flickr.com/people/golf_pictures/,"Wolf Course, Las Vegas Paiute Golf Resort, Las Vegas, Nevada",,5d91e1fb6b99efa8461369e23b144e8294c7b05b75b9157c81efd5f95ff68b7c
oi_train_0faa377d29f82204,train,positive,0faa377d29f82204,train,Open Images Dataset V7,https://storage.googleapis.com/openimages/web/index.html,https://s3.amazonaws.com/open-images-dataset/train/0faa377d29f82204.jpg,https://farm5.staticflickr.com/4133/4952174218_da2e33e7a0_o.jpg,https://www.flickr.com/photos/brazilnut72/4952174218,https://creativecommons.org/licenses/by/2.0/,Andrew Comings,https://www.flickr.com/people/brazilnut72/,What's Wrong With This Picture,,9a11a341d56c372b45ad64c0000b0354f86070298f74258aabdd3c15a3177ecc
oi_train_27e1804ffe120f15,train,positive,27e1804ffe120f15,train,Open Images Dataset V7,https://storage.googleapis.com/openimages/web/index.html,https://s3.amazonaws.com/open-images-dataset/train/27e1804ffe120f15.jpg,https://farm6.staticflickr.com/7004/6737346765_2869111223_o.jpg,https://www.flickr.com/photos/ronkroetz/6737346765,https://creativecommons.org/licenses/by/2.0/,Ron Kroetz,https://www.flickr.com/people/ronkroetz/,Callaway,,842ed9ac0cca450ef5f6b8ae7062ac06af59c31e86ddc1474aeadb6fb6c9d41a
oi_train_28937729bb067e85,train,positive,28937729bb067e85,train,Open Images Dataset V7,https://storage.googleapis.com/openimages/web/index.html,https://s3.amazonaws.com/open-images-dataset/train/28937729bb067e85.jpg,https://farm6.staticflickr.com/8700/16753005671_a41b00bf7a_o.jpg,https://www.flickr.com/photos/pierrebedat/16753005671,https://creativecommons.org/licenses/by/2.0/,Pierre,https://www.flickr.com/people/pierrebedat/,Putter & Ball,,7fcc73b119cdc255821467625e86fe8f47a8c244a22ad684ac55adba981a2971
oi_train_17bf3a34d33542b1,train,positive,17bf3a34d33542b1,train,Open Images Dataset V7,https://storage.googleapis.com/openimages/web/index.html,https://s3.amazonaws.com/open-images-dataset/train/17bf3a34d33542b1.jpg,https://farm2.staticflickr.com/6208/6022888846_abae35d843_o.jpg,https://www.flickr.com/photos/stephen-oung/6022888846,https://creativecommons.org/licenses/by/2.0/,SteFou!,https://www.flickr.com/people/stephen-oung/,Driving lesson,,a551e58176a5e50ce93ccfa2ee6f79b3124961836dff4d1ebddf46acf9686f02
oi_test_ab07be624119a8b4,train,positive,ab07be624119a8b4,test,Open Images Dataset V7,https://storage.googleapis.com/openimages/web/index.html,https://s3.amazonaws.com/open-images-dataset/test/ab07be624119a8b4.jpg,https://farm5.staticflickr.com/5510/10554795513_f0aab227b8_o.jpg,https://www.flickr.com/photos/vastateparksstaff/10554795513,https://creativecommons.org/licenses/by/2.0/,Virginia State Parks,https://www.flickr.com/people/vastateparksstaff/,Disabled Veteran's Recreation Fair,,daeb0d9775477943a3a005d865c605f8291ee5c935be7e556303df37f2e53729
oi_validation_426ef0a291c7f843,train,positive,426ef0a291c7f843,validation,Open Images Dataset V7,https://storage.googleapis.com/openimages/web/index.html,https://s3.amazonaws.com/open-images-dataset/validation/426ef0a291c7f843.jpg,https://farm4.staticflickr.com/1241/607888706_286b13b646_o.jpg,https://www.flickr.com/photos/hnefill/607888706,https://creativecommons.org/licenses/by/2.0/,Örlygur Hnefill,https://www.flickr.com/people/hnefill/,Ragnhildur Sigurðardóttir,,ac46e1a8897816e8ef1a18a51fbe782b9dc786edd081990300588477644bc138
oi_train_0a0ca888960ba1f9,train,positive,0a0ca888960ba1f9,train,Open Images Dataset V7,https://storage.googleapis.com/openimages/web/index.html,https://s3.amazonaws.com/open-images-dataset/train/0a0ca888960ba1f9.jpg,https://c2.staticflickr.com/8/7287/9306839194_0b336e6cf9_o.jpg,https://www.flickr.com/photos/nevillewootton/9306839194,https://creativecommons.org/licenses/by/2.0/,Neville Wootton,https://www.flickr.com/people/nevillewootton/,094 - Martin Hynes,,78ccac8078baeff69be337fba07983d9d44f50539f5f618f6a68ad54a34b8f8c
oi_test_80590be378738f21,test,positive,80590be378738f21,test,Open Images Dataset V7,https://storage.googleapis.com/openimages/web/index.html,https://s3.amazonaws.com/open-images-dataset/test/80590be378738f21.jpg,https://farm2.staticflickr.com/198/441569122_cd0955d82c_o.jpg,https://www.flickr.com/photos/lenore-m/441569122,https://creativecommons.org/licenses/by/2.0/,Lenore Edman,https://www.flickr.com/people/lenore-m/,BA 012,,381e9a244babcfde7412c5ba001f5ab5519a0096e2f5cca752d732be758c9017
oi_train_d8c8687ed1a8bef1,train,positive,d8c8687ed1a8bef1,train,Open Images Dataset V7,https://storage.googleapis.com/openimages/web/index.html,https://s3.amazonaws.com/open-images-dataset/train/d8c8687ed1a8bef1.jpg,https://farm2.staticflickr.com/6232/6234732036_fc760c1395_o.jpg,https://www.flickr.com/photos/principalcharityclassic/6234732036,https://creativecommons.org/licenses/by/2.0/,The Principal Charity Classic,https://www.flickr.com/people/principalcharityclassic/,e016,,43631162bb9b52c6a67ce89182e80e87c4f82b88cd750ffd64d22e1f28c90a72
oi_test_b879a8057b244154,train,positive,b879a8057b244154,test,Open Images Dataset V7,https://storage.googleapis.com/openimages/web/index.html,https://s3.amazonaws.com/open-images-dataset/test/b879a8057b244154.jpg,https://farm5.staticflickr.com/1373/853475849_e773fbbed9_o.jpg,https://www.flickr.com/photos/jenni40947/853475849,https://creativecommons.org/licenses/by/2.0/,Jenni Douglas,https://www.flickr.com/people/jenni40947/,Untitled,,156bd3edfac9a76d776f022cb70a9bd6ae5fa81a44ff91cc2b33c2c0270e632d
oi_test_aea99add5ab0b5f9,test,positive,aea99add5ab0b5f9,test,Open Images Dataset V7,https://storage.googleapis.com/openimages/web/index.html,https://s3.amazonaws.com/open-images-dataset/test/aea99add5ab0b5f9.jpg,https://c2.staticflickr.com/5/4138/4955020397_d4c23673ea_o.jpg,https://www.flickr.com/photos/jenniferpoole/4955020397,https://creativecommons.org/licenses/by/2.0/,Jenny Poole,https://www.flickr.com/people/jenniferpoole/,Long shadows,,f9483b2e01ee9ead54f0f9edb5bdc0b977429fd25279ba9fe8b9ca08cd93728c
oi_train_53748cc1b6026c79,train,positive,53748cc1b6026c79,train,Open Images Dataset V7,https://storage.googleapis.com/openimages/web/index.html,https://s3.amazonaws.com/open-images-dataset/train/53748cc1b6026c79.jpg,https://c2.staticflickr.com/4/3049/2575968426_ec378be67a_o.jpg,https://www.flickr.com/photos/golf_pictures/2575968426,https://creativecommons.org/licenses/by/2.0/,Dan Perry,https://www.flickr.com/people/golf_pictures/,Whistling Straits Logo Ball,,22b0033118bfbf86458887ef592860be5bbbe8e2a341451a8bf49b1345cce640
oi_train_fb3fab211c104077,train,positive,fb3fab211c104077,train,Open Images Dataset V7,https://storage.googleapis.com/openimages/web/index.html,https://s3.amazonaws.com/open-images-dataset/train/fb3fab211c104077.jpg,https://farm8.staticflickr.com/23/33931645_68a63742a4_o.jpg,https://www.flickr.com/photos/cappellmeister/33931645,https://creativecommons.org/licenses/by/2.0/,Andreas Cappell,https://www.flickr.com/people/cappellmeister/,Golfcup2005_00247,,c6281255c00d431176109828edb447069e16c75f374ce1b2752bb9dbbeadbe48
oi_train_e791f2857779d3e1,train,positive,e791f2857779d3e1,train,Open Images Dataset V7,https://storage.googleapis.com/openimages/web/index.html,https://s3.amazonaws.com/open-images-dataset/train/e791f2857779d3e1.jpg,https://farm2.staticflickr.com/7123/6994905691_bea1228347_o.jpg,https://www.flickr.com/photos/trostle/6994905691,https://creativecommons.org/licenses/by/2.0/,Matt Trostle,https://www.flickr.com/people/trostle/,Golf Ball and Tees on White Background,,fc3bd4418cd024a54124f6c8f3c437c74af312633debb929ed21d107bb537bf1
oi_train_002ccf685b8e6da2,train,positive,002ccf685b8e6da2,train,Open Images Dataset V7,https://storage.googleapis.com/openimages/web/index.html,https://s3.amazonaws.com/open-images-dataset/train/002ccf685b8e6da2.jpg,https://farm3.staticflickr.com/4145/5095965564_afee3f9c38_o.jpg,https://www.flickr.com/photos/cbroders/5095965564,https://creativecommons.org/licenses/by/2.0/,Counse,https://www.flickr.com/people/cbroders/,PFP-2010_ - 076,,65da74c7c9f2345592ab89fdab2f91142e4e5273892921fbf826bad551108de0
oi_train_9e904adc95209a27,train,positive,9e904adc95209a27,train,Open Images Dataset V7,https://storage.googleapis.com/openimages/web/index.html,https://s3.amazonaws.com/open-images-dataset/train/9e904adc95209a27.jpg,https://farm8.staticflickr.com/7410/9407843020_7e9b66c2d6_o.jpg,https://www.flickr.com/photos/nevillewootton/9407843020,https://creativecommons.org/licenses/by/2.0/,Neville Wootton,https://www.flickr.com/people/nevillewootton/,028 - From just in the fringe Joe Yorke would sink this par putt and win his first Club Championship,,8b1fc39a8d8c7e7459b750a6418aa24c5523074fcd3e45498331bbda2f9cb7d8
oi_train_f3302ed52b70421d,train,positive,f3302ed52b70421d,train,Open Images Dataset V7,https://storage.googleapis.com/openimages/web/index.html,https://s3.amazonaws.com/open-images-dataset/train/f3302ed52b70421d.jpg,https://c6.staticflickr.com/8/7287/8741540786_5c3d6cbd4a_o.jpg,https://www.flickr.com/photos/tekniskamuseet/8741540786,https://creativecommons.org/licenses/by/2.0/,Tekniska museet,https://www.flickr.com/people/tekniskamuseet/,"Golfboll, komprimerad av klubban. Höghastighetsfotografi.",,4b1e5b7e8545cb63552a0f0e2b8ca3ce7e02d3f55f1a1eebe688ec68b35e5c50
oi_test_d5b7ca82a3346a87,train,positive,d5b7ca82a3346a87,test,Open Images Dataset V7,https://storage.googleapis.com/openimages/web/index.html,https://s3.amazonaws.com/open-images-dataset/test/d5b7ca82a3346a87.jpg,https://farm8.staticflickr.com/100/308192806_5c1a3ded28_o.jpg,https://www.flickr.com/photos/jvh33/308192806,https://creativecommons.org/licenses/by/2.0/,John VanderHaagen,https://www.flickr.com/people/jvh33/,VA golf,,a8ceef7a0ec39ce9d4796c4306aaaa253bd66e0964dc95e1c0c2d31e10332273
oi_train_33531d29129fcfeb,train,positive,33531d29129fcfeb,train,Open Images Dataset V7,https://storage.googleapis.com/openimages/web/index.html,https://s3.amazonaws.com/open-images-dataset/train/33531d29129fcfeb.jpg,https://c4.staticflickr.com/6/5549/9703142867_9789ab27dd_o.jpg,https://www.flickr.com/photos/31312839@N05/9703142867,https://creativecommons.org/licenses/by/2.0/,Mimi Cummins,https://www.flickr.com/people/immeemz/,DSC_0109,,a7eceb23624076d538c01c077273e9469cadb641f093104cf51148bb03938421
oi_test_adb266bf62491cff,train,positive,adb266bf62491cff,test,Open Images Dataset V7,https://storage.googleapis.com/openimages/web/index.html,https://s3.amazonaws.com/open-images-dataset/test/adb266bf62491cff.jpg,https://c8.staticflickr.com/3/2679/4015962366_fdbcc19264_o.jpg,https://www.flickr.com/photos/somegeekintn/4015962366,https://creativecommons.org/licenses/by/2.0/,Casey Fleser,https://www.flickr.com/people/somegeekintn/,Fall Classic (282 / 365),,94480850ead08f0ad1a037a6f4c02638b5516bcb6bb767a743280a37cc40bdba
oi_train_232e16459df84185,train,positive,232e16459df84185,train,Open Images Dataset V7,https://storage.googleapis.com/openimages/web/index.html,https://s3.amazonaws.com/open-images-dataset/train/232e16459df84185.jpg,https://farm6.staticflickr.com/5589/14680036661_e50fa0964f_o.jpg,https://www.flickr.com/photos/nevillewootton/14680036661,https://creativecommons.org/licenses/by/2.0/,Neville Wootton,https://www.flickr.com/people/nevillewootton/,016 - Trish Sobey,,93b0f7ab1cde4354ccbaf3ca6eae63522ef95eb8b5aa205cb149a653f010bedf
oi_train_09e92e16dc68eb37,val,positive,09e92e16dc68eb37,train,Open Images Dataset V7,https://storage.googleapis.com/openimages/web/index.html,https://s3.amazonaws.com/open-images-dataset/train/09e92e16dc68eb37.jpg,https://farm8.staticflickr.com/2950/15281765459_af421a1e06_o.jpg,https://www.flickr.com/photos/dannybollinger/15281765459,https://creativecommons.org/licenses/by/2.0/,Danny Bollinger,https://www.flickr.com/people/dannybollinger/,_02G7980,,1543afab9dbfe1c9b9eada5e7943b1c8c31b35be038efd5cc7465216c507658c
oi_train_837e3de97723e4c8,train,positive,837e3de97723e4c8,train,Open Images Dataset V7,https://storage.googleapis.com/openimages/web/index.html,https://s3.amazonaws.com/open-images-dataset/train/837e3de97723e4c8.jpg,https://c1.staticflickr.com/8/7038/6944568431_72f30b8390_o.jpg,https://www.flickr.com/photos/visitcentralflorida/6944568431,https://creativecommons.org/licenses/by/2.0/,Catch Central Florida,https://www.flickr.com/people/visitcentralflorida/,Mark Jackson putting,,ec1b77105f353d8ce0c6ffcc10897074d5abbdb561796a20014a6a7074da2759
oi_train_0f4daf7054b71b29,train,positive,0f4daf7054b71b29,train,Open Images Dataset V7,https://storage.googleapis.com/openimages/web/index.html,https://s3.amazonaws.com/open-images-dataset/train/0f4daf7054b71b29.jpg,https://c2.staticflickr.com/4/3151/2575166869_a0c5417169_o.jpg,https://www.flickr.com/photos/golf_pictures/2575166869,https://creativecommons.org/licenses/by/2.0/,Dan Perry,https://www.flickr.com/people/golf_pictures/,"Whisper Creek Golf Club, Huntley, Illinois",,729be2fa73955bf33834c7e87ebb1a6aa581991d47ef216b17088ef6658c8789
oi_train_3c997c4d767d5747,test,positive,3c997c4d767d5747,train,Open Images Dataset V7,https://storage.googleapis.com/openimages/web/index.html,https://s3.amazonaws.com/open-images-dataset/train/3c997c4d767d5747.jpg,https://farm8.staticflickr.com/8165/7659590030_151ab66dfa_o.jpg,https://www.flickr.com/photos/83097782@N05/7659590030,https://creativecommons.org/licenses/by/2.0/,pacificcoastamateur,https://www.flickr.com/people/83097782@N05/,Michael Anderson,,92d217eeeb252552842be6dc82a76401b53cad97b49d6f9a4664873cd3616f51
oi_train_14f492653a1b66d0,train,positive,14f492653a1b66d0,train,Open Images Dataset V7,https://storage.googleapis.com/openimages/web/index.html,https://s3.amazonaws.com/open-images-dataset/train/14f492653a1b66d0.jpg,https://farm1.staticflickr.com/5598/15424436390_082ea2a8e7_o.jpg,https://www.flickr.com/photos/bdgstonepix/15424436390,https://creativecommons.org/licenses/by/2.0/,Gaston Hinostroza,https://www.flickr.com/people/bdgstonepix/,DSC_1501,,08db4b3e4d2c67ad840db6e6d7d3b2c788b7518f9e14919c1088a66964884686
oi_train_e831067b6505d038,train,positive,e831067b6505d038,train,Open Images Dataset V7,https://storage.googleapis.com/openimages/web/index.html,https://s3.amazonaws.com/open-images-dataset/train/e831067b6505d038.jpg,https://c1.staticflickr.com/8/7355/12124513296_9bb8bd1221_o.jpg,https://www.flickr.com/photos/ikoka/12124513296,https://creativecommons.org/licenses/by/2.0/,koka_sexton,https://www.flickr.com/people/ikoka/,#LinkedIn golf balls,,0f1205cb011ee7431f9d3f68a7d3ae4b2c90f2689c827e336a9a0ecf0fb2973d
oi_train_0e69c147628dde26,val,positive,0e69c147628dde26,train,Open Images Dataset V7,https://storage.googleapis.com/openimages/web/index.html,https://s3.amazonaws.com/open-images-dataset/train/0e69c147628dde26.jpg,https://farm7.staticflickr.com/554/19997709286_439352eb59_o.jpg,https://www.flickr.com/photos/nevillewootton/19997709286,https://creativecommons.org/licenses/by/2.0/,Neville Wootton,https://www.flickr.com/people/nevillewootton/,122 - Matthew Braithwaite,,b0bedaa0a89a174ee089e86c27783368d96d988568f6311f74f2b4918276a0f5
oi_train_3bb604073c9c7899,train,positive,3bb604073c9c7899,train,Open Images Dataset V7,https://storage.googleapis.com/openimages/web/index.html,https://s3.amazonaws.com/open-images-dataset/train/3bb604073c9c7899.jpg,https://c2.staticflickr.com/5/4145/4847938005_1cacaf2b3b_o.jpg,https://www.flickr.com/photos/zachheller/4847938005,https://creativecommons.org/licenses/by/2.0/,Zach Heller,https://www.flickr.com/people/zachheller/,Callaway,,b296091556ef999c86b2bc1723f2104f4b688d5d3d53217c66d9d7453707a923
oi_test_2242d9e0c5da72c9,train,positive,2242d9e0c5da72c9,test,Open Images Dataset V7,https://storage.googleapis.com/openimages/web/index.html,https://s3.amazonaws.com/open-images-dataset/test/2242d9e0c5da72c9.jpg,https://c2.staticflickr.com/5/4132/5095959020_11fcee3a0f_o.jpg,https://www.flickr.com/photos/cbroders/5095959020,https://creativecommons.org/licenses/by/2.0/,Counse,https://www.flickr.com/people/cbroders/,PFP-2010_ - 063,,4ea860d23fe5c80242ba6f9df5b2ac485ae1cb7c885726d02a9d279451fe4c10
oi_train_175071772d8abad5,train,positive,175071772d8abad5,train,Open Images Dataset V7,https://storage.googleapis.com/openimages/web/index.html,https://s3.amazonaws.com/open-images-dataset/train/175071772d8abad5.jpg,https://farm6.staticflickr.com/7277/7758927156_f914e95fa5_o.jpg,https://www.flickr.com/photos/marcus_hansson/7758927156,https://creativecommons.org/licenses/by/2.0/,Marcus Hansson,https://www.flickr.com/people/marcus_hansson/,Minigolf,,0806110c5f0d0a1e632f93810e27efcdade45637639fb2d45b9d018a3a7d6e84
oi_train_06b2d041f4b9b1bc,test,positive,06b2d041f4b9b1bc,train,Open Images Dataset V7,https://storage.googleapis.com/openimages/web/index.html,https://s3.amazonaws.com/open-images-dataset/train/06b2d041f4b9b1bc.jpg,https://c5.staticflickr.com/4/3758/9051787312_409b775a1b_o.jpg,https://www.flickr.com/photos/gleam_df/9051787312,https://creativecommons.org/licenses/by/2.0/,Daisuke FUJII,https://www.flickr.com/people/gleam_df/,Nice shot?,,1a8cce3f34484b1fcc97a2ab0d668bd8476378a272326408ad077aada61d7d09
oi_train_019f4c72e136b61d,train,positive,019f4c72e136b61d,train,Open Images Dataset V7,https://storage.googleapis.com/openimages/web/index.html,https://s3.amazonaws.com/open-images-dataset/train/019f4c72e136b61d.jpg,https://c6.staticflickr.com/6/5594/14496586828_59b6e77b5f_o.jpg,https://www.flickr.com/photos/nevillewootton/14496586828,https://creativecommons.org/licenses/by/2.0/,Neville Wootton,https://www.flickr.com/people/nevillewootton/,018 - Geraldine Howley,,be52cfaee5ae702b4d2635b97dd6ddf060e2be44575b0e940925737eba8a3312
oi_train_57a4d845ca55a571,test,positive,57a4d845ca55a571,train,Open Images Dataset V7,https://storage.googleapis.com/openimages/web/index.html,https://s3.amazonaws.com/open-images-dataset/train/57a4d845ca55a571.jpg,https://farm2.staticflickr.com/2312/2575922524_8122c0ddc3_o.jpg,https://www.flickr.com/photos/golf_pictures/2575922524,https://creativecommons.org/licenses/by/2.0/,Dan Perry,https://www.flickr.com/people/golf_pictures/,"Smith Signature, Treetops, Gaylord, Michigan",,56cd98ebd7a2fc65c2280b324eaad453542faf6e905a7f312a361914fad9ded8
oi_train_c6de1ad34ff2d7b7,train,positive,c6de1ad34ff2d7b7,train,Open Images Dataset V7,https://storage.googleapis.com/openimages/web/index.html,https://s3.amazonaws.com/open-images-dataset/train/c6de1ad34ff2d7b7.jpg,https://farm8.staticflickr.com/5108/5889322623_669c84dd8a_o.jpg,https://www.flickr.com/photos/bradleypjohnson/5889322623,https://creativecommons.org/licenses/by/2.0/,bradleypjohnson,https://www.flickr.com/people/bradleypjohnson/,175/365: Chip & Dip,,47989241ae0789a941688b869907ded5b5185d6c4b37c676d73d3cabaedcb81c
oi_train_f216aa126fc0016f,train,positive,f216aa126fc0016f,train,Open Images Dataset V7,https://storage.googleapis.com/openimages/web/index.html,https://s3.amazonaws.com/open-images-dataset/train/f216aa126fc0016f.jpg,https://c8.staticflickr.com/9/8374/8469332840_ebffc8d5f7_o.jpg,https://www.flickr.com/photos/kjarrett/8469332840,https://creativecommons.org/licenses/by/2.0/,Kevin Jarrett,https://www.flickr.com/people/kjarrett/,Rock Wall Demolition: the Aftermath,,4933138e231ed516f154a8107b2cab3592cb8ac24b7dd88f67a18e5b6251345c
oi_train_25e563c698b13510,train,positive,25e563c698b13510,train,Open Images Dataset V7,https://storage.googleapis.com/openimages/web/index.html,https://s3.amazonaws.com/open-images-dataset/train/25e563c698b13510.jpg,https://farm1.staticflickr.com/5595/15290784715_6fa4bb0da2_o.jpg,https://www.flickr.com/photos/11694215@N00/15290784715,https://creativecommons.org/licenses/by/2.0/,Chris Ford,https://www.flickr.com/people/11694215@N00/,SAM_2466,,432b3e1c92ad6c6dc5502e61bbfa6841c3d6fe166f8794feacea64e853a67033
oi_train_2363aef9e2dd1b5f,train,positive,2363aef9e2dd1b5f,train,Open Images Dataset V7,https://storage.googleapis.com/openimages/web/index.html,https://s3.amazonaws.com/open-images-dataset/train/2363aef9e2dd1b5f.jpg,https://c8.staticflickr.com/4/3689/9376266058_28dfb9829b_o.jpg,https://www.flickr.com/photos/nevillewootton/9376266058,https://creativecommons.org/licenses/by/2.0/,Neville Wootton,https://www.flickr.com/people/nevillewootton/,085 - Paul Beadle,,f04ffe008a427e7236af1f6b9e88f80ede80fe43c024c09debd6520da9de963a
oi_train_16a7cdc26f54fc7f,train,positive,16a7cdc26f54fc7f,train,Open Images Dataset V7,https://storage.googleapis.com/openimages/web/index.html,https://s3.amazonaws.com/open-images-dataset/train/16a7cdc26f54fc7f.jpg,https://c8.staticflickr.com/2/1044/1346035803_2564c7e262_o.jpg,https://www.flickr.com/photos/ian_d/1346035803,https://creativecommons.org/licenses/by/2.0/,Ian Dick,https://www.flickr.com/people/ian_d/,Wet,,3deecf531fea8b35ba8d16fc1686161b6de22b229e53b4578a2aeee0728284d6
oi_test_e371a76b33265b9d,test,positive,e371a76b33265b9d,test,Open Images Dataset V7,https://storage.googleapis.com/openimages/web/index.html,https://s3.amazonaws.com/open-images-dataset/test/e371a76b33265b9d.jpg,https://c6.staticflickr.com/8/7082/7393485132_af641153ee_o.jpg,https://www.flickr.com/photos/airwaves1/7393485132,https://creativecommons.org/licenses/by/2.0/,airwaves1,https://www.flickr.com/people/airwaves1/,DSC01287,,99eb3086fd114774897c641b4272aa7ddb0cfdb284e2cc2d965aed930f0c7ac4
oi_test_dd841cf4b9d1aad6,train,positive,dd841cf4b9d1aad6,test,Open Images Dataset V7,https://storage.googleapis.com/openimages/web/index.html,https://s3.amazonaws.com/open-images-dataset/test/dd841cf4b9d1aad6.jpg,https://farm7.staticflickr.com/3218/2785690627_474c527f01_o.jpg,https://www.flickr.com/photos/gusilu/2785690627,https://creativecommons.org/licenses/by/2.0/,chispita_666,https://www.flickr.com/people/gusilu/,(4/365) :: Golf Thursdays,,cbb902b4412963f287176e980b6801c6007df2ca42eaf7b320bf5adc3617f81c
oi_train_d74e7bc92974b790,test,positive,d74e7bc92974b790,train,Open Images Dataset V7,https://storage.googleapis.com/openimages/web/index.html,https://s3.amazonaws.com/open-images-dataset/train/d74e7bc92974b790.jpg,https://farm1.staticflickr.com/2513/4129715373_f1ae16ddf5_o.jpg,https://www.flickr.com/photos/amrufm/4129715373/,https://creativecommons.org/licenses/by/2.0/,amrufm,https://www.flickr.com/people/amrufm/,Glocomp Invitational Golf -14,,419c7baae500d59d6d0ff627844568eacc911a81e1cc510ebbfc3dd0665a5c5a
oi_train_2520c56c797ef539,train,positive,2520c56c797ef539,train,Open Images Dataset V7,https://storage.googleapis.com/openimages/web/index.html,https://s3.amazonaws.com/open-images-dataset/train/2520c56c797ef539.jpg,https://c2.staticflickr.com/6/5542/9369323638_7b1305ca31_o.jpg,https://www.flickr.com/photos/nevillewootton/9369323638,https://creativecommons.org/licenses/by/2.0/,Neville Wootton,https://www.flickr.com/people/nevillewootton/,007 - Martyn Hunkin from St. Mellion Golf Club,,12af7600178ad92143398f7cbe32d3b8613ca1dc8086fd7cb3148ddbc74a73e8
oi_train_0ee6c8411b86a83d,train,positive,0ee6c8411b86a83d,train,Open Images Dataset V7,https://storage.googleapis.com/openimages/web/index.html,https://s3.amazonaws.com/open-images-dataset/train/0ee6c8411b86a83d.jpg,https://c6.staticflickr.com/4/3751/11758261546_4e407760b3_o.jpg,https://www.flickr.com/photos/bandersen23/11758261546,https://creativecommons.org/licenses/by/2.0/,Brandon Andersen,https://www.flickr.com/people/bandersen23/,Girls Golf-7,,cf843ef6d707aca1b97bae8802b2a98d9375f156f118e14b019351c0aa71dab2
oi_train_00bbe589c43c47cb,test,positive,00bbe589c43c47cb,train,Open Images Dataset V7,https://storage.googleapis.com/openimages/web/index.html,https://s3.amazonaws.com/open-images-dataset/train/00bbe589c43c47cb.jpg,https://c4.staticflickr.com/6/5097/5563728676_6fe2e5e22f_o.jpg,https://www.flickr.com/photos/allandonque/5563728676,https://creativecommons.org/licenses/by/2.0/,Allan Donque,https://www.flickr.com/people/allandonque/,365 AT DAY 067,,0f789bebd3034434cd212d2431ebe82010d43b5ddfcbbb1b3e582d19cb188408
oi_train_043a1540495445f9,train,positive,043a1540495445f9,train,Open Images Dataset V7,https://storage.googleapis.com/openimages/web/index.html,https://s3.amazonaws.com/open-images-dataset/train/043a1540495445f9.jpg,https://c2.staticflickr.com/5/4024/5080505313_fe9b84aaf3_o.jpg,https://www.flickr.com/photos/tourismnewbrunswick/5080505313,https://creativecommons.org/licenses/by/2.0/,New Brunswick Tourism,https://www.flickr.com/people/tourismnewbrunswick/,"Herring Cove Golf Course, New Brunswick, Canada / Club de golf provincial Herring Cove, Nouveau-Brunswick, Canada",,367df881fe73d9ff0d1ab28e2a29c386d1d6220d72d3ee25bea605578670896c
oi_train_aa0ddfe43ef860b2,train,positive,aa0ddfe43ef860b2,train,Open Images Dataset V7,https://storage.googleapis.com/openimages/web/index.html,https://s3.amazonaws.com/open-images-dataset/train/aa0ddfe43ef860b2.jpg,https://farm3.staticflickr.com/2741/4244923386_aae2cbcf1b_o.jpg,https://www.flickr.com/photos/qrodoflickr/4244923386,https://creativecommons.org/licenses/by/2.0/,Qrodo Photos,https://www.flickr.com/people/qrodoflickr/,Succesful 1-putt,,e3a06b26002c9c4faf226fde9ee45fbc74b2da9a026aa2e953365dd92d1dc3e0
oi_train_77fc71cbb79b7d94,train,positive,77fc71cbb79b7d94,train,Open Images Dataset V7,https://storage.googleapis.com/openimages/web/index.html,https://s3.amazonaws.com/open-images-dataset/train/77fc71cbb79b7d94.jpg,https://farm5.staticflickr.com/3221/2307359168_7ae01a1b50_o.jpg,https://www.flickr.com/photos/farhan/2307359168,https://creativecommons.org/licenses/by/2.0/,Farhan Chawla,https://www.flickr.com/people/farhan/,all set for hit,,62f12a1167ab9399ae40f9ece2f97752b220e1010eec2c83ed211016da19e022
oi_train_00b0b1feca737019,test,positive,00b0b1feca737019,train,Open Images Dataset V7,https://storage.googleapis.com/openimages/web/index.html,https://s3.amazonaws.com/open-images-dataset/train/00b0b1feca737019.jpg,https://c2.staticflickr.com/2/1313/1093832120_b90801a664_o.jpg,https://www.flickr.com/photos/multitrack/1093832120,https://creativecommons.org/licenses/by/2.0/,Duane Weller,https://www.flickr.com/people/multitrack/,This is for a birdy people...,,08638b8f0c38c2bfb921e3746e33e7edc4c93ba438c9e132abfda253a7c6f056
oi_train_9e9d3d70b6f19eb3,test,positive,9e9d3d70b6f19eb3,train,Open Images Dataset V7,https://storage.googleapis.com/openimages/web/index.html,https://s3.amazonaws.com/open-images-dataset/train/9e9d3d70b6f19eb3.jpg,https://farm4.staticflickr.com/7181/6983435522_8515abcfb9_o.jpg,https://www.flickr.com/photos/nikontino/6983435522/,https://creativecommons.org/licenses/by/2.0/,nikontino,https://www.flickr.com/people/nikontino/,ALG_7313,,08d880a2a395a905a932fa1f492148080d6eb2e49f091da3194622fdbcabf4e7
oi_train_aaa347c2a1d5d296,train,positive,aaa347c2a1d5d296,train,Open Images Dataset V7,https://storage.googleapis.com/openimages/web/index.html,https://s3.amazonaws.com/open-images-dataset/train/aaa347c2a1d5d296.jpg,https://farm7.staticflickr.com/5553/14162828891_9b06107a7c_o.jpg,https://www.flickr.com/photos/igb/14162828891,https://creativecommons.org/licenses/by/2.0/,Ian Brown,https://www.flickr.com/people/igb/,Hole in one by C. Gregory Brown!,,2788b11761e4bc5c761801dc9e61dcb368bbee5e0e1c339199cd6b270ed10a46
oi_train_2e68b6f9374241a9,train,positive,2e68b6f9374241a9,train,Open Images Dataset V7,https://storage.googleapis.com/openimages/web/index.html,https://s3.amazonaws.com/open-images-dataset/train/2e68b6f9374241a9.jpg,https://c2.staticflickr.com/3/2507/4010582747_73e5e4ce2a_o.jpg,https://www.flickr.com/photos/wkulicki/4010582747,https://creativecommons.org/licenses/by/2.0/,Wojciech Kulicki,https://www.flickr.com/people/wkulicki/,Golf Club Against Ball,,54211b1626ceff95aa004f6f02d1c279299229f258234be61adfe795bf595e03
oi_train_bc74b25a000aec16,train,positive,bc74b25a000aec16,train,Open Images Dataset V7,https://storage.googleapis.com/openimages/web/index.html,https://s3.amazonaws.com/open-images-dataset/train/bc74b25a000aec16.jpg,https://farm7.staticflickr.com/3573/3471394890_34cd6f4a0d_o.jpg,https://www.flickr.com/photos/34723406@N07/3471394890,https://creativecommons.org/licenses/by/2.0/,Joshua Smith,https://www.flickr.com/people/34723406@N07/,A Short Green,,d9efe0fe0a3186d307017dd521945ae59e116fe8d823208cae3b360ecd74785b
oi_train_0a361f02d785c1ce,train,positive,0a361f02d785c1ce,train,Open Images Dataset V7,https://storage.googleapis.com/openimages/web/index.html,https://s3.amazonaws.com/open-images-dataset/train/0a361f02d785c1ce.jpg,https://c7.staticflickr.com/3/2613/3679377837_c377602145_o.jpg,https://www.flickr.com/photos/click_in_time2009/3679377837,https://creativecommons.org/licenses/by/2.0/,Julie Campbell,https://www.flickr.com/people/click_in_time2009/,Phil Mickelson Putting,,e6bba07182834ec1cd08e546441ffe3f7ee07f19a0cf993a65b45125ccefbaa3
oi_train_17444218512ba660,train,positive,17444218512ba660,train,Open Images Dataset V7,https://storage.googleapis.com/openimages/web/index.html,https://s3.amazonaws.com/open-images-dataset/train/17444218512ba660.jpg,https://farm1.staticflickr.com/78/206958483_a37625e608_o.jpg,https://www.flickr.com/photos/makelessnoise/206958483,https://creativecommons.org/licenses/by/2.0/,makelessnoise,https://www.flickr.com/people/makelessnoise/,Still Life?,,3be9d3d71177d5ae503ec40f09e0185bfd47b200ff052331cf30cee8cbaa462f
oi_train_09b93c22f4810f81,test,positive,09b93c22f4810f81,train,Open Images Dataset V7,https://storage.googleapis.com/openimages/web/index.html,https://s3.amazonaws.com/open-images-dataset/train/09b93c22f4810f81.jpg,https://farm2.staticflickr.com/5574/14675172645_ebea8de9a2_o.jpg,https://www.flickr.com/photos/nevillewootton/14675172645/,https://creativecommons.org/licenses/by/2.0/,Neville Wootton,https://www.flickr.com/people/nevillewootton/,119 - Stuart England,,bc436549ce9c4b7bd02c3690570672327a56964ee92ddb7f350d329663ca24f3
oi_train_0694741ca6656190,train,positive,0694741ca6656190,train,Open Images Dataset V7,https://storage.googleapis.com/openimages/web/index.html,https://s3.amazonaws.com/open-images-dataset/train/0694741ca6656190.jpg,https://farm1.staticflickr.com/3118/2790369318_400fddc948_o.jpg,https://www.flickr.com/photos/golf_pictures/2790369318,https://creativecommons.org/licenses/by/2.0/,Dan Perry,https://www.flickr.com/people/golf_pictures/,"Treetops Golf - Masterpiece, Gaylord, Michigan",,bfe3074d1cad2266173e173ec32bd2b558ddb8c342381d5be0626b720b99b2de
oi_train_261cddf1cdcd5c50,test,positive,261cddf1cdcd5c50,train,Open Images Dataset V7,https://storage.googleapis.com/openimages/web/index.html,https://s3.amazonaws.com/open-images-dataset/train/261cddf1cdcd5c50.jpg,https://farm1.staticflickr.com/3264/2632747897_927801e159_o.jpg,https://www.flickr.com/photos/foxypar4/2632747897,https://creativecommons.org/licenses/by/2.0/,John Haslam,https://www.flickr.com/people/foxypar4/,IMG_0370,,f39e0f60d89c73e03db1a8db59f5a498ce899303aeb88b194351153a8916dfed
oi_train_224a2d653cdf7bc0,train,positive,224a2d653cdf7bc0,train,Open Images Dataset V7,https://storage.googleapis.com/openimages/web/index.html,https://s3.amazonaws.com/open-images-dataset/train/224a2d653cdf7bc0.jpg,https://farm1.staticflickr.com/8668/16559851168_6583362440_o.jpg,https://www.flickr.com/photos/visitelpaso/16559851168,https://creativecommons.org/licenses/by/2.0/,Visit El Paso,https://www.flickr.com/people/visitelpaso/,USBC Opener (79),,03290aa64b3c5f3019012f0677cc454a955235fcf40d76b829429a918c1a5cab
oi_train_dd1719f68eff0e84,train,positive,dd1719f68eff0e84,train,Open Images Dataset V7,https://storage.googleapis.com/openimages/web/index.html,https://s3.amazonaws.com/open-images-dataset/train/dd1719f68eff0e84.jpg,https://farm5.staticflickr.com/3063/2575961870_0cfbae9b11_o.jpg,https://www.flickr.com/photos/golf_pictures/2575961870,https://creativecommons.org/licenses/by/2.0/,Dan Perry,https://www.flickr.com/people/golf_pictures/,"Pine Meadow, Mundelein, Illinois",,5645c1f00fc973c51d1b35d1ee8c51ebd60c9a574beb7242573b17d6b534c0f3
oi_train_0feec1ab859dad0a,val,positive,0feec1ab859dad0a,train,Open Images Dataset V7,https://storage.googleapis.com/openimages/web/index.html,https://s3.amazonaws.com/open-images-dataset/train/0feec1ab859dad0a.jpg,https://c3.staticflickr.com/1/23/33920673_ece8a70074_o.jpg,https://www.flickr.com/photos/cappellmeister/33920673,https://creativecommons.org/licenses/by/2.0/,Andreas Cappell,https://www.flickr.com/people/cappellmeister/,Golfcup2005_00191,,2b106925ef235ff77dba2a032b95bbd62d53a47ce163a36d5383edab749838c7
oi_train_15cdf32f0d81800e,train,positive,15cdf32f0d81800e,train,Open Images Dataset V7,https://storage.googleapis.com/openimages/web/index.html,https://s3.amazonaws.com/open-images-dataset/train/15cdf32f0d81800e.jpg,https://c7.staticflickr.com/1/95/224354070_629e2da7e0_o.jpg,https://www.flickr.com/photos/puntodevista/224354070,https://creativecommons.org/licenses/by/2.0/,Emi Yañez,https://www.flickr.com/people/puntodevista/,| golf |,,c9f6709ed8b0f370c75a50916b2567934ffe3f112ac5ca5e602bda7fa91872c7
oi_train_d0041cdeeeaf74e5,train,positive,d0041cdeeeaf74e5,train,Open Images Dataset V7,https://storage.googleapis.com/openimages/web/index.html,https://s3.amazonaws.com/open-images-dataset/train/d0041cdeeeaf74e5.jpg,https://farm6.staticflickr.com/7219/7359157118_5928d1de09_o.jpg,https://www.flickr.com/photos/lar3/7359157118,https://creativecommons.org/licenses/by/2.0/,lar3,https://www.flickr.com/people/lar3/,Mel Ramos: Titleist Tisch & Emin Emma,,04070f999f7057e907365b9c28b02f2b9fb44a9e1e5850d241caa97c92d170b8
oi_test_a47b4f455f9ecfbf,train,positive,a47b4f455f9ecfbf,test,Open Images Dataset V7,https://storage.googleapis.com/openimages/web/index.html,https://s3.amazonaws.com/open-images-dataset/test/a47b4f455f9ecfbf.jpg,https://c8.staticflickr.com/4/3919/14881913861_a0241f6b1a_o.jpg,https://www.flickr.com/photos/automobileitalia/14881913861,https://creativecommons.org/licenses/by/2.0/,Automobile Italia,https://www.flickr.com/people/automobileitalia/,Automobili aerodinamiche come palline da golf!,,60185b1003e439025973f72c5778c2e42cf1fe895c5f6b4da963726fc13a4ace
oi_train_237e2601c1940e4b,train,positive,237e2601c1940e4b,train,Open Images Dataset V7,https://storage.googleapis.com/openimages/web/index.html,https://s3.amazonaws.com/open-images-dataset/train/237e2601c1940e4b.jpg,https://c4.staticflickr.com/4/3282/2632749365_24f46d7f70_o.jpg,https://www.flickr.com/photos/foxypar4/2632749365/,https://creativecommons.org/licenses/by/2.0/,John Haslam,https://www.flickr.com/people/foxypar4/,IMG_0374,,d51d43283f98b965b081ff65978d16d717efa9e2eb506867361dcfd3d5f30470
oi_train_292aa8c57d0c6fa7,train,positive,292aa8c57d0c6fa7,train,Open Images Dataset V7,https://storage.googleapis.com/openimages/web/index.html,https://s3.amazonaws.com/open-images-dataset/train/292aa8c57d0c6fa7.jpg,https://farm8.staticflickr.com/3130/2575081877_df7b2394ec_o.jpg,https://www.flickr.com/photos/golf_pictures/2575081877,https://creativecommons.org/licenses/by/2.0/,Dan Perry,https://www.flickr.com/people/golf_pictures/,"Cobi Pines Golf Club – Manistee, Michigan",,821455d9393aa1f6e90974c14189fc91af67c2892d30470adf7ceadb1147f002
oi_test_315c7b8439a8066d,train,positive,315c7b8439a8066d,test,Open Images Dataset V7,https://storage.googleapis.com/openimages/web/index.html,https://s3.amazonaws.com/open-images-dataset/test/315c7b8439a8066d.jpg,https://c6.staticflickr.com/3/2342/1519718167_4a486076f4_o.jpg,https://www.flickr.com/photos/dm-set/1519718167,https://creativecommons.org/licenses/by/2.0/,Sarah,https://www.flickr.com/people/dm-set/,P1020992,,e42a78e4b891111c743340a28f7a376069e3220182b96648919623bcacf2f9ac
oi_train_c03694fa8682ff10,train,positive,c03694fa8682ff10,train,Open Images Dataset V7,https://storage.googleapis.com/openimages/web/index.html,https://s3.amazonaws.com/open-images-dataset/train/c03694fa8682ff10.jpg,https://farm1.staticflickr.com/6075/6021936611_107022d2d6_o.jpg,https://www.flickr.com/photos/drivingthenortheast/6021936611,https://creativecommons.org/licenses/by/2.0/,DrivingtheNortheast,https://www.flickr.com/people/drivingthenortheast/,A sampling of muddy course balls,,690bce0bd6e58fd6067a7a8bf775f2029ff51e88f93296b6b4d628d5d2f00c29
oi_validation_93f294e322096053,train,positive,93f294e322096053,validation,Open Images Dataset V7,https://storage.googleapis.com/openimages/web/index.html,https://s3.amazonaws.com/open-images-dataset/validation/93f294e322096053.jpg,https://farm4.staticflickr.com/5308/5611379508_bff72ed848_o.jpg,https://www.flickr.com/photos/stephendotcarter/5611379508,https://creativecommons.org/licenses/by/2.0/,stephendotcarter,https://www.flickr.com/people/stephendotcarter/,Driving Range,,8a9319a8165348d71ca33472936b846f7b8a653803a37b5bd7dbe25499b39056
oi_train_2b90095ad1cbbc60,val,positive,2b90095ad1cbbc60,train,Open Images Dataset V7,https://storage.googleapis.com/openimages/web/index.html,https://s3.amazonaws.com/open-images-dataset/train/2b90095ad1cbbc60.jpg,https://farm1.staticflickr.com/3072/2862463746_70967c100f_o.jpg,https://www.flickr.com/photos/jacobms/2862463746/,https://creativecommons.org/licenses/by/2.0/,Jacob Munk-Stander,https://www.flickr.com/people/jacobms/,DSC_0072,,1629e2ccea98fb6a439561fa58cdaa9b5e704d6dedfd5910df4ccfdbfb823ad4
oi_train_02b06150cecf0da1,test,positive,02b06150cecf0da1,train,Open Images Dataset V7,https://storage.googleapis.com/openimages/web/index.html,https://s3.amazonaws.com/open-images-dataset/train/02b06150cecf0da1.jpg,https://farm2.staticflickr.com/3358/3212298918_d5b1fef840_o.jpg,https://www.flickr.com/photos/chrisamichaels/3212298918,https://creativecommons.org/licenses/by/2.0/,Chris Michaels,https://www.flickr.com/people/chrisamichaels/,IMG_0824,,d54890fc0d09c8c7ce71157304dfc6a18cdd565cf40f75db1598858ff0e1f43f
oi_train_141a1f221b28aee9,train,positive,141a1f221b28aee9,train,Open Images Dataset V7,https://storage.googleapis.com/openimages/web/index.html,https://s3.amazonaws.com/open-images-dataset/train/141a1f221b28aee9.jpg,https://c2.staticflickr.com/6/5538/12758043605_0f0e298afb_o.jpg,https://www.flickr.com/photos/kurbanowicz/12758043605,https://creativecommons.org/licenses/by/2.0/,Krzysztof Urbanowicz,https://www.flickr.com/people/kurbanowicz/,Urbanowicz_Krzysztof_GOLF,,39402977e4cec9fa669c242bc2e52d3dd893694a0a9ac6df1b6649776f0c461a
oi_validation_a996146a2cccb57c,train,positive,a996146a2cccb57c,validation,Open Images Dataset V7,https://storage.googleapis.com/openimages/web/index.html,https://s3.amazonaws.com/open-images-dataset/validation/a996146a2cccb57c.jpg,https://c5.staticflickr.com/6/5326/8934666010_c351ff7e82_o.jpg,https://www.flickr.com/photos/tourprogolfclubs/8934666010,https://creativecommons.org/licenses/by/2.0/,Tour Pro Golf Clubs,https://www.flickr.com/people/tourprogolfclubs/,Ernie Els,,93589bc595f830cf6ef5a7beeb94215c24f0d58788619140c9daddb352ad89ff
oi_train_0182cc36d01557dd,train,positive,0182cc36d01557dd,train,Open Images Dataset V7,https://storage.googleapis.com/openimages/web/index.html,https://s3.amazonaws.com/open-images-dataset/train/0182cc36d01557dd.jpg,https://c6.staticflickr.com/3/2621/3950520699_0690d67d21_o.jpg,https://www.flickr.com/photos/golf_pictures/3950520699,https://creativecommons.org/licenses/by/2.0/,Dan Perry,https://www.flickr.com/people/golf_pictures/,"Cog Hill Golf - Ravines Course, Lockport, IL",,2ae4791875fc2595c0ea93eca360735b3ac3e7a23ce7212d538821fab2da36e4
oi_train_cff65257f9f83734,train,positive,cff65257f9f83734,train,Open Images Dataset V7,https://storage.googleapis.com/openimages/web/index.html,https://s3.amazonaws.com/open-images-dataset/train/cff65257f9f83734.jpg,https://farm5.staticflickr.com/2910/14664216971_950e08a4f9_o.jpg,https://www.flickr.com/photos/nevillewootton/14664216971,https://creativecommons.org/licenses/by/2.0/,Neville Wootton,https://www.flickr.com/people/nevillewootton/,055 - Malcolm Swales,,f94922df2afe97a41113d561a6e5d942b408d9764a5f05271a9bbdc0de922228
oi_train_46513eeb882bb0f6,train,positive,46513eeb882bb0f6,train,Open Images Dataset V7,https://storage.googleapis.com/openimages/web/index.html,https://s3.amazonaws.com/open-images-dataset/train/46513eeb882bb0f6.jpg,https://farm7.staticflickr.com/8403/8805152342_604d3ef8fa_o.jpg,https://www.flickr.com/photos/redcrossggr/8805152342,https://creativecommons.org/licenses/by/2.0/,American Red Cross West Michigan Region,https://www.flickr.com/people/redcrossggr/,The Winning Trophy,,2dd5bb664fbf3ea53e52006974ec138a364c4fa8f9fbd800d94a2ee243212dc4
oi_train_3670542ebc63270b,val,positive,3670542ebc63270b,train,Open Images Dataset V7,https://storage.googleapis.com/openimages/web/index.html,https://s3.amazonaws.com/open-images-dataset/train/3670542ebc63270b.jpg,https://c4.staticflickr.com/4/3158/2575157213_d95c629118_o.jpg,https://www.flickr.com/photos/golf_pictures/2575157213,https://creativecommons.org/licenses/by/2.0/,Dan Perry,https://www.flickr.com/people/golf_pictures/,"Geneva National Golf Club, Lake Geneva, Wisconsin",,97c3d603f76017db3a541fd427b810a2c8fb95bb358b4c7c7571d86cd7865183
oi_train_b4628b57b4b9118f,train,positive,b4628b57b4b9118f,train,Open Images Dataset V7,https://storage.googleapis.com/openimages/web/index.html,https://s3.amazonaws.com/open-images-dataset/train/b4628b57b4b9118f.jpg,https://c8.staticflickr.com/4/3280/2575933924_e522479815_o.jpg,https://www.flickr.com/photos/golf_pictures/2575933924,https://creativecommons.org/licenses/by/2.0/,Dan Perry,https://www.flickr.com/people/golf_pictures/,"Galena Golf Club, Galena, Illinois",,3fecd7953bf21e98e803b383448e0af37c0a42577c76ded6ff1ab0aeeb5a8529
oi_train_bf2e2df148392338,train,positive,bf2e2df148392338,train,Open Images Dataset V7,https://storage.googleapis.com/openimages/web/index.html,https://s3.amazonaws.com/open-images-dataset/train/bf2e2df148392338.jpg,https://c1.staticflickr.com/3/2242/2306556253_bd053a2f1e_o.jpg,https://www.flickr.com/photos/farhan/2306556253,https://creativecommons.org/licenses/by/2.0/,Farhan Chawla,https://www.flickr.com/people/farhan/,targetting,,5fe7c05ecf9c91788a3d630b3732b523a5cdfbd4b3c42db351919917ae0ce8e7
oi_train_bc4271412ca476a9,train,positive,bc4271412ca476a9,train,Open Images Dataset V7,https://storage.googleapis.com/openimages/web/index.html,https://s3.amazonaws.com/open-images-dataset/train/bc4271412ca476a9.jpg,https://c2.staticflickr.com/4/3020/2575138327_e67c7116b2_o.jpg,https://www.flickr.com/photos/golf_pictures/2575138327,https://creativecommons.org/licenses/by/2.0/,Dan Perry,https://www.flickr.com/people/golf_pictures/,"Fox Run Golf Links, Elk Grove Village, Illinois",,89138071c824840a9a59bdf6ac96beeaa41c85b408bd740b66f0351410e6c3d4
oi_train_9c08de6658d268e0,train,positive,9c08de6658d268e0,train,Open Images Dataset V7,https://storage.googleapis.com/openimages/web/index.html,https://s3.amazonaws.com/open-images-dataset/train/9c08de6658d268e0.jpg,https://farm1.staticflickr.com/5337/9405055359_48c4b3c9c9_o.jpg,https://www.flickr.com/photos/nevillewootton/9405055359,https://creativecommons.org/licenses/by/2.0/,Neville Wootton,https://www.flickr.com/people/nevillewootton/,007 - Mark Cottingham putting out on 18,,2f848d547c418fbad85ced4a6b92709df746acaa8e3575826b20d3608754d182
oi_train_6033a8e7f12ce107,train,positive,6033a8e7f12ce107,train,Open Images Dataset V7,https://storage.googleapis.com/openimages/web/index.html,https://s3.amazonaws.com/open-images-dataset/train/6033a8e7f12ce107.jpg,https://farm8.staticflickr.com/388/19850298301_cb4a24d71e_o.jpg,https://www.flickr.com/photos/bradfordcoy/19850298301,https://creativecommons.org/licenses/by/2.0/,Brad Coy,https://www.flickr.com/people/bradfordcoy/,IMG_3799,,25aac350713ee2e2cc1c9e3323e787879d7dfa40b041855da27a2f9bb6b1b5fc
oi_train_3a661e15bd595480,train,positive,3a661e15bd595480,train,Open Images Dataset V7,https://storage.googleapis.com/openimages/web/index.html,https://s3.amazonaws.com/open-images-dataset/train/3a661e15bd595480.jpg,https://farm1.staticflickr.com/4002/4649911172_e528441266_o.jpg,https://www.flickr.com/photos/nycmarines/4649911172,https://creativecommons.org/licenses/by/2.0/,MarineCorps NewYork,https://www.flickr.com/people/nycmarines/,EAGLE OAKS  - Fleet Week 2010,,18eaaba14558cc60ad52b9d49e4dc2bcf71f9f492d6f69809ff594b3187f111e
oi_test_188fcb471d077f6b,val,positive,188fcb471d077f6b,test,Open Images Dataset V7,https://storage.googleapis.com/openimages/web/index.html,https://s3.amazonaws.com/open-images-dataset/test/188fcb471d077f6b.jpg,https://c4.staticflickr.com/4/3345/3266402783_f9ce95e912_o.jpg,https://www.flickr.com/photos/mbosio/3266402783,https://creativecommons.org/licenses/by/2.0/,Max Bosio,https://www.flickr.com/people/mbosio/,Jugadores,,5d44acfff5e4e767665702c7fafe88090196b44e798737f34bba98609fc2e56e
oi_train_00114337b89792cc,train,positive,00114337b89792cc,train,Open Images Dataset V7,https://storage.googleapis.com/openimages/web/index.html,https://s3.amazonaws.com/open-images-dataset/train/00114337b89792cc.jpg,https://c5.staticflickr.com/4/3872/14663996481_6e3c61a852_o.jpg,https://www.flickr.com/photos/nevillewootton/14663996481,https://creativecommons.org/licenses/by/2.0/,Neville Wootton,https://www.flickr.com/people/nevillewootton/,015 - Kevin Whiteley,,c10af7313391276a9f9addc0e466c164349e9f19cf59be56ec1cf4df1313b587
oi_train_14b275ce5708cd0a,train,positive,14b275ce5708cd0a,train,Open Images Dataset V7,https://storage.googleapis.com/openimages/web/index.html,https://s3.amazonaws.com/open-images-dataset/train/14b275ce5708cd0a.jpg,https://c3.staticflickr.com/8/7234/7121751897_7815e78466_o.jpg,https://www.flickr.com/photos/76402530@N08/7121751897,https://creativecommons.org/licenses/by/2.0/,Marco,https://www.flickr.com/people/76402530@N08/,Nikon 1 J1 Macro Golfball Snapseed,,76f06ab9206992c93c8b2321c332789bca1cb863267f032c29789346cfbd8ccd
oi_train_76a957e5d9ab2aa3,train,positive,76a957e5d9ab2aa3,train,Open Images Dataset V7,https://storage.googleapis.com/openimages/web/index.html,https://s3.amazonaws.com/open-images-dataset/train/76a957e5d9ab2aa3.jpg,https://farm4.staticflickr.com/8324/8434883946_25e94c90f9_o.jpg,https://www.flickr.com/photos/raysawhill/8434883946,https://creativecommons.org/licenses/by/2.0/,Ray Sawhill,https://www.flickr.com/people/raysawhill/,"Not an egg, a ball",,5e972258eb6713083e1b8159a2143bf987fb517dda5b23a80a3935fce156a551
oi_train_8093b2dc0e9e7edf,train,positive,8093b2dc0e9e7edf,train,Open Images Dataset V7,https://storage.googleapis.com/openimages/web/index.html,https://s3.amazonaws.com/open-images-dataset/train/8093b2dc0e9e7edf.jpg,https://c8.staticflickr.com/4/3181/2575981326_7394719fe2_o.jpg,https://www.flickr.com/photos/golf_pictures/2575981326,https://creativecommons.org/licenses/by/2.0/,Dan Perry,https://www.flickr.com/people/golf_pictures/,"Arcadia Bluffs Golf Course, Arcadia, Michigan",,5e2b27fdc1614edde3d1ba7a4a260e732fba6659d7c84dfc874f835f5f86e7ac
oi_train_758ba93fed7fedd4,train,positive,758ba93fed7fedd4,train,Open Images Dataset V7,https://storage.googleapis.com/openimages/web/index.html,https://s3.amazonaws.com/open-images-dataset/train/758ba93fed7fedd4.jpg,https://farm5.staticflickr.com/3152/2575937708_8bef18d066_o.jpg,https://www.flickr.com/photos/golf_pictures/2575937708,https://creativecommons.org/licenses/by/2.0/,Dan Perry,https://www.flickr.com/people/golf_pictures/,"The General at Eagle Ridge, Galena, Illinois",,74b04f9f73b1ceb62f50ab71212dc40b4ff3040e61d56a13fcb0f70251e0cde0
oi_train_ae88a55e9a3f0f91,train,positive,ae88a55e9a3f0f91,train,Open Images Dataset V7,https://storage.googleapis.com/openimages/web/index.html,https://s3.amazonaws.com/open-images-dataset/train/ae88a55e9a3f0f91.jpg,https://farm2.staticflickr.com/2531/3911040904_ab75cef40c_o.jpg,https://www.flickr.com/photos/slemmon/3911040904,https://creativecommons.org/licenses/by/2.0/,Seth Lemmons,https://www.flickr.com/people/slemmon/,09-June_qwest_golf_tournament_0022,,ccd68af71cdad93b81ce027e0c32f05e04f67f9e7c1bbb9a6c3f67f1cbae62da
oi_validation_a8a996bf104c0502,train,positive,a8a996bf104c0502,validation,Open Images Dataset V7,https://storage.googleapis.com/openimages/web/index.html,https://s3.amazonaws.com/open-images-dataset/validation/a8a996bf104c0502.jpg,https://farm3.staticflickr.com/5265/5577977509_be56812129_o.jpg,https://www.flickr.com/photos/larrison/5577977509,https://creativecommons.org/licenses/by/2.0/,Jim Larrison,https://www.flickr.com/people/larrison/,Papa Teaching Golf to Stryde,,7b5fd5bdb9134411387dd2cd4daf9c6f28bbc952187125daac391ef4f551fadc
oi_train_bcfd8f3b693160e7,train,positive,bcfd8f3b693160e7,train,Open Images Dataset V7,https://storage.googleapis.com/openimages/web/index.html,https://s3.amazonaws.com/open-images-dataset/train/bcfd8f3b693160e7.jpg,https://farm8.staticflickr.com/2275/2575090999_2c968a6276_o.jpg,https://www.flickr.com/photos/golf_pictures/2575090999,https://creativecommons.org/licenses/by/2.0/,Dan Perry,https://www.flickr.com/people/golf_pictures/,"Chateau Elan Golf Club, Braselton, Georgia",,dff0fba4b98434cc3135a13d86fff6050d531547df97d7e16b44b3505af2de89
oi_train_4d539c814c05f467,val,positive,4d539c814c05f467,train,Open Images Dataset V7,https://storage.googleapis.com/openimages/web/index.html,https://s3.amazonaws.com/open-images-dataset/train/4d539c814c05f467.jpg,https://farm8.staticflickr.com/3261/2575126969_3d43c1cc2f_o.jpg,https://www.flickr.com/photos/golf_pictures/2575126969,https://creativecommons.org/licenses/by/2.0/,Dan Perry,https://www.flickr.com/people/golf_pictures/,"The Glen Club, Glenview, Illinois",,1b76e2f7f3db96de54b424dd8096b5fb37bcdfba324d2e5438bded70ef2783b8
oi_train_a1242b5d430fcf3c,train,positive,a1242b5d430fcf3c,train,Open Images Dataset V7,https://storage.googleapis.com/openimages/web/index.html,https://s3.amazonaws.com/open-images-dataset/train/a1242b5d430fcf3c.jpg,https://c5.staticflickr.com/9/8494/8324613997_20f6d87a60_o.jpg,https://www.flickr.com/photos/dr_po/8324613997,https://creativecommons.org/licenses/by/2.0/,P.O. Arnäs,https://www.flickr.com/people/dr_po/,Jonathan spelar sin första runda p...,,301aac475cb552b09d6a61b751bb9c2469538e40355989f36436983bde088ca2
oi_test_cee06f136258d4eb,train,positive,cee06f136258d4eb,test,Open Images Dataset V7,https://storage.googleapis.com/openimages/web/index.html,https://s3.amazonaws.com/open-images-dataset/test/cee06f136258d4eb.jpg,https://c4.staticflickr.com/6/5213/5519798905_05c8e4b45d_o.jpg,https://www.flickr.com/photos/aheram/5519798905,https://creativecommons.org/licenses/by/2.0/,Jayel Aheram,https://www.flickr.com/people/aheram/,Tom Sizemore on the Fairway,,3dde1c251dd5e7a670960f602a4da70e5d8285d5c5b19ac42b60b70408838751
oi_train_d126b76a8cc34084,test,positive,d126b76a8cc34084,train,Open Images Dataset V7,https://storage.googleapis.com/openimages/web/index.html,https://s3.amazonaws.com/open-images-dataset/train/d126b76a8cc34084.jpg,https://farm5.staticflickr.com/3689/9407863372_c334b84a0d_o.jpg,https://www.flickr.com/photos/nevillewootton/9407863372,https://creativecommons.org/licenses/by/2.0/,Neville Wootton,https://www.flickr.com/people/nevillewootton/,044 - Sammie Giles eyes up her birdie putt,,8bf4ea7771c4cce9750168193e156fd272eb6a234aee917fad3e50b7d16a37f6
oi_test_e03621a07ff6a5f5,train,positive,e03621a07ff6a5f5,test,Open Images Dataset V7,https://storage.googleapis.com/openimages/web/index.html,https://s3.amazonaws.com/open-images-dataset/test/e03621a07ff6a5f5.jpg,https://farm6.staticflickr.com/8578/16651712759_f5998974e9_o.jpg,https://www.flickr.com/photos/portofsandiego/16651712759,https://creativecommons.org/licenses/by/2.0/,Port of San Diego,https://www.flickr.com/people/portofsandiego/,lane field opening_24,,16aa34bc55f772b46d475b99c916d5f3dcd20d523cb44639fd2c8bf063d72a62
oi_train_8416e6f7dca19a2c,train,positive,8416e6f7dca19a2c,train,Open Images Dataset V7,https://storage.googleapis.com/openimages/web/index.html,https://s3.amazonaws.com/open-images-dataset/train/8416e6f7dca19a2c.jpg,https://c5.staticflickr.com/1/21/33916953_41f09ab9b6_o.jpg,https://www.flickr.com/photos/cappellmeister/33916953,https://creativecommons.org/licenses/by/2.0/,Andreas Cappell,https://www.flickr.com/people/cappellmeister/,Golfcup2005_00157,,918c50b3a44b1e09ff20ea5b99d3be98e380351cfa0df7c76f5619761f2372fd
oi_train_3d3e0054bca15961,train,positive,3d3e0054bca15961,train,Open Images Dataset V7,https://storage.googleapis.com/openimages/web/index.html,https://s3.amazonaws.com/open-images-dataset/train/3d3e0054bca15961.jpg,https://farm2.staticflickr.com/3139/2575102085_bf18324d54_o.jpg,https://www.flickr.com/photos/golf_pictures/2575102085,https://creativecommons.org/licenses/by/2.0/,Dan Perry,https://www.flickr.com/people/golf_pictures/,"MidPines, Southern Pines, North Carolina",,34cfe8c47b5560797ac3861f636505eed40c5252ab83229fca1ba0a270d4846e
oi_train_6e7f37aa99d82541,test,positive,6e7f37aa99d82541,train,Open Images Dataset V7,https://storage.googleapis.com/openimages/web/index.html,https://s3.amazonaws.com/open-images-dataset/train/6e7f37aa99d82541.jpg,https://c6.staticflickr.com/4/3754/9373740562_65e4fb4791_o.jpg,https://www.flickr.com/photos/nevillewootton/9373740562,https://creativecommons.org/licenses/by/2.0/,Neville Wootton,https://www.flickr.com/people/nevillewootton/,025 - Megan Giles on the 17th,,dc28841a9c8466568b91beffc41169a328a7e635778eaa59e1f302a36529b679
oi_train_7f942f2e4a40e73a,train,positive,7f942f2e4a40e73a,train,Open Images Dataset V7,https://storage.googleapis.com/openimages/web/index.html,https://s3.amazonaws.com/open-images-dataset/train/7f942f2e4a40e73a.jpg,https://c3.staticflickr.com/5/4037/4627397535_b490e870a7_o.jpg,https://www.flickr.com/photos/robertmontalvo/4627397535,https://creativecommons.org/licenses/by/2.0/,Robert,https://www.flickr.com/people/robertmontalvo/,Tee It Up,,a9aee0d7887c03797244a1d97fc284f58068d64277867d3960cec0d0d97c7fb8
oi_train_1a02e14524a9e012,train,positive,1a02e14524a9e012,train,Open Images Dataset V7,https://storage.googleapis.com/openimages/web/index.html,https://s3.amazonaws.com/open-images-dataset/train/1a02e14524a9e012.jpg,https://farm3.staticflickr.com/162/414999353_3a53e2e592_o.jpg,https://www.flickr.com/photos/foxypar4/414999353/,https://creativecommons.org/licenses/by/2.0/,John Haslam,https://www.flickr.com/people/foxypar4/,IMG_3222,,3764ebc643cd66085cc6ec14a4278e67d8053dc67c0cc9d747fdb77db877afc7
oi_train_0e387d267834ec5e,train,positive,0e387d267834ec5e,train,Open Images Dataset V7,https://storage.googleapis.com/openimages/web/index.html,https://s3.amazonaws.com/open-images-dataset/train/0e387d267834ec5e.jpg,https://c7.staticflickr.com/6/5530/14468019903_7becc41f38_o.jpg,https://www.flickr.com/photos/michaelrjohnson/14468019903,https://creativecommons.org/licenses/by/2.0/,Michael R. Johnson,https://www.flickr.com/people/michaelrjohnson/,Untitled,,14ec4d7fdf10c724208096cc7d0467b23d622deb57a695752ad3acafc6ca2436
oi_test_cdb955188a600a9f,train,positive,cdb955188a600a9f,test,Open Images Dataset V7,https://storage.googleapis.com/openimages/web/index.html,https://s3.amazonaws.com/open-images-dataset/test/cdb955188a600a9f.jpg,https://c8.staticflickr.com/6/5042/5243363359_b63c4219fc_o.jpg,https://www.flickr.com/photos/afrikaforce/5243363359,https://creativecommons.org/licenses/by/2.0/,Afrika Force,https://www.flickr.com/people/afrikaforce/,"Putt-Putt, Bangui style - SA Army Base",,a20b33620fedac15dc604395335c4ff64e517d2b04831a150a04d99787232fad
oi_test_d88ed84690dc3b00,train,positive,d88ed84690dc3b00,test,Open Images Dataset V7,https://storage.googleapis.com/openimages/web/index.html,https://s3.amazonaws.com/open-images-dataset/test/d88ed84690dc3b00.jpg,https://farm1.staticflickr.com/2807/9785852642_710ddc8194_o.jpg,https://www.flickr.com/photos/manoftaste-de/9785852642,https://creativecommons.org/licenses/by/2.0/,Christian Schnettelker,https://www.flickr.com/people/manoftaste-de/,Golf,,cd1182292d95cc7cf98df5c40abbb1c55521d58852203dc1bb24791bd8389e0a
oi_train_2c849026607ec296,train,positive,2c849026607ec296,train,Open Images Dataset V7,https://storage.googleapis.com/openimages/web/index.html,https://s3.amazonaws.com/open-images-dataset/train/2c849026607ec296.jpg,https://farm7.staticflickr.com/3109/2575941086_058c8d475c_o.jpg,https://www.flickr.com/photos/golf_pictures/2575941086,https://creativecommons.org/licenses/by/2.0/,Dan Perry,https://www.flickr.com/people/golf_pictures/,"Kemper Lakes Golf Club, Kildeer, Illinois",,e9f14fd96f7875ac3d15f083a319c66650c6f0c0d3d7aa6789262099298f95fc
oi_train_8ef539984a04cf01,train,positive,8ef539984a04cf01,train,Open Images Dataset V7,https://storage.googleapis.com/openimages/web/index.html,https://s3.amazonaws.com/open-images-dataset/train/8ef539984a04cf01.jpg,https://farm2.staticflickr.com/3112/2575980306_cb1632b27a_o.jpg,https://www.flickr.com/photos/golf_pictures/2575980306,https://creativecommons.org/licenses/by/2.0/,Dan Perry,https://www.flickr.com/people/golf_pictures/,"Bay Harbor Golf Club, Bay Harbor, Michigan",,44e2a38b4408d06a08ad24dcaaa3485c15527e607bed8fa04c1d29d6439a4b5b
oi_train_6ced8d90b264f0ac,train,positive,6ced8d90b264f0ac,train,Open Images Dataset V7,https://storage.googleapis.com/openimages/web/index.html,https://s3.amazonaws.com/open-images-dataset/train/6ced8d90b264f0ac.jpg,https://c5.staticflickr.com/8/7187/6944568727_a2b7b943a7_o.jpg,https://www.flickr.com/photos/visitcentralflorida/6944568727,https://creativecommons.org/licenses/by/2.0/,Catch Central Florida,https://www.flickr.com/people/visitcentralflorida/,Bill Tinsley from the fairway,,2bdeec7beb289567fe88491850d99cd2dca9ccfcf1200593cf70272bac180b9c
oi_train_0ddfe40f536046f2,train,positive,0ddfe40f536046f2,train,Open Images Dataset V7,https://storage.googleapis.com/openimages/web/index.html,https://s3.amazonaws.com/open-images-dataset/train/0ddfe40f536046f2.jpg,https://farm3.staticflickr.com/3801/9204502186_b6114eed4a_o.jpg,https://www.flickr.com/photos/ufv/9204502186,https://creativecommons.org/licenses/by/2.0/,University of the Fraser Valley,https://www.flickr.com/people/ufv/,UFV golf pro-am 2013 77,,bf2de12a091d097be8e04b1b40eb4cf676249e7bd59a649f389e02fdf24fb7d6
oi_train_134b18b704284431,train,positive,134b18b704284431,train,Open Images Dataset V7,https://storage.googleapis.com/openimages/web/index.html,https://s3.amazonaws.com/open-images-dataset/train/134b18b704284431.jpg,https://farm2.staticflickr.com/6039/6310789251_a9615cb82a_o.jpg,https://www.flickr.com/photos/jon-clark/6310789251,https://creativecommons.org/licenses/by/2.0/,Jon Lee Clark,https://www.flickr.com/people/jon-clark/,Coronado Golf Course - California,,e0feb883150748fbbeda2bb45aa3fdb8ddcc937db294687f3b7cb053ec21fbe7
oi_train_03a59eb2b6d85cd4,val,positive,03a59eb2b6d85cd4,train,Open Images Dataset V7,https://storage.googleapis.com/openimages/web/index.html,https://s3.amazonaws.com/open-images-dataset/train/03a59eb2b6d85cd4.jpg,https://farm5.staticflickr.com/3115/2658278468_74faf5fab0_o.jpg,https://www.flickr.com/photos/foxypar4/2658278468,https://creativecommons.org/licenses/by/2.0/,John Haslam,https://www.flickr.com/people/foxypar4/,"Scott Verplank - Royal Dornoch Golf Club, 10 July 2008",,cd6e412abb1c95a69c50c3ac1717c572faf9eb846929b63e637bf9ee44b2e5db
oi_train_5f05f789171b3688,test,positive,5f05f789171b3688,train,Open Images Dataset V7,https://storage.googleapis.com/openimages/web/index.html,https://s3.amazonaws.com/open-images-dataset/train/5f05f789171b3688.jpg,https://c1.staticflickr.com/6/5527/9076380182_0bc1808541_o.jpg,https://www.flickr.com/photos/97095120@N06/9076380182,https://creativecommons.org/licenses/by/2.0/,Special Olympics Connaught,https://www.flickr.com/people/97095120@N06/,Pitch and Putt Regionals 2013,,6e19107f60fd115f293b99a0be52bc0206eb76f115a75dba1fd6bed69302f798
oi_train_2738a0140d58ef9d,train,positive,2738a0140d58ef9d,train,Open Images Dataset V7,https://storage.googleapis.com/openimages/web/index.html,https://s3.amazonaws.com/open-images-dataset/train/2738a0140d58ef9d.jpg,https://c6.staticflickr.com/4/3075/2575154021_d75b38fe0e_o.jpg,https://www.flickr.com/photos/golf_pictures/2575154021,https://creativecommons.org/licenses/by/2.0/,Dan Perry,https://www.flickr.com/people/golf_pictures/,"The Heather Course, Boyne Highlands, Michigan",,3b1e204acd8b40f6bf8c8f6b76bf0408a6f2fde61f1d51d1fce24fe6cda50517
oi_test_9cc5988498c192d5,test,positive,9cc5988498c192d5,test,Open Images Dataset V7,https://storage.googleapis.com/openimages/web/index.html,https://s3.amazonaws.com/open-images-dataset/test/9cc5988498c192d5.jpg,https://farm6.staticflickr.com/8226/8499977611_d4800dfd59_o.jpg,https://www.flickr.com/photos/fourteen85/8499977611,https://creativecommons.org/licenses/by/2.0/,Charles Sollars,https://www.flickr.com/people/fourteen85/,NCA_2998,,5a71aa2ee350df774653025725b81eff22b3513825c861382008f3fcba53870f
oi_train_6152b48ad332c98e,val,positive,6152b48ad332c98e,train,Open Images Dataset V7,https://storage.googleapis.com/openimages/web/index.html,https://s3.amazonaws.com/open-images-dataset/train/6152b48ad332c98e.jpg,https://c7.staticflickr.com/9/8011/7317437668_c1ea6d9b05_o.jpg,https://www.flickr.com/photos/aphid00/7317437668,https://creativecommons.org/licenses/by/2.0/,Dave Sizer,https://www.flickr.com/people/aphid00/,About to get busy,,156e1f7fb0376abb8d817c205d0ba53e4ceb9bc2e8b2a13bbd83315527b87434
oi_train_b11048ea35c5f803,test,positive,b11048ea35c5f803,train,Open Images Dataset V7,https://storage.googleapis.com/openimages/web/index.html,https://s3.amazonaws.com/open-images-dataset/train/b11048ea35c5f803.jpg,https://farm4.staticflickr.com/5004/5370269417_088070fdfc_o.jpg,https://www.flickr.com/photos/uncloned/5370269417,https://creativecommons.org/licenses/by/2.0/,Tobias Scheck,https://www.flickr.com/people/uncloned/,golfball,,c8abdf6ed5a4a594425f7c138562bf950e2e12d5e6282f742ce70e3f5cc4a662
oi_train_63d966cdf8e25f0f,train,positive,63d966cdf8e25f0f,train,Open Images Dataset V7,https://storage.googleapis.com/openimages/web/index.html,https://s3.amazonaws.com/open-images-dataset/train/63d966cdf8e25f0f.jpg,https://c8.staticflickr.com/4/3240/2911290093_aa45fc9b20_o.jpg,https://www.flickr.com/photos/ian_d/2911290093,https://creativecommons.org/licenses/by/2.0/,Ian Dick,https://www.flickr.com/people/ian_d/,Robert,,96e388cf2f2db9721918056a153c98e73e83879ced862507cd7a807d05661c82
oi_train_ff6036e6771c1e20,train,positive,ff6036e6771c1e20,train,Open Images Dataset V7,https://storage.googleapis.com/openimages/web/index.html,https://s3.amazonaws.com/open-images-dataset/train/ff6036e6771c1e20.jpg,https://farm1.staticflickr.com/28/65456553_9557cd55fd_o.jpg,https://www.flickr.com/photos/dwz/65456553,https://creativecommons.org/licenses/by/2.0/,Alan Isherwood,https://www.flickr.com/people/dwz/,DSC00286,,27cc4727b023a6cf83925abee0b7129ec2648579304cff5ca4ecea2ed054caf5
oi_train_41822d15087b5ecf,train,positive,41822d15087b5ecf,train,Open Images Dataset V7,https://storage.googleapis.com/openimages/web/index.html,https://s3.amazonaws.com/open-images-dataset/train/41822d15087b5ecf.jpg,https://c8.staticflickr.com/4/3109/2575147095_9e942556ee_o.jpg,https://www.flickr.com/photos/golf_pictures/2575147095,https://creativecommons.org/licenses/by/2.0/,Dan Perry,https://www.flickr.com/people/golf_pictures/,"Sandpiper Golf Club, Santa Barbara, California",,767db049082965b3bbd7f16be16461aec6f85f1e9285783db12a2d4ef2bc8a9a
oi_train_0d4176f2f6bc151e,train,positive,0d4176f2f6bc151e,train,Open Images Dataset V7,https://storage.googleapis.com/openimages/web/index.html,https://s3.amazonaws.com/open-images-dataset/train/0d4176f2f6bc151e.jpg,https://c7.staticflickr.com/5/4072/4539207699_5315b035d9_o.jpg,https://www.flickr.com/photos/scubabix/4539207699,https://creativecommons.org/licenses/by/2.0/,Rob Bixby,https://www.flickr.com/people/scubabix/,JIAMC-Golf_4-12-10-6334,,f24acd017c2ac563c3a4532b448fb3eaa43297388da6af2349192341788fe5b7
oi_train_0624faefc3360802,test,positive,0624faefc3360802,train,Open Images Dataset V7,https://storage.googleapis.com/openimages/web/index.html,https://s3.amazonaws.com/open-images-dataset/train/0624faefc3360802.jpg,https://farm3.staticflickr.com/43/123987461_c4b4b3bb99_o.jpg,https://www.flickr.com/photos/jurvetson/123987461,https://creativecommons.org/licenses/by/2.0/,Steve Jurvetson,https://www.flickr.com/people/jurvetson/,Donald Duffs,,92aa5c7126b34e274371e5ab245a3658fd1af557edc7edecaa155f6e34f231ac
oi_test_2c1cc70dbaf5416c,train,positive,2c1cc70dbaf5416c,test,Open Images Dataset V7,https://storage.googleapis.com/openimages/web/index.html,https://s3.amazonaws.com/open-images-dataset/test/2c1cc70dbaf5416c.jpg,https://c5.staticflickr.com/4/3123/2679105395_18b7566d1b_o.jpg,https://www.flickr.com/photos/pagedooley/2679105395,https://creativecommons.org/licenses/by/2.0/,Kevin Dooley,https://www.flickr.com/people/pagedooley/,Nice shot Dan!,,358ea01ab33f58ed5af8bef71b2a2ff32f7ddcfd52811130e7b269676ecff30b
oi_train_db464c1bfc7e257d,test,positive,db464c1bfc7e257d,train,Open Images Dataset V7,https://storage.googleapis.com/openimages/web/index.html,https://s3.amazonaws.com/open-images-dataset/train/db464c1bfc7e257d.jpg,https://c6.staticflickr.com/8/7587/16846003472_bc89c767fd_o.jpg,https://www.flickr.com/photos/46244456@N02/16846003472,https://creativecommons.org/licenses/by/2.0/,kyle post,https://www.flickr.com/people/46244456@N02/,First time golfing in 3 years and I chipped one in for a birdie! Don't ask about the rest of my score though...,,b31ccd17794ef92b92d1ddcbb0f15e8cf7ea5a28a2985f9b43b5e89a55a7e3ff
oi_train_84e986f09d114f9e,train,positive,84e986f09d114f9e,train,Open Images Dataset V7,https://storage.googleapis.com/openimages/web/index.html,https://s3.amazonaws.com/open-images-dataset/train/84e986f09d114f9e.jpg,https://c7.staticflickr.com/6/5161/5729850729_b5863c2557_o.jpg,https://www.flickr.com/photos/northcentralcollege/5729850729,https://creativecommons.org/licenses/by/2.0/,North Central College,https://www.flickr.com/people/northcentralcollege/,20110511 NCAA Division III Women's Golf Championship - NCC (116),,47f8a0f8db3381d79c3c54f8d7c425cc309419b52b8ad97aa66fdc4c258e6a96
oi_train_0e06a9908e559975,train,positive,0e06a9908e559975,train,Open Images Dataset V7,https://storage.googleapis.com/openimages/web/index.html,https://s3.amazonaws.com/open-images-dataset/train/0e06a9908e559975.jpg,https://farm6.staticflickr.com/3148/2575162605_645d4a5b6a_o.jpg,https://www.flickr.com/photos/golf_pictures/2575162605,https://creativecommons.org/licenses/by/2.0/,Dan Perry,https://www.flickr.com/people/golf_pictures/,"Raptor Bay Golf Club, Bonita Springs, Florida",,b05ad1a1218d25e2a528ea50f5b17eb27565712e4a0104ffb3aecf75ce792bb9
oi_train_67c978de2543e3f3,train,positive,67c978de2543e3f3,train,Open Images Dataset V7,https://storage.googleapis.com/openimages/web/index.html,https://s3.amazonaws.com/open-images-dataset/train/67c978de2543e3f3.jpg,https://farm4.staticflickr.com/5460/9369356662_7e6b9eb9cd_o.jpg,https://www.flickr.com/photos/nevillewootton/9369356662,https://creativecommons.org/licenses/by/2.0/,Neville Wootton,https://www.flickr.com/people/nevillewootton/,029 - Alex Glasson,,c656632deda726e260638171e614f2101aab0b4c465998e69a7ff0264db63136
oi_train_0c9c99742ec1662d,train,positive,0c9c99742ec1662d,train,Open Images Dataset V7,https://storage.googleapis.com/openimages/web/index.html,https://s3.amazonaws.com/open-images-dataset/train/0c9c99742ec1662d.jpg,https://c6.staticflickr.com/6/5329/9381955041_10c35a31bc_o.jpg,https://www.flickr.com/photos/aukirk/9381955041,https://creativecommons.org/licenses/by/2.0/,Austin Kirk,https://www.flickr.com/people/aukirk/,Flickr Mini-Golf,,93392b18b36f19fb1d15f044ba120f5d0fee2c9936fbe31c2c4bf9d09c9f4c99
oi_train_a1cf85414e298a96,train,positive,a1cf85414e298a96,train,Open Images Dataset V7,https://storage.googleapis.com/openimages/web/index.html,https://s3.amazonaws.com/open-images-dataset/train/a1cf85414e298a96.jpg,https://farm7.staticflickr.com/5474/14480738677_03f31f5739_o.jpg,https://www.flickr.com/photos/nevillewootton/14480738677,https://creativecommons.org/licenses/by/2.0/,Neville Wootton,https://www.flickr.com/people/nevillewootton/,013 - Steve Saunders,,4c855f0e0da14d082dd04d062e9636911edeefed16abc53f6662c656465df302
oi_train_36557d9359eec1ea,train,positive,36557d9359eec1ea,train,Open Images Dataset V7,https://storage.googleapis.com/openimages/web/index.html,https://s3.amazonaws.com/open-images-dataset/train/36557d9359eec1ea.jpg,https://c3.staticflickr.com/4/3003/2575085041_2d03a4cf80_o.jpg,https://www.flickr.com/photos/golf_pictures/2575085041,https://creativecommons.org/licenses/by/2.0/,Dan Perry,https://www.flickr.com/people/golf_pictures/,"King’s Challenge, Cedar, Michigan",,1e1972d991c57eb5133ea410ae0d2c54b3e63c86bf457d3e9337ac32864fa485
oi_test_edd561e5a60e2fcc,test,positive,edd561e5a60e2fcc,test,Open Images Dataset V7,https://storage.googleapis.com/openimages/web/index.html,https://s3.amazonaws.com/open-images-dataset/test/edd561e5a60e2fcc.jpg,https://c5.staticflickr.com/5/4046/4523198680_372472cb89_o.jpg,https://www.flickr.com/photos/alisdair/4523198680,https://creativecommons.org/licenses/by/2.0/,alisdair,https://www.flickr.com/people/alisdair/,Slam dunk,,c9fa3ded5fd9ef13ee241de63e5b9e58347fb5a661f3b680e42643d371fb0098
oi_train_17deb9c171642569,train,positive,17deb9c171642569,train,Open Images Dataset V7,https://storage.googleapis.com/openimages/web/index.html,https://s3.amazonaws.com/open-images-dataset/train/17deb9c171642569.jpg,https://c2.staticflickr.com/4/3841/14660394606_113aaa46a4_o.jpg,https://www.flickr.com/photos/nevillewootton/14660394606,https://creativecommons.org/licenses/by/2.0/,Neville Wootton,https://www.flickr.com/people/nevillewootton/,052 - Phillippa Bown,,cf8fc15ddb9abb42ae44b4cfc06d832220a252af92d53dc287016dd39d612935
oi_train_34b9204680264c6f,train,positive,34b9204680264c6f,train,Open Images Dataset V7,https://storage.googleapis.com/openimages/web/index.html,https://s3.amazonaws.com/open-images-dataset/train/34b9204680264c6f.jpg,https://c8.staticflickr.com/5/4014/4687362462_9b5236fbc4_o.jpg,https://www.flickr.com/photos/drewcoffman/4687362462,https://creativecommons.org/licenses/by/2.0/,Drew Coffman,https://www.flickr.com/people/drewcoffman/,Orange Shoes,,ed15886a7fc5c56ad14c2b0e8b9ef95671c3ef587ba0cd3ee5f836ed9c32da5a
oi_test_316af044aec03d7a,train,positive,316af044aec03d7a,test,Open Images Dataset V7,https://storage.googleapis.com/openimages/web/index.html,https://s3.amazonaws.com/open-images-dataset/test/316af044aec03d7a.jpg,https://c3.staticflickr.com/4/3391/4643190788_0a422c9d33_o.jpg,https://www.flickr.com/photos/shawnzam/4643190788,https://creativecommons.org/licenses/by/2.0/,Shawn Zamechek,https://www.flickr.com/people/shawnzam/,marco,,feec3fc49a155a3ab6868f42f79e7aeb8fa9ea86e58d0913943bebafcb4b623e
oi_test_af29ecf67c997dd3,train,positive,af29ecf67c997dd3,test,Open Images Dataset V7,https://storage.googleapis.com/openimages/web/index.html,https://s3.amazonaws.com/open-images-dataset/test/af29ecf67c997dd3.jpg,https://farm4.staticflickr.com/3139/2578731104_e6a7aff86a_o.jpg,https://www.flickr.com/photos/dirkhansen/2578731104,https://creativecommons.org/licenses/by/2.0/,SD Dirk,https://www.flickr.com/people/dirkhansen/,Lee Janzen putting,,de282e9455a39c21c3d69c5d6d97be442effcf55678325ff165ef8d44768cd3f
oi_train_0bc27426cafc4fb5,train,positive,0bc27426cafc4fb5,train,Open Images Dataset V7,https://storage.googleapis.com/openimages/web/index.html,https://s3.amazonaws.com/open-images-dataset/train/0bc27426cafc4fb5.jpg,https://farm6.staticflickr.com/6055/5908977085_5ca6d01290_o.jpg,https://www.flickr.com/photos/ftmeade/5908977085,https://creativecommons.org/licenses/by/2.0/,Fort George G. Meade Public Affairs Office,https://www.flickr.com/people/ftmeade/,Annual Flag Day Golf Tournament,,a225f6ba385ddbe894833d39fce64f5ed19c89a4524c9f0cab808da693923365
oi_train_b06f0c992babe99e,val,positive,b06f0c992babe99e,train,Open Images Dataset V7,https://storage.googleapis.com/openimages/web/index.html,https://s3.amazonaws.com/open-images-dataset/train/b06f0c992babe99e.jpg,https://c7.staticflickr.com/4/3099/2575993778_76fe815de5_o.jpg,https://www.flickr.com/photos/golf_pictures/2575993778,https://creativecommons.org/licenses/by/2.0/,Dan Perry,https://www.flickr.com/people/golf_pictures/,"The Dunes Golf and Tennis Club, Sanibel Island, Florida",,7773db0d6f3a1ed23b85369c60633f20b622995be2a3651ac6d82ed487638ad9
oi_train_16d864b43722c243,train,positive,16d864b43722c243,train,Open Images Dataset V7,https://storage.googleapis.com/openimages/web/index.html,https://s3.amazonaws.com/open-images-dataset/train/16d864b43722c243.jpg,https://farm4.staticflickr.com/5040/7203596848_182f7ac878_o.jpg,https://www.flickr.com/photos/usagapg/7203596848,https://creativecommons.org/licenses/by/2.0/,Aberdeen Proving Ground,https://www.flickr.com/people/usagapg/,Group Golf Clinic,,e242d7d8c5810c488fbb3205b0116362406b940f64c62430ae258cbd58de198f
oi_train_049a9d4cfbcef840,train,positive,049a9d4cfbcef840,train,Open Images Dataset V7,https://storage.googleapis.com/openimages/web/index.html,https://s3.amazonaws.com/open-images-dataset/train/049a9d4cfbcef840.jpg,https://farm1.staticflickr.com/3920/14680905934_0c3d1cf86c_o.jpg,https://www.flickr.com/photos/nevillewootton/14680905934,https://creativecommons.org/licenses/by/2.0/,Neville Wootton,https://www.flickr.com/people/nevillewootton/,028 - Debbie Flanagan,,57e4b01a0a23493a22c3dfd63c32937bdb4010960c47317d72727ee5c4a83bce
oi_train_c85adaae9097c2a9,train,positive,c85adaae9097c2a9,train,Open Images Dataset V7,https://storage.googleapis.com/openimages/web/index.html,https://s3.amazonaws.com/open-images-dataset/train/c85adaae9097c2a9.jpg,https://c2.staticflickr.com/3/2554/4171623754_66044925dd_o.jpg,https://www.flickr.com/photos/qrodoflickr/4171623754,https://creativecommons.org/licenses/by/2.0/,Qrodo Photos,https://www.flickr.com/people/qrodoflickr/,Golf tee,,5d4db94949ebd024940c3efd897ca60c4aaa1aa632ffa005d4e823694f39296c
oi_test_0dd4c580c14df3d1,train,positive,0dd4c580c14df3d1,test,Open Images Dataset V7,https://storage.googleapis.com/openimages/web/index.html,https://s3.amazonaws.com/open-images-dataset/test/0dd4c580c14df3d1.jpg,https://farm2.staticflickr.com/4123/4943486252_0762dc1395_o.jpg,https://www.flickr.com/photos/erkstam/4943486252,https://creativecommons.org/licenses/by/2.0/,Daniel Erkstam,https://www.flickr.com/people/erkstam/,DSC_7684,,196800b217aef601cd3803eac2a9caabcaa6836d1be374f4ee0e504dbfef5d32
oi_train_da43ff570e18bce4,train,positive,da43ff570e18bce4,train,Open Images Dataset V7,https://storage.googleapis.com/openimages/web/index.html,https://s3.amazonaws.com/open-images-dataset/train/da43ff570e18bce4.jpg,https://farm5.staticflickr.com/3123/2575994902_dce619743c_o.jpg,https://www.flickr.com/photos/golf_pictures/2575994902,https://creativecommons.org/licenses/by/2.0/,Dan Perry,https://www.flickr.com/people/golf_pictures/,"Captiva Island Golf Club, Captiva Island, Florida",,2373af260cf156977eb8477d1f3129e3cb0032c1fae11fdf9b44f713d05e0967
oi_train_01745cd4dc676e1b,train,positive,01745cd4dc676e1b,train,Open Images Dataset V7,https://storage.googleapis.com/openimages/web/index.html,https://s3.amazonaws.com/open-images-dataset/train/01745cd4dc676e1b.jpg,https://c4.staticflickr.com/4/3745/9375960704_6bd3967459_o.jpg,https://www.flickr.com/photos/nevillewootton/9375960704,https://creativecommons.org/licenses/by/2.0/,Neville Wootton,https://www.flickr.com/people/nevillewootton/,040 - Meg Norris,,b43146a8d1740e8b736d58e3a1ad65141b9dc197ea179aa0fe59f3cf3c8e6da0
oi_train_f60f1b7782e0e418,val,positive,f60f1b7782e0e418,train,Open Images Dataset V7,https://storage.googleapis.com/openimages/web/index.html,https://s3.amazonaws.com/open-images-dataset/train/f60f1b7782e0e418.jpg,https://c1.staticflickr.com/4/3118/2575960654_b30036c74a_o.jpg,https://www.flickr.com/photos/golf_pictures/2575960654,https://creativecommons.org/licenses/by/2.0/,Dan Perry,https://www.flickr.com/people/golf_pictures/,"The Links at Spanish Bay, Pebble Beach, California",,bad5c5537d8c13d11d435f9b13e8bac8808ccb9968318693bd68bfe83160862f
oi_validation_2a7c45cb2c6ffdca,test,positive,2a7c45cb2c6ffdca,validation,Open Images Dataset V7,https://storage.googleapis.com/openimages/web/index.html,https://s3.amazonaws.com/open-images-dataset/validation/2a7c45cb2c6ffdca.jpg,https://c3.staticflickr.com/3/2820/9180844101_c29b3e796f_o.jpg,https://www.flickr.com/photos/97095120@N06/9180844101,https://creativecommons.org/licenses/by/2.0/,Special Olympics Connaught,https://www.flickr.com/people/97095120@N06/,Golf Regionals 2013,,9a038e5e53eb5451778ac836ac44208cc1fe8ba8c5527094082d3fb02dd9e893
oi_train_0582b058836f51e8,train,positive,0582b058836f51e8,train,Open Images Dataset V7,https://storage.googleapis.com/openimages/web/index.html,https://s3.amazonaws.com/open-images-dataset/train/0582b058836f51e8.jpg,https://c1.staticflickr.com/4/3081/2575118349_1b298e58b3_o.jpg,https://www.flickr.com/photos/golf_pictures/2575118349,https://creativecommons.org/licenses/by/2.0/,Dan Perry,https://www.flickr.com/people/golf_pictures/,"Big Run Golf Club, Lockport, Illinois",,19239f60341a4650e78b59a118b7e575589d63a003917b3373883de7aec6a6f8
oi_train_2b2812c19089cd53,test,positive,2b2812c19089cd53,train,Open Images Dataset V7,https://storage.googleapis.com/openimages/web/index.html,https://s3.amazonaws.com/open-images-dataset/train/2b2812c19089cd53.jpg,https://farm4.staticflickr.com/546/19857504136_d3ccd852bd_o.jpg,https://www.flickr.com/photos/tusca/19857504136,https://creativecommons.org/licenses/by/2.0/,Guy Renard,https://www.flickr.com/people/tusca/,IMG_6794,,e47d3cd88f030e4f87a5ff1dc9d0997fc994837bbf7f494030529c0d6c01410f
oi_train_0c60070d22ea66b1,train,positive,0c60070d22ea66b1,train,Open Images Dataset V7,https://storage.googleapis.com/openimages/web/index.html,https://s3.amazonaws.com/open-images-dataset/train/0c60070d22ea66b1.jpg,https://farm2.staticflickr.com/6227/6346163291_886301f7e2_o.jpg,https://www.flickr.com/photos/hone-morihana/6346163291,https://creativecommons.org/licenses/by/2.0/,Hone Morihana,https://www.flickr.com/people/hone-morihana/,K J Choi,,7e8c81024969363df513a948f6881241d612aad1de494ee413eef3db2beae9a1
oi_train_1336de3f76695159,test,positive,1336de3f76695159,train,Open Images Dataset V7,https://storage.googleapis.com/openimages/web/index.html,https://s3.amazonaws.com/open-images-dataset/train/1336de3f76695159.jpg,https://c2.staticflickr.com/1/473/19394596253_16d6f01730_o.jpg,https://www.flickr.com/photos/nevillewootton/19394596253,https://creativecommons.org/licenses/by/2.0/,Neville Wootton,https://www.flickr.com/people/nevillewootton/,007 - Linda Radley,,db2186780bd15fec1117b27693294e6edd85a04a6f8e1a9773c3468155d293ea
oi_train_13cf4a62741a7176,test,positive,13cf4a62741a7176,train,Open Images Dataset V7,https://storage.googleapis.com/openimages/web/index.html,https://s3.amazonaws.com/open-images-dataset/train/13cf4a62741a7176.jpg,https://farm7.staticflickr.com/7455/10821331266_80b58dd0e3_o.jpg,https://www.flickr.com/photos/whynotfundacion/10821331266,https://creativecommons.org/licenses/by/2.0/,FUNDACION WHY NOT,https://www.flickr.com/people/whynotfundacion/,1º Torneo Solidario Neguri,,46fee1aadb1dd9c8d00309340c0130caeeb04c9119e0fcc5edb9123248ba2d8c
oi_train_0e3c00160655c260,train,positive,0e3c00160655c260,train,Open Images Dataset V7,https://storage.googleapis.com/openimages/web/index.html,https://s3.amazonaws.com/open-images-dataset/train/0e3c00160655c260.jpg,https://farm1.staticflickr.com/1103/623791459_15c1425d5c_o.jpg,https://www.flickr.com/photos/puntodevista/623791459,https://creativecommons.org/licenses/by/2.0/,Emi Yañez,https://www.flickr.com/people/puntodevista/,| golf |,,e89ff92bae725fad6d39e29339028dddf7ae35b18868fa4d368828f69c277a94
oi_test_e320c049a67ea627,train,positive,e320c049a67ea627,test,Open Images Dataset V7,https://storage.googleapis.com/openimages/web/index.html,https://s3.amazonaws.com/open-images-dataset/test/e320c049a67ea627.jpg,https://farm8.staticflickr.com/3287/2759571123_bfe1a34c1f_o.jpg,https://www.flickr.com/photos/olibac/2759571123,https://creativecommons.org/licenses/by/2.0/,OliBac,https://www.flickr.com/people/olibac/,raté !,,274ccf9145707f76c2d910da943257b180a270689a37324ad265a855635d6f41
oi_train_8c7e3638299f3b49,test,positive,8c7e3638299f3b49,train,Open Images Dataset V7,https://storage.googleapis.com/openimages/web/index.html,https://s3.amazonaws.com/open-images-dataset/train/8c7e3638299f3b49.jpg,https://c2.staticflickr.com/6/5604/15659487042_c13a97292f_o.jpg,https://www.flickr.com/photos/filterforge/15659487042,https://creativecommons.org/licenses/by/2.0/,Filter Forge,https://www.flickr.com/people/filterforge/,Golf Ball v3.0,,bb72602f22530ccd015b1d16cae2a1f1beaf98fd69b23d614af32c8aacb93426
oi_train_2d9a9d94e356c1cc,train,positive,2d9a9d94e356c1cc,train,Open Images Dataset V7,https://storage.googleapis.com/openimages/web/index.html,https://s3.amazonaws.com/open-images-dataset/train/2d9a9d94e356c1cc.jpg,https://c5.staticflickr.com/4/3775/9929417534_dcbed424bf_o.jpg,https://www.flickr.com/photos/mk-creatures/9929417534,https://creativecommons.org/licenses/by/2.0/,Michael MK Khor,https://www.flickr.com/people/mk-creatures/,How did my egg get so big???,,a867836fc0f1ceee4203ba2c9be0311b11fefdc3c5fa13e4870dca748d0f5fa6
oi_validation_232299e70b9fe949,train,positive,232299e70b9fe949,validation,Open Images Dataset V7,https://storage.googleapis.com/openimages/web/index.html,https://s3.amazonaws.com/open-images-dataset/validation/232299e70b9fe949.jpg,https://c2.staticflickr.com/4/3364/3453990697_602c714038_o.jpg,https://www.flickr.com/photos/steven_smith/3453990697,https://creativecommons.org/licenses/by/2.0/,Steven Smith,https://www.flickr.com/people/steven_smith/,Loooooou,,9a3b6e8d9c7583ce69e926ab8a78f4c5ef6ccfb92be33f59c4699590cec87483
oi_train_617351bf9195e0c0,train,positive,617351bf9195e0c0,train,Open Images Dataset V7,https://storage.googleapis.com/openimages/web/index.html,https://s3.amazonaws.com/open-images-dataset/train/617351bf9195e0c0.jpg,https://farm1.staticflickr.com/7346/9376352554_cb16b0b94d_o.jpg,https://www.flickr.com/photos/nevillewootton/9376352554,https://creativecommons.org/licenses/by/2.0/,Neville Wootton,https://www.flickr.com/people/nevillewootton/,049 - Mike Marshall,,8590da30d8655502ed0d07d33a0064764b789895365cf6f1bd51d5c9d69ff79d
oi_train_f046dc71df4828ba,test,positive,f046dc71df4828ba,train,Open Images Dataset V7,https://storage.googleapis.com/openimages/web/index.html,https://s3.amazonaws.com/open-images-dataset/train/f046dc71df4828ba.jpg,https://c3.staticflickr.com/7/6115/6258946851_32d031ac2f_o.jpg,https://www.flickr.com/photos/familymwr/6258946851,https://creativecommons.org/licenses/by/2.0/,U.S. Army,https://www.flickr.com/people/familymwr/,SOF_2766,,41f79bcecbd32b61667800f2fdf89dd182321f89d977506dab057887b99a56de
oi_train_fced4545b90c67cd,val,positive,fced4545b90c67cd,train,Open Images Dataset V7,https://storage.googleapis.com/openimages/web/index.html,https://s3.amazonaws.com/open-images-dataset/train/fced4545b90c67cd.jpg,https://c6.staticflickr.com/8/7182/6920719395_9131bfc3e4_o.jpg,https://www.flickr.com/photos/back9network/6920719395,https://creativecommons.org/licenses/by/2.0/,Back9Network,https://www.flickr.com/people/back9network/,Anna Rawson,,a6085d621fab0a13b2c7f9c96d765fd1847630ea5b977b52216d989eb1ffe6c7
oi_train_04d1c098210c0dae,val,positive,04d1c098210c0dae,train,Open Images Dataset V7,https://storage.googleapis.com/openimages/web/index.html,https://s3.amazonaws.com/open-images-dataset/train/04d1c098210c0dae.jpg,https://c7.staticflickr.com/3/2665/4015084314_887282c116_o.jpg,https://www.flickr.com/photos/kalooz/4015084314,https://creativecommons.org/licenses/by/2.0/,Mark Richardson,https://www.flickr.com/people/kalooz/,"George Lopez - Justin Timberlake's Shriners Hospitals for Children ProAm - Summerlin TPC, Las Vegas",,08050d97188ca86b6c927f282a67a87d7ee5800aff9b79d4e014c7b01d19ea9a
oi_train_8c684d111f01f6db,train,positive,8c684d111f01f6db,train,Open Images Dataset V7,https://storage.googleapis.com/openimages/web/index.html,https://s3.amazonaws.com/open-images-dataset/train/8c684d111f01f6db.jpg,https://c4.staticflickr.com/9/8321/7995854764_cc6ce9906f_o.jpg,https://www.flickr.com/photos/tylerbolken/7995854764,https://creativecommons.org/licenses/by/2.0/,Tyler Bolken,https://www.flickr.com/people/tylerbolken/,120909-M-XK427-030,,98756fded5d97e7f91b7b1e67bbdaca188799daecc4a1ad7b13093929ec9869d
oi_train_0dc7f16412b5a985,val,positive,0dc7f16412b5a985,train,Open Images Dataset V7,https://storage.googleapis.com/openimages/web/index.html,https://s3.amazonaws.com/open-images-dataset/train/0dc7f16412b5a985.jpg,https://farm6.staticflickr.com/45/148245366_220ddeeb44_o.jpg,https://www.flickr.com/photos/beglen/148245366,https://creativecommons.org/licenses/by/2.0/,"David, Bergin, Emmett and Elliott",https://www.flickr.com/people/beglen/,IMG_1986,,62c197a675211efe920202def93642c0f859e29b6ab68d9cb0fb472ccea0bba4
oi_train_33c96e8e2b4f203a,train,positive,33c96e8e2b4f203a,train,Open Images Dataset V7,https://storage.googleapis.com/openimages/web/index.html,https://s3.amazonaws.com/open-images-dataset/train/33c96e8e2b4f203a.jpg,https://c3.staticflickr.com/8/7254/6886174736_1a165efacd_o.jpg,https://www.flickr.com/photos/drgbb/6886174736,https://creativecommons.org/licenses/by/2.0/,George Bannister,https://www.flickr.com/people/drgbb/,"Close, But Not Close Enough",,e0619969d8a738ef444520e0ebf78b51f74b2750170dca1bb60bfc9ac9c429cf
oi_train_6602b43ffaef4244,train,positive,6602b43ffaef4244,train,Open Images Dataset V7,https://storage.googleapis.com/openimages/web/index.html,https://s3.amazonaws.com/open-images-dataset/train/6602b43ffaef4244.jpg,https://farm5.staticflickr.com/7117/7493212206_e32f4023d8_o.jpg,https://www.flickr.com/photos/innovate360/7493212206,https://creativecommons.org/licenses/by/2.0/,innovate360,https://www.flickr.com/people/innovate360/,Bletchley Park Code-Knacker - HP-Digital-Imaging-Solutions,,4cd09e339b1f3102a9d237eaffb27d9784de521334e966767fc60dda777195b4
oi_train_32e8e8aacec897a2,train,positive,32e8e8aacec897a2,train,Open Images Dataset V7,https://storage.googleapis.com/openimages/web/index.html,https://s3.amazonaws.com/open-images-dataset/train/32e8e8aacec897a2.jpg,https://farm3.staticflickr.com/5480/11161000506_e815f53b17_o.jpg,https://www.flickr.com/photos/minhocos/11161000506,https://creativecommons.org/licenses/by/2.0/,Lima Pix,https://www.flickr.com/people/minhocos/,IMG_0336-Edit-2 - Please don't step on the ball,,2e28a5bb331b641411f137452aa608041630a0eb190ae10d1c0006d6b90b6568
oi_train_03b54e934e5a5895,train,positive,03b54e934e5a5895,train,Open Images Dataset V7,https://storage.googleapis.com/openimages/web/index.html,https://s3.amazonaws.com/open-images-dataset/train/03b54e934e5a5895.jpg,https://farm6.staticflickr.com/174/414983617_3ac078055a_o.jpg,https://www.flickr.com/photos/foxypar4/414983617,https://creativecommons.org/licenses/by/2.0/,John Haslam,https://www.flickr.com/people/foxypar4/,IMG_3040,,2929af73946023bd855f21d2cb0847c38b95d44a22a8149d2b0c5b6bf1266afb
oi_train_e33b400989e866e8,train,positive,e33b400989e866e8,train,Open Images Dataset V7,https://storage.googleapis.com/openimages/web/index.html,https://s3.amazonaws.com/open-images-dataset/train/e33b400989e866e8.jpg,https://c1.staticflickr.com/4/3030/2575092237_deb6df98ca_o.jpg,https://www.flickr.com/photos/golf_pictures/2575092237,https://creativecommons.org/licenses/by/2.0/,Dan Perry,https://www.flickr.com/people/golf_pictures/,"Lafayette Elks Country Club, West Lafayette, Indiana",,73a53275f3fbd232f9bf552f8798506c9899d285fd8137c31930c1803a498ee1
oi_train_4d1ab8ca98df3d07,test,positive,4d1ab8ca98df3d07,train,Open Images Dataset V7,https://storage.googleapis.com/openimages/web/index.html,https://s3.amazonaws.com/open-images-dataset/train/4d1ab8ca98df3d07.jpg,https://farm8.staticflickr.com/3176/2575149685_3204d63ffc_o.jpg,https://www.flickr.com/photos/golf_pictures/2575149685,https://creativecommons.org/licenses/by/2.0/,Dan Perry,https://www.flickr.com/people/golf_pictures/,"Spanish Hills Golf and Country Club, Camarillo, California",,7a12de8750f29617e6fa6299228499f6c444298b9d7aed07653523ea0d0e3de8
oi_train_0d142b306cce5b8f,val,positive,0d142b306cce5b8f,train,Open Images Dataset V7,https://storage.googleapis.com/openimages/web/index.html,https://s3.amazonaws.com/open-images-dataset/train/0d142b306cce5b8f.jpg,https://c8.staticflickr.com/3/2549/3702179178_48ab65342a_o.jpg,https://www.flickr.com/photos/palanza11/3702179178,https://creativecommons.org/licenses/by/2.0/,palanza,https://www.flickr.com/people/palanza11/,golf anyone?,,689c9000023bceb82ae90b3853a3138cda1f83a603a2cc4cd9deece233b5a34c
oi_train_08f989b54838963c,train,positive,08f989b54838963c,train,Open Images Dataset V7,https://storage.googleapis.com/openimages/web/index.html,https://s3.amazonaws.com/open-images-dataset/train/08f989b54838963c.jpg,https://c5.staticflickr.com/1/782/20485959778_6de340f5a8_o.jpg,https://www.flickr.com/photos/nevillewootton/20485959778,https://creativecommons.org/licenses/by/2.0/,Neville Wootton,https://www.flickr.com/people/nevillewootton/,016-Up the 17th,,14344f9cdee5f9c8e66a6c54a2d783669b759b899c0432a476f419aede8681d3
oi_train_252823b511a57a62,train,positive,252823b511a57a62,train,Open Images Dataset V7,https://storage.googleapis.com/openimages/web/index.html,https://s3.amazonaws.com/open-images-dataset/train/252823b511a57a62.jpg,https://farm3.staticflickr.com/3118/3242362110_5521008171_o.jpg,https://www.flickr.com/photos/freddy-click-boy/3242362110,https://creativecommons.org/licenses/by/2.0/,Angel Arcones,https://www.flickr.com/people/freddy-click-boy/,Dia 98: Golf alternativo,,68c2b0dce2875d394e3c898290c488fee97fcdc58631de11ce85ea4d6ceb4c69
oi_train_5df049a8d87d6310,train,positive,5df049a8d87d6310,train,Open Images Dataset V7,https://storage.googleapis.com/openimages/web/index.html,https://s3.amazonaws.com/open-images-dataset/train/5df049a8d87d6310.jpg,https://farm1.staticflickr.com/3674/9304220359_ccab51c557_o.jpg,https://www.flickr.com/photos/nevillewootton/9304220359,https://creativecommons.org/licenses/by/2.0/,Neville Wootton,https://www.flickr.com/people/nevillewootton/,030 - Mens Captain's Day 2013,,27a773523ab8a08ccabe70cdba4c1ef7d1dd96f0e963206858d30484d2465e20
oi_train_2f147f1f7bc4f434,train,positive,2f147f1f7bc4f434,train,Open Images Dataset V7,https://storage.googleapis.com/openimages/web/index.html,https://s3.amazonaws.com/open-images-dataset/train/2f147f1f7bc4f434.jpg,https://farm5.staticflickr.com/3678/13457308473_08712dba36_o.jpg,https://www.flickr.com/photos/kenyaictboard/13457308473,https://creativecommons.org/licenses/by/2.0/,ICT Authority,https://www.flickr.com/people/kenyaictboard/,IMG_2330,,28162e329902c8ab799b9c0b3948de271ca9ad8783f69a4d876369ceca800dda
oi_train_3b247dd16ae64346,val,positive,3b247dd16ae64346,train,Open Images Dataset V7,https://storage.googleapis.com/openimages/web/index.html,https://s3.amazonaws.com/open-images-dataset/train/3b247dd16ae64346.jpg,https://farm7.staticflickr.com/3256/2307358126_173faa62d2_o.jpg,https://www.flickr.com/photos/farhan/2307358126,https://creativecommons.org/licenses/by/2.0/,Farhan Chawla,https://www.flickr.com/people/farhan/,It's a hit,,471cdcca2bb4f97fde800c6e3e45860d1638c56d9789d00dacfca4c4fcd18e13
oi_train_5c37f8950035c9ee,val,positive,5c37f8950035c9ee,train,Open Images Dataset V7,https://storage.googleapis.com/openimages/web/index.html,https://s3.amazonaws.com/open-images-dataset/train/5c37f8950035c9ee.jpg,https://c7.staticflickr.com/4/3206/2528618574_20faa7a382_o.jpg,https://www.flickr.com/photos/golf_pictures/2528618574,https://creativecommons.org/licenses/by/2.0/,Dan Perry,https://www.flickr.com/people/golf_pictures/,"Dunes Golf Club, Sanibel Island, Florida",,7bf70396cd363c3b0a43b363b0d36c335423bfdbb917dea42215bebcf1259cf4
oi_test_a4755a71e512a082,train,positive,a4755a71e512a082,test,Open Images Dataset V7,https://storage.googleapis.com/openimages/web/index.html,https://s3.amazonaws.com/open-images-dataset/test/a4755a71e512a082.jpg,https://farm3.staticflickr.com/7256/7659587986_44bc0c296b_o.jpg,https://www.flickr.com/photos/83097782@N05/7659587986/,https://creativecommons.org/licenses/by/2.0/,pacificcoastamateur,https://www.flickr.com/people/83097782@N05/,Matt Rawitzer Tees Off,,f2502ed670e971a70074eebc101bc00c9d3618f87ae09547528d51ff6ce69abb
oi_train_10ca92ce07a49d8e,train,positive,10ca92ce07a49d8e,train,Open Images Dataset V7,https://storage.googleapis.com/openimages/web/index.html,https://s3.amazonaws.com/open-images-dataset/train/10ca92ce07a49d8e.jpg,https://c7.staticflickr.com/2/1316/956931679_222aed7746_o.jpg,https://www.flickr.com/photos/joeshlabotnik/956931679,https://creativecommons.org/licenses/by/2.0/,Joe Shlabotnik,https://www.flickr.com/people/joeshlabotnik/,Fantasia Gardens,,5f2ef63a98a868235f883f483bf22e326594c90db6282dce74476f63564b77fd
oi_train_089ebdeb7071cfdf,train,positive,089ebdeb7071cfdf,train,Open Images Dataset V7,https://storage.googleapis.com/openimages/web/index.html,https://s3.amazonaws.com/open-images-dataset/train/089ebdeb7071cfdf.jpg,https://c8.staticflickr.com/7/6176/6192261305_87270ce959_o.jpg,https://www.flickr.com/photos/jblmmwr/6192261305/,https://creativecommons.org/licenses/by/2.0/,JBLM  MWR,https://www.flickr.com/people/jblmmwr/,DSCF7361,,69075fcedd94def60434fc38dc0eae3dcb75a60510dd75be1b6006f2ff9d391e
oi_train_ffcfb7f1d7c7c132,train,positive,ffcfb7f1d7c7c132,train,Open Images Dataset V7,https://storage.googleapis.com/openimages/web/index.html,https://s3.amazonaws.com/open-images-dataset/train/ffcfb7f1d7c7c132.jpg,https://farm3.staticflickr.com/3078/2415136918_50a87baac9_o.jpg,https://www.flickr.com/photos/sergiodjt/2415136918,https://creativecommons.org/licenses/by/2.0/,Sergio Aguirre,https://www.flickr.com/people/sergiodjt/,GOLF_Shoes,,00285194541c7f75bffe555b6ee52c0c2662e94fa4b51ce578717089298d5120
oi_train_1b2c97945927ec35,train,positive,1b2c97945927ec35,train,Open Images Dataset V7,https://storage.googleapis.com/openimages/web/index.html,https://s3.amazonaws.com/open-images-dataset/train/1b2c97945927ec35.jpg,https://farm6.staticflickr.com/2874/9220985499_03ef2e7926_o.jpg,https://www.flickr.com/photos/fergy08/9220985499,https://creativecommons.org/licenses/by/2.0/,matt,https://www.flickr.com/people/fergy08/,The advantage of playing golf on a rainy day... Every time you hit the green your ball makes a huge divot and it makes you feel like a pro. #golf #divot #golfball #likeapro #par3 #rainyday #green,,0e890430f4d741b8e59a6a0ca754ae7edb63f9b577e39cd5b17e7c259064c6e4
oi_train_b285de6acfa65a9c,train,positive,b285de6acfa65a9c,train,Open Images Dataset V7,https://storage.googleapis.com/openimages/web/index.html,https://s3.amazonaws.com/open-images-dataset/train/b285de6acfa65a9c.jpg,https://c5.staticflickr.com/4/3148/2575953256_25b79f5977_o.jpg,https://www.flickr.com/photos/golf_pictures/2575953256,https://creativecommons.org/licenses/by/2.0/,Dan Perry,https://www.flickr.com/people/golf_pictures/,"King and Bear, World Golf Village, St. Augustine, Florida",,07b6cdcacaaa2afff535bd0e3b849bc346ddf216822cc44e1cc9cf2ff43fa34f
oi_test_93ee6f6e0bcc3c3d,train,positive,93ee6f6e0bcc3c3d,test,Open Images Dataset V7,https://storage.googleapis.com/openimages/web/index.html,https://s3.amazonaws.com/open-images-dataset/test/93ee6f6e0bcc3c3d.jpg,https://c6.staticflickr.com/1/103/308244134_b319d0d267_o.jpg,https://www.flickr.com/photos/mrak75/308244134,https://creativecommons.org/licenses/by/2.0/,mrak75,https://www.flickr.com/people/mrak75/,IMG_0008a,,34a369d9840da91f9533173f2f899238fb44a4d5662602babed46c5e10b047c3
oi_test_edc2154c96639a43,train,positive,edc2154c96639a43,test,Open Images Dataset V7,https://storage.googleapis.com/openimages/web/index.html,https://s3.amazonaws.com/open-images-dataset/test/edc2154c96639a43.jpg,https://farm4.staticflickr.com/4040/4172397393_1451dd1537_o.jpg,https://www.flickr.com/photos/southpaw2305/4172397393,https://creativecommons.org/licenses/by/2.0/,Clare Bell,https://www.flickr.com/people/southpaw2305/,ball,,0cefdf92845a20b54741ec00b535999a0972d438977cf8fbed06b8eaeaee5238
oi_train_2448a330e6f38ce1,train,positive,2448a330e6f38ce1,train,Open Images Dataset V7,https://storage.googleapis.com/openimages/web/index.html,https://s3.amazonaws.com/open-images-dataset/train/2448a330e6f38ce1.jpg,https://farm2.staticflickr.com/3146/5697651944_a7ee5b103c_o.jpg,https://www.flickr.com/photos/easylocum/5697651944,https://creativecommons.org/licenses/by/2.0/,easylocum,https://www.flickr.com/people/easylocum/,6 Mickle Skelp,,01e1e571d6729103453f4359cd566f745b6935d1414f175d78eddf3a4ecbaad2
oi_train_d4c73660436898ba,train,positive,d4c73660436898ba,train,Open Images Dataset V7,https://storage.googleapis.com/openimages/web/index.html,https://s3.amazonaws.com/open-images-dataset/train/d4c73660436898ba.jpg,https://c3.staticflickr.com/4/3036/2575932482_97447c5a6b_o.jpg,https://www.flickr.com/photos/golf_pictures/2575932482,https://creativecommons.org/licenses/by/2.0/,Dan Perry,https://www.flickr.com/people/golf_pictures/,"Red Sky Golf Club, Wolcott, Colorado",,adaa002a85e771c4b3441c5f09765baab188f40b9ffbe026bfe6f99cfd6fe3b4
oi_test_2ada2785e3387c79,train,positive,2ada2785e3387c79,test,Open Images Dataset V7,https://storage.googleapis.com/openimages/web/index.html,https://s3.amazonaws.com/open-images-dataset/test/2ada2785e3387c79.jpg,https://c2.staticflickr.com/8/7434/9225762578_056430c088_o.jpg,https://www.flickr.com/photos/66190607@N08/9225762578,https://creativecommons.org/licenses/by/2.0/,emmolos,https://www.flickr.com/people/66190607@N08/,golf,,0f805b221549b7f4474bee58391c24eeee36d0813a1192aa519f4ffd0213cd23
oi_train_0c15bbf261c864b3,train,positive,0c15bbf261c864b3,train,Open Images Dataset V7,https://storage.googleapis.com/openimages/web/index.html,https://s3.amazonaws.com/open-images-dataset/train/0c15bbf261c864b3.jpg,https://farm4.staticflickr.com/7305/16358767735_8540a921ac_o.jpg,https://www.flickr.com/photos/rbh/16358767735,https://creativecommons.org/licenses/by/2.0/,RichardBH,https://www.flickr.com/people/rbh/,Odd Ball,,328df42df8122672c012ccf37d514d810fe002c88dd0cd541c522dd44b7bd938
oi_test_eacf12733f79d8e5,test,positive,eacf12733f79d8e5,test,Open Images Dataset V7,https://storage.googleapis.com/openimages/web/index.html,https://s3.amazonaws.com/open-images-dataset/test/eacf12733f79d8e5.jpg,https://farm6.staticflickr.com/8573/16867384341_9b9d6bff5b_o.jpg,https://www.flickr.com/photos/pennstatelive/16867384341,https://creativecommons.org/licenses/by/2.0/,Penn State,https://www.flickr.com/people/pennstatelive/,Penn State golfer Christian Elliott,,7b82ee9948f4ab4b7c09fc445c7ae499e102ef8d84fa7ce65297f8eaa958a03a
oi_test_48447d39cb1588f8,train,positive,48447d39cb1588f8,test,Open Images Dataset V7,https://storage.googleapis.com/openimages/web/index.html,https://s3.amazonaws.com/open-images-dataset/test/48447d39cb1588f8.jpg,https://c1.staticflickr.com/4/3068/3010966824_1f50bfcb6a_o.jpg,https://www.flickr.com/photos/armydre2008/3010966824,https://creativecommons.org/licenses/by/2.0/,frankieleon,https://www.flickr.com/people/armydre2008/,Past Time Intimate Friend,,0856114d0eb8654f53ee88dd7097094f1fdbcd093feaf2b83a6cf4901412b4dc
oi_train_368470eb5bd1c3d5,train,positive,368470eb5bd1c3d5,train,Open Images Dataset V7,https://storage.googleapis.com/openimages/web/index.html,https://s3.amazonaws.com/open-images-dataset/train/368470eb5bd1c3d5.jpg,https://farm6.staticflickr.com/2595/4129715725_569d62b411_o.jpg,https://www.flickr.com/photos/amrufm/4129715725,https://creativecommons.org/licenses/by/2.0/,amrufm,https://www.flickr.com/people/amrufm/,Glocomp Invitational Golf -15,,3addc1de2377f1d6e779d203cb0764668ab884f8c62065c01aa5baacce740c9f
oi_train_68e2af928d6cd2b0,train,positive,68e2af928d6cd2b0,train,Open Images Dataset V7,https://storage.googleapis.com/openimages/web/index.html,https://s3.amazonaws.com/open-images-dataset/train/68e2af928d6cd2b0.jpg,https://farm1.staticflickr.com/3214/2860273811_935e975363_o.jpg,https://www.flickr.com/photos/daveynin/2860273811,https://creativecommons.org/licenses/by/2.0/,daveynin,https://www.flickr.com/people/daveynin/,Close up: Titleist golf ball,,c52ee07149e992f29e953bf02314e32295298e5cc093faf3f5a8067a2e835395
oi_train_4d913998e3beeef8,val,positive,4d913998e3beeef8,train,Open Images Dataset V7,https://storage.googleapis.com/openimages/web/index.html,https://s3.amazonaws.com/open-images-dataset/train/4d913998e3beeef8.jpg,https://c1.staticflickr.com/3/2776/4550827812_0003230b30_o.jpg,https://www.flickr.com/photos/takamorry/4550827812,https://creativecommons.org/licenses/by/2.0/,Takamorry,https://www.flickr.com/people/takamorry/,ゴルフラウンドデビュー,,0ac9301a0a9deb0cd60c192f37e21db6e10cbdf39ea370d96581e7eb39b9f463
oi_train_12ec4f71c93eb16c,train,positive,12ec4f71c93eb16c,train,Open Images Dataset V7,https://storage.googleapis.com/openimages/web/index.html,https://s3.amazonaws.com/open-images-dataset/train/12ec4f71c93eb16c.jpg,https://c5.staticflickr.com/3/2077/2478819400_b97f4130e1_o.jpg,https://www.flickr.com/photos/deltamike/2478819400,https://creativecommons.org/licenses/by/2.0/,Mike Renlund,https://www.flickr.com/people/deltamike/,Out of the Sand Trap,,2ddbc1cf9ae8943bdef271b3fbb67a983ccf80f04d83e42dba10882e4a4a14cc
oi_train_d1d1b3d0d3759eaa,train,positive,d1d1b3d0d3759eaa,train,Open Images Dataset V7,https://storage.googleapis.com/openimages/web/index.html,https://s3.amazonaws.com/open-images-dataset/train/d1d1b3d0d3759eaa.jpg,https://c3.staticflickr.com/4/3735/9407817256_dea6bcdecd_o.jpg,https://www.flickr.com/photos/nevillewootton/9407817256,https://creativecommons.org/licenses/by/2.0/,Neville Wootton,https://www.flickr.com/people/nevillewootton/,011 - Joe Yorke would sink this long putt on 17,,e820fcdf688c85eeb5da9866572f184ca2d913e99f1f3dad297d5c6523ddccd8
oi_train_b2096a7c34b09b91,train,positive,b2096a7c34b09b91,train,Open Images Dataset V7,https://storage.googleapis.com/openimages/web/index.html,https://s3.amazonaws.com/open-images-dataset/train/b2096a7c34b09b91.jpg,https://farm2.staticflickr.com/7203/6803440544_37d7c278a5_o.jpg,https://www.flickr.com/photos/tim_uk/6803440544,https://creativecommons.org/licenses/by/2.0/,Tim Sheerman-Chase,https://www.flickr.com/people/tim_uk/,Golf Ball Embedded in Tree Bark,,bc9f7dc842ac84eb9a77c1460c9f9c765364f6cacadc90bfb132555ed7c5f276
oi_train_cce19fef215dd13e,val,positive,cce19fef215dd13e,train,Open Images Dataset V7,https://storage.googleapis.com/openimages/web/index.html,https://s3.amazonaws.com/open-images-dataset/train/cce19fef215dd13e.jpg,https://c7.staticflickr.com/2/1391/5104229133_0d203f943f_o.jpg,https://www.flickr.com/photos/edblunt/5104229133,https://creativecommons.org/licenses/by/2.0/,Ed Blunt,https://www.flickr.com/people/edblunt/,crazy hire cover newest copy,,0e754f65839a9c36fc806264fa45ef46df4eb5766b565ad06112c68d578ed1c9
oi_test_d8ed94768a0027fe,test,positive,d8ed94768a0027fe,test,Open Images Dataset V7,https://storage.googleapis.com/openimages/web/index.html,https://s3.amazonaws.com/open-images-dataset/test/d8ed94768a0027fe.jpg,https://c7.staticflickr.com/7/6077/6036357144_fce1236f6e_o.jpg,https://www.flickr.com/photos/stephen-oung/6036357144,https://creativecommons.org/licenses/by/2.0/,SteFou!,https://www.flickr.com/people/stephen-oung/,Wedge Shot,,5d09df9be7db89b2a1cd48d433ba9d9e58ef04f3041b150b5211422fe33537f8
oi_train_3d7e796b0389efb0,train,positive,3d7e796b0389efb0,train,Open Images Dataset V7,https://storage.googleapis.com/openimages/web/index.html,https://s3.amazonaws.com/open-images-dataset/train/3d7e796b0389efb0.jpg,https://farm1.staticflickr.com/3141/2575124497_873e8a5a43_o.jpg,https://www.flickr.com/photos/golf_pictures/2575124497,https://creativecommons.org/licenses/by/2.0/,Dan Perry,https://www.flickr.com/people/golf_pictures/,"Cog Hill Dubsdread, Lemont, Illinois",,d9c36415c2c4761bc4ec36ba5057a36fc66b0d975a2f7681957c17389dad0b05
oi_train_36f1d6d43bb16761,train,positive,36f1d6d43bb16761,train,Open Images Dataset V7,https://storage.googleapis.com/openimages/web/index.html,https://s3.amazonaws.com/open-images-dataset/train/36f1d6d43bb16761.jpg,https://farm2.staticflickr.com/5101/5596490470_14bc14d50d_o.jpg,https://www.flickr.com/photos/vanf/5596490470,https://creativecommons.org/licenses/by/2.0/,Daniel Novta,https://www.flickr.com/people/vanf/,birdie?,,544d6bbab36cdd87538f842886d9264619b78fe4afa87ac1507c955ebf137cc0
oi_train_fb62e8262e838517,test,positive,fb62e8262e838517,train,Open Images Dataset V7,https://storage.googleapis.com/openimages/web/index.html,https://s3.amazonaws.com/open-images-dataset/train/fb62e8262e838517.jpg,https://farm8.staticflickr.com/3161/2575919064_ce47a18baa_o.jpg,https://www.flickr.com/photos/golf_pictures/2575919064,https://creativecommons.org/licenses/by/2.0/,Dan Perry,https://www.flickr.com/people/golf_pictures/,"Treetops, Gaylord, Michigan",,d3a5c8659959232f8d531dcd92ff7e5f512b984dd08148d510ec34abce4d6d74
oi_train_55de26c7a1ee9a8e,train,positive,55de26c7a1ee9a8e,train,Open Images Dataset V7,https://storage.googleapis.com/openimages/web/index.html,https://s3.amazonaws.com/open-images-dataset/train/55de26c7a1ee9a8e.jpg,https://c7.staticflickr.com/4/3914/14657862889_bb4870f553_o.jpg,https://www.flickr.com/photos/adammeek/14657862889,https://creativecommons.org/licenses/by/2.0/,Adam Meek,https://www.flickr.com/people/adammeek/,The Pink Golf Ball,,e6ee16c2dda6b5e7141c0ccb2cd231d2d6a8080587ea8308936c916fcc28038c
oi_test_02214e9e87af8091,test,positive,02214e9e87af8091,test,Open Images Dataset V7,https://storage.googleapis.com/openimages/web/index.html,https://s3.amazonaws.com/open-images-dataset/test/02214e9e87af8091.jpg,https://farm2.staticflickr.com/8171/7995856614_4eb28a955f_o.jpg,https://www.flickr.com/photos/tylerbolken/7995856614,https://creativecommons.org/licenses/by/2.0/,Tyler Bolken,https://www.flickr.com/people/tylerbolken/,120909-M-XK427-001,,3fe42404483b1ea7a868eb18a1cde297caa399b093f0675cdf7786a4516201a8
oi_train_a2fee54a466eb110,train,positive,a2fee54a466eb110,train,Open Images Dataset V7,https://storage.googleapis.com/openimages/web/index.html,https://s3.amazonaws.com/open-images-dataset/train/a2fee54a466eb110.jpg,https://farm1.staticflickr.com/7336/16492156115_23a5d50b79_o.jpg,https://www.flickr.com/photos/wearesocial/16492156115,https://creativecommons.org/licenses/by/2.0/,We Are Social,https://www.flickr.com/people/wearesocial/,Let's #golf like there's not tomorrow. #donatodiponzano #weareshooting #wearesocial #bmw [cliente],,cb1580b9b9e91cfb4da8d88e8cb6037819aae3508a41d9710d6e0e4bbbc5102a
oi_train_91fe9153dc41a0fa,train,positive,91fe9153dc41a0fa,train,Open Images Dataset V7,https://storage.googleapis.com/openimages/web/index.html,https://s3.amazonaws.com/open-images-dataset/train/91fe9153dc41a0fa.jpg,https://c3.staticflickr.com/6/5563/15197948431_1befc97881_o.jpg,https://www.flickr.com/photos/126715913@N03/15197948431,https://creativecommons.org/licenses/by/2.0/,Michelle Hamilton,https://www.flickr.com/people/126715913@N03/,golfing at Interbay - Seattle,,3062d3746e47dbacba5a217737069e310a066fd23746af7c4f6127929c4f8937
oi_train_06ff58d01ab7bf52,train,positive,06ff58d01ab7bf52,train,Open Images Dataset V7,https://storage.googleapis.com/openimages/web/index.html,https://s3.amazonaws.com/open-images-dataset/train/06ff58d01ab7bf52.jpg,https://farm3.staticflickr.com/7114/7480017494_5f9534544e_o.jpg,https://www.flickr.com/photos/stampinmom/7480017494,https://creativecommons.org/licenses/by/2.0/,AForestFrolic,https://www.flickr.com/people/stampinmom/,Golfing girl,,2726cfe31cc60eb91a71e7d0e83c080532c7741a986c0b558a5c46cc358ac982
oi_train_133ac2174e5cf81f,train,positive,133ac2174e5cf81f,train,Open Images Dataset V7,https://storage.googleapis.com/openimages/web/index.html,https://s3.amazonaws.com/open-images-dataset/train/133ac2174e5cf81f.jpg,https://c8.staticflickr.com/4/3878/14664078221_cbe4186e2a_o.jpg,https://www.flickr.com/photos/nevillewootton/14664078221,https://creativecommons.org/licenses/by/2.0/,Neville Wootton,https://www.flickr.com/people/nevillewootton/,030 - Brian Crichton,,84b6ceeae4ebffe458b174bd55afd334af7ae8ae4553e7b8caa05115cad68748
oi_train_32322e3e8b93779a,test,positive,32322e3e8b93779a,train,Open Images Dataset V7,https://storage.googleapis.com/openimages/web/index.html,https://s3.amazonaws.com/open-images-dataset/train/32322e3e8b93779a.jpg,https://c3.staticflickr.com/4/3847/14496636540_6f9756e1f4_o.jpg,https://www.flickr.com/photos/nevillewootton/14496636540,https://creativecommons.org/licenses/by/2.0/,Neville Wootton,https://www.flickr.com/people/nevillewootton/,034 - Gill Dinnis,,3a96fa243ee4ebe77246c03d4fcb73fcf68f69489c3fafe74b81d3ed96d7386e
oi_train_31d624c3d4c14c89,train,positive,31d624c3d4c14c89,train,Open Images Dataset V7,https://storage.googleapis.com/openimages/web/index.html,https://s3.amazonaws.com/open-images-dataset/train/31d624c3d4c14c89.jpg,https://c2.staticflickr.com/2/1280/5190801348_7280f06212_o.jpg,https://www.flickr.com/photos/fortcarson/5190801348,https://creativecommons.org/licenses/by/2.0/,Fort Carson,https://www.flickr.com/people/fortcarson/,putter,,5f749936699920d64dccaa3c8978bd271f4219e0527d54c39355ab530372d46a
oi_train_0c3907c40f56d363,train,positive,0c3907c40f56d363,train,Open Images Dataset V7,https://storage.googleapis.com/openimages/web/index.html,https://s3.amazonaws.com/open-images-dataset/train/0c3907c40f56d363.jpg,https://farm4.staticflickr.com/8075/8305041253_03ef8b2c84_o.jpg,https://www.flickr.com/photos/raysawhill/8305041253/,https://creativecommons.org/licenses/by/2.0/,Ray Sawhill,https://www.flickr.com/people/raysawhill/,Dead vegetation lie,,915d385f3cbfee5948cc87fafb41e23ba28592ec62824cb74013745253248c93
oi_test_a26935abd4c130ba,test,positive,a26935abd4c130ba,test,Open Images Dataset V7,https://storage.googleapis.com/openimages/web/index.html,https://s3.amazonaws.com/open-images-dataset/test/a26935abd4c130ba.jpg,https://c3.staticflickr.com/4/3204/2605366230_a11811d267_o.jpg,https://www.flickr.com/photos/austarr/2605366230,https://creativecommons.org/licenses/by/2.0/,Austin Lomeli,https://www.flickr.com/people/austarr/,"Swing, Knicker!",,7ad99c672a6069bb153582193467605869174d305d5dd8f161b85f1a86121037
oi_train_1a6fc864ecf68a0f,train,positive,1a6fc864ecf68a0f,train,Open Images Dataset V7,https://storage.googleapis.com/openimages/web/index.html,https://s3.amazonaws.com/open-images-dataset/train/1a6fc864ecf68a0f.jpg,https://c8.staticflickr.com/8/7449/9376168322_4e29c3aeee_o.jpg,https://www.flickr.com/photos/nevillewootton/9376168322/,https://creativecommons.org/licenses/by/2.0/,Neville Wootton,https://www.flickr.com/people/nevillewootton/,122 - Sean Bryant,,cea963d423aa846e14e5a2717c92b25e3cc10c88f767694b9251defcbbee2f04
oi_train_4889c81feb5749ea,test,positive,4889c81feb5749ea,train,Open Images Dataset V7,https://storage.googleapis.com/openimages/web/index.html,https://s3.amazonaws.com/open-images-dataset/train/4889c81feb5749ea.jpg,https://c3.staticflickr.com/7/6025/5909535270_1e274b56e4_o.jpg,https://www.flickr.com/photos/ftmeade/5909535270,https://creativecommons.org/licenses/by/2.0/,Fort George G. Meade Public Affairs Office,https://www.flickr.com/people/ftmeade/,Annual Flag Day Golf Tournament,,bb30d1c6d88824a2cec3307890e83d897dd2f716cd955626a13feda17ab455fb
oi_train_a76d6f5057b97183,train,positive,a76d6f5057b97183,train,Open Images Dataset V7,https://storage.googleapis.com/openimages/web/index.html,https://s3.amazonaws.com/open-images-dataset/train/a76d6f5057b97183.jpg,https://farm4.staticflickr.com/3840/14448739547_9771497b49_o.jpg,https://www.flickr.com/photos/dno1967b/14448739547,https://creativecommons.org/licenses/by/2.0/,Daniel Oines,https://www.flickr.com/people/dno1967b/,IMG_0107,,6d84439d29c3483a9861fc071f7b2016693e7eb7cf3f09dc924353cbf7303521
oi_train_79e6191ae921131b,val,positive,79e6191ae921131b,train,Open Images Dataset V7,https://storage.googleapis.com/openimages/web/index.html,https://s3.amazonaws.com/open-images-dataset/train/79e6191ae921131b.jpg,https://c4.staticflickr.com/4/3157/2575936448_006814afb7_o.jpg,https://www.flickr.com/photos/golf_pictures/2575936448,https://creativecommons.org/licenses/by/2.0/,Dan Perry,https://www.flickr.com/people/golf_pictures/,"The East at Eagle Ridge, Galena, Illinois",,4831c3d1c771df56ca3c7a12ae77311e03706c7862bdad1981b3c87dc5127c85
oi_test_6def66d1bff432bc,train,positive,6def66d1bff432bc,test,Open Images Dataset V7,https://storage.googleapis.com/openimages/web/index.html,https://s3.amazonaws.com/open-images-dataset/test/6def66d1bff432bc.jpg,https://c5.staticflickr.com/1/348/19008773336_a76201c449_o.jpg,https://www.flickr.com/photos/journeyscoffee/19008773336,https://creativecommons.org/licenses/by/2.0/,Dan Lacher,https://www.flickr.com/people/journeyscoffee/,Happy Father's Day to me from @bww,,e898e1f4588675bea885c92496b74a0ea0bff0a9efebd99b57b0b6261d999a38
oi_train_0a2045afdf194803,train,positive,0a2045afdf194803,train,Open Images Dataset V7,https://storage.googleapis.com/openimages/web/index.html,https://s3.amazonaws.com/open-images-dataset/train/0a2045afdf194803.jpg,https://farm4.staticflickr.com/3122/2575986870_184818f0b7_o.jpg,https://www.flickr.com/photos/golf_pictures/2575986870,https://creativecommons.org/licenses/by/2.0/,Dan Perry,https://www.flickr.com/people/golf_pictures/,"Tiburon, Naples, Florida",,cfff4e2984686cfbf12c6afedb8ac2f09db7b03fc74eb199fc5382cb74e45619
oi_train_a6521ce790c056fa,train,positive,a6521ce790c056fa,train,Open Images Dataset V7,https://storage.googleapis.com/openimages/web/index.html,https://s3.amazonaws.com/open-images-dataset/train/a6521ce790c056fa.jpg,https://c3.staticflickr.com/3/2155/2575139601_8e457c022e_o.jpg,https://www.flickr.com/photos/golf_pictures/2575139601,https://creativecommons.org/licenses/by/2.0/,Dan Perry,https://www.flickr.com/people/golf_pictures/,"The Wolverine, Grand Traverse Resort, Acme, Michigan",,6b4267854b8c80fcfb4d4050e3d805ed0b86de700c3edb2307192777c0b8b80e
oi_train_7b12db588ff57671,train,positive,7b12db588ff57671,train,Open Images Dataset V7,https://storage.googleapis.com/openimages/web/index.html,https://s3.amazonaws.com/open-images-dataset/train/7b12db588ff57671.jpg,https://farm2.staticflickr.com/3822/9304232355_8ece641d83_o.jpg,https://www.flickr.com/photos/nevillewootton/9304232355,https://creativecommons.org/licenses/by/2.0/,Neville Wootton,https://www.flickr.com/people/nevillewootton/,026 - Dean Battle,,9d33a971b6f994d065d35890a77e9a5256942fbe9f26db973e7e14dd5e20897c
oi_train_9f4983534e9dd0c6,train,positive,9f4983534e9dd0c6,train,Open Images Dataset V7,https://storage.googleapis.com/openimages/web/index.html,https://s3.amazonaws.com/open-images-dataset/train/9f4983534e9dd0c6.jpg,https://farm7.staticflickr.com/7323/9407864772_e223da363b_o.jpg,https://www.flickr.com/photos/nevillewootton/9407864772,https://creativecommons.org/licenses/by/2.0/,Neville Wootton,https://www.flickr.com/people/nevillewootton/,045 - Sammie Giles birdie putt would slip by,,4ddca1af813d4e0c6fda26fa02df7d67776f17595345adb0d7c1bb38ba8f8a69
oi_train_f283e9715b28fa2c,train,positive,f283e9715b28fa2c,train,Open Images Dataset V7,https://storage.googleapis.com/openimages/web/index.html,https://s3.amazonaws.com/open-images-dataset/train/f283e9715b28fa2c.jpg,https://c5.staticflickr.com/4/3247/2680128666_8cdb32ac5c_o.jpg,https://www.flickr.com/photos/pagedooley/2680128666,https://creativecommons.org/licenses/by/2.0/,Kevin Dooley,https://www.flickr.com/people/pagedooley/,Canon Powershot G7 review,,9b478dab4ae21d58f4a9591d27f4b7da1950cac01d665664c573c495d59cb404
oi_train_31d11cd6072deb9f,train,positive,31d11cd6072deb9f,train,Open Images Dataset V7,https://storage.googleapis.com/openimages/web/index.html,https://s3.amazonaws.com/open-images-dataset/train/31d11cd6072deb9f.jpg,https://c8.staticflickr.com/4/3175/2575913168_0761ebb48e_o.jpg,https://www.flickr.com/photos/golf_pictures/2575913168,https://creativecommons.org/licenses/by/2.0/,Dan Perry,https://www.flickr.com/people/golf_pictures/,"Lincoln Hills Golf Club, Ludington, Michigan",,d5911c37f804565eaeb23e74ef3953d139d2f678fc599451516d15e30a07233c
oi_train_7a35a7c9315ceccb,test,positive,7a35a7c9315ceccb,train,Open Images Dataset V7,https://storage.googleapis.com/openimages/web/index.html,https://s3.amazonaws.com/open-images-dataset/train/7a35a7c9315ceccb.jpg,https://c4.staticflickr.com/4/3921/14496545719_2c28009c7a_o.jpg,https://www.flickr.com/photos/nevillewootton/14496545719,https://creativecommons.org/licenses/by/2.0/,Neville Wootton,https://www.flickr.com/people/nevillewootton/,009 - Pam Heaton,,0af04a7f102a1e852b9a04602d43a2463b61c89d3b45fd131923e84d294ee00e
oi_train_133b21d78c9ccd00,train,positive,133b21d78c9ccd00,train,Open Images Dataset V7,https://storage.googleapis.com/openimages/web/index.html,https://s3.amazonaws.com/open-images-dataset/train/133b21d78c9ccd00.jpg,https://farm1.staticflickr.com/443/19587017880_de8964d92b_o.jpg,https://www.flickr.com/photos/26126239@N02/19587017880,https://creativecommons.org/licenses/by/2.0/,University of Exeter,https://www.flickr.com/people/26126239@N02/,Alumni Golf Day 2015,,474fcda57809764a891ea1ca57e7deadfaed77615459eb808f4b24f04a433280
oi_train_944c8a91ed448c3c,val,positive,944c8a91ed448c3c,train,Open Images Dataset V7,https://storage.googleapis.com/openimages/web/index.html,https://s3.amazonaws.com/open-images-dataset/train/944c8a91ed448c3c.jpg,https://c5.staticflickr.com/4/3648/5822747922_15c866a71c_o.jpg,https://www.flickr.com/photos/sterlic/5822747922,https://creativecommons.org/licenses/by/2.0/,Scott Akerman,https://www.flickr.com/people/sterlic/,Miniature Golf,,8ea272c18091a57f1ecfc3dc37bf1c7426e2d400a910e1d6d87f940f574afa55
oi_train_80f2c79abcc0822f,train,positive,80f2c79abcc0822f,train,Open Images Dataset V7,https://storage.googleapis.com/openimages/web/index.html,https://s3.amazonaws.com/open-images-dataset/train/80f2c79abcc0822f.jpg,https://c8.staticflickr.com/7/6120/6282661348_10ee58390a_o.jpg,https://www.flickr.com/photos/europedistrict/6282661348,https://creativecommons.org/licenses/by/2.0/,U.S. Army Corps of Engineers Europe District,https://www.flickr.com/people/europedistrict/,"USACE employees, families tee off in local golf tournament",,5bcc395ac7e3f0e769480dd9623c09e4a13820cdd446b55a0c2147f25faf2fab
oi_train_950f3bc4a8e9dc16,test,positive,950f3bc4a8e9dc16,train,Open Images Dataset V7,https://storage.googleapis.com/openimages/web/index.html,https://s3.amazonaws.com/open-images-dataset/train/950f3bc4a8e9dc16.jpg,https://farm7.staticflickr.com/8650/15723817763_c3f0816a5c_o.jpg,https://www.flickr.com/photos/veritatem/15723817763,https://creativecommons.org/licenses/by/2.0/,Heidi De Vries,https://www.flickr.com/people/veritatem/,Jenny Holzer,,e98c9b39b8be4f4c25494b5705413224a506ccb64c8e21b4845a37ba64f927aa
oi_train_4294b14b89927c90,train,positive,4294b14b89927c90,train,Open Images Dataset V7,https://storage.googleapis.com/openimages/web/index.html,https://s3.amazonaws.com/open-images-dataset/train/4294b14b89927c90.jpg,https://farm1.staticflickr.com/8178/8013109382_d17083f267_o.jpg,https://www.flickr.com/photos/dyson/8013109382,https://creativecommons.org/licenses/by/2.0/,Dicy One,https://www.flickr.com/people/dyson/,Stowe Gardens 115,,62245fdee1c1edb2020c1c51e4a04fde261f1eb4e5dc099238f63cb53e6f3f23
oi_train_1834d10ee20dd562,test,positive,1834d10ee20dd562,train,Open Images Dataset V7,https://storage.googleapis.com/openimages/web/index.html,https://s3.amazonaws.com/open-images-dataset/train/1834d10ee20dd562.jpg,https://farm3.staticflickr.com/227/508071898_35cbf1e9f9_o.jpg,https://www.flickr.com/photos/powerbooktrance/508071898,https://creativecommons.org/licenses/by/2.0/,Terry Johnston,https://www.flickr.com/people/powerbooktrance/,White Spots,,4f673693403b58ef41015247727cce9aa4bbeaa56b78a18303b0fb0b50bfd041
oi_train_d62392d63f54167c,train,positive,d62392d63f54167c,train,Open Images Dataset V7,https://storage.googleapis.com/openimages/web/index.html,https://s3.amazonaws.com/open-images-dataset/train/d62392d63f54167c.jpg,https://c5.staticflickr.com/4/3060/2789691256_cd4d43bed3_o.jpg,https://www.flickr.com/photos/golf_pictures/2789691256,https://creativecommons.org/licenses/by/2.0/,Dan Perry,https://www.flickr.com/people/golf_pictures/,"Treetops Golf Resort - Tom Fazio Premier, Gaylord, Michigan",,63788c82d462be36773967fabfcb20bd8225f6229cd0c6ea3ff4e2127b78ba01
oi_train_cae82940c36f2bc0,train,positive,cae82940c36f2bc0,train,Open Images Dataset V7,https://storage.googleapis.com/openimages/web/index.html,https://s3.amazonaws.com/open-images-dataset/train/cae82940c36f2bc0.jpg,https://farm1.staticflickr.com/5781/21431725234_d4ebf7a21f_o.jpg,https://www.flickr.com/photos/artlung/21431725234,https://creativecommons.org/licenses/by/2.0/,Joe Crawford,https://www.flickr.com/people/artlung/,YO,,96703e00449961cd174fa57ddc1cd2a0ad4824bd5382793c25acdf236c52afc8
oi_test_7944e7278799ac2c,train,positive,7944e7278799ac2c,test,Open Images Dataset V7,https://storage.googleapis.com/openimages/web/index.html,https://s3.amazonaws.com/open-images-dataset/test/7944e7278799ac2c.jpg,https://c5.staticflickr.com/4/3221/2684885154_bfb5790150_o.jpg,https://www.flickr.com/photos/basheertome/2684885154,https://creativecommons.org/licenses/by/2.0/,Basheer Tome,https://www.flickr.com/people/basheertome/,Sherwood Forest,,c9f2969768a9128cdea2588930d1283fe8da573c829ea3613e082ad8284106c7
oi_train_00532d9d29cc7f22,val,positive,00532d9d29cc7f22,train,Open Images Dataset V7,https://storage.googleapis.com/openimages/web/index.html,https://s3.amazonaws.com/open-images-dataset/train/00532d9d29cc7f22.jpg,https://farm3.staticflickr.com/8218/8365971679_e5d2886cc3_o.jpg,https://www.flickr.com/photos/35314767@N00/8365971679,https://creativecommons.org/licenses/by/2.0/,Mike Hauser,https://www.flickr.com/people/35314767@N00/,Three tee shots #golf,,e45ecea1dc079506ca450f3bd5a043717c1514c04b0a1817f9926e43965f14b6
oi_train_009fa98953c23664,train,positive,009fa98953c23664,train,Open Images Dataset V7,https://storage.googleapis.com/openimages/web/index.html,https://s3.amazonaws.com/open-images-dataset/train/009fa98953c23664.jpg,https://farm5.staticflickr.com/8715/17071942429_603516db47_o.jpg,https://www.flickr.com/photos/ryanschreiber/17071942429,https://creativecommons.org/licenses/by/2.0/,Ryan Schreiber,https://www.flickr.com/people/ryanschreiber/,The Masters - Luke Donald,,7a03b90a8b4f45a87432f59869667eefee2db1c819b6664d42859940466e14bc
oi_train_c3a51d90ea71a457,train,positive,c3a51d90ea71a457,train,Open Images Dataset V7,https://storage.googleapis.com/openimages/web/index.html,https://s3.amazonaws.com/open-images-dataset/train/c3a51d90ea71a457.jpg,https://farm8.staticflickr.com/3694/12383677774_98d7b87328_o.jpg,https://www.flickr.com/photos/cbnsp/12383677774,https://creativecommons.org/licenses/by/2.0/,Milton Jung,https://www.flickr.com/people/cbnsp/,Vamos bater uma bolinha?,,f833355b1cdd7062b3b5b33ec198860125510fd8d70c678e8eb85c266df7ce44
oi_train_1e5097dff4ebcfcc,train,positive,1e5097dff4ebcfcc,train,Open Images Dataset V7,https://storage.googleapis.com/openimages/web/index.html,https://s3.amazonaws.com/open-images-dataset/train/1e5097dff4ebcfcc.jpg,https://c5.staticflickr.com/3/2285/2541149068_0a5287850e_o.jpg,https://www.flickr.com/photos/ian_d/2541149068/,https://creativecommons.org/licenses/by/2.0/,Ian Dick,https://www.flickr.com/people/ian_d/,Ken,,7dd7c4225889edbd6a78a18cb97fe772f3b39145a04e5122a40cea23ac182c87
oi_train_7f261fed125e4753,test,positive,7f261fed125e4753,train,Open Images Dataset V7,https://storage.googleapis.com/openimages/web/index.html,https://s3.amazonaws.com/open-images-dataset/train/7f261fed125e4753.jpg,https://farm4.staticflickr.com/3838/14807395465_4093911490_o.jpg,https://www.flickr.com/photos/cmichel67/14807395465,https://creativecommons.org/licenses/by/2.0/,Christopher Michel,https://www.flickr.com/people/cmichel67/,Golf,,4058a89be32ef1d5873fc4a229ff2e988621604118815acbffee594cadea49e5
oi_train_05ef5bd6ffb4c0c7,train,positive,05ef5bd6ffb4c0c7,train,Open Images Dataset V7,https://storage.googleapis.com/openimages/web/index.html,https://s3.amazonaws.com/open-images-dataset/train/05ef5bd6ffb4c0c7.jpg,https://farm8.staticflickr.com/3095/2298375503_f85ee3e76f_o.jpg,https://www.flickr.com/photos/bradleypjohnson/2298375503,https://creativecommons.org/licenses/by/2.0/,bradleypjohnson,https://www.flickr.com/people/bradleypjohnson/,Rolling the Rock,,c561cafc42ad38ce16153b837ea58c250c26ca6238e189577dc6b88e935b63b7
oi_train_52cae051f449e5ed,train,positive,52cae051f449e5ed,train,Open Images Dataset V7,https://storage.googleapis.com/openimages/web/index.html,https://s3.amazonaws.com/open-images-dataset/train/52cae051f449e5ed.jpg,https://c6.staticflickr.com/9/8675/16566677982_d2013a14c3_o.jpg,https://www.flickr.com/photos/markusspiske/16566677982,https://creativecommons.org/licenses/by/2.0/,Markus Spiske,https://www.flickr.com/people/markusspiske/,golf ball,,91bee0ddb76349f8ac70b20e5043d42a64affafe982c43934a112f760b522831
oi_train_349dad65811d19a5,test,positive,349dad65811d19a5,train,Open Images Dataset V7,https://storage.googleapis.com/openimages/web/index.html,https://s3.amazonaws.com/open-images-dataset/train/349dad65811d19a5.jpg,https://farm6.staticflickr.com/3267/3212301742_95d2f8aa6b_o.jpg,https://www.flickr.com/photos/chrisamichaels/3212301742,https://creativecommons.org/licenses/by/2.0/,Chris Michaels,https://www.flickr.com/people/chrisamichaels/,IMG_0831,,6d565bf66543eb41b695b357b764a1c83b2c5f3a1ac926a90d8331e6ea7ae829
oi_train_0112a8b3ef79fa20,test,positive,0112a8b3ef79fa20,train,Open Images Dataset V7,https://storage.googleapis.com/openimages/web/index.html,https://s3.amazonaws.com/open-images-dataset/train/0112a8b3ef79fa20.jpg,https://farm1.staticflickr.com/2218/2493963896_94019f53fb_o.jpg,https://www.flickr.com/photos/eagle102/2493963896,https://creativecommons.org/licenses/by/2.0/,eagle102.net,https://www.flickr.com/people/eagle102/,Bowling Green State Golf,,a8bb2b641b02ae21a079d12a83b9e74c0dd7cf10c39fcf3f99c20646b0b4612d
oi_train_bf570a360ca4cba4,train,positive,bf570a360ca4cba4,train,Open Images Dataset V7,https://storage.googleapis.com/openimages/web/index.html,https://s3.amazonaws.com/open-images-dataset/train/bf570a360ca4cba4.jpg,https://farm5.staticflickr.com/2495/3775973896_6fb649928b_o.jpg,https://www.flickr.com/photos/golf_pictures/3775973896,https://creativecommons.org/licenses/by/2.0/,Dan Perry,https://www.flickr.com/people/golf_pictures/,Bug On My Ball,,3472969c014c066aa78d811415002516740c5217ea5f842688bf68951a67a469
oi_train_c8722723babcb18a,train,positive,c8722723babcb18a,train,Open Images Dataset V7,https://storage.googleapis.com/openimages/web/index.html,https://s3.amazonaws.com/open-images-dataset/train/c8722723babcb18a.jpg,https://c3.staticflickr.com/4/3282/2575950866_7072d9e724_o.jpg,https://www.flickr.com/photos/golf_pictures/2575950866,https://creativecommons.org/licenses/by/2.0/,Dan Perry,https://www.flickr.com/people/golf_pictures/,"The Reserve at East Bay, Provo, Utah",,8675f0006045761178e42598b4e5dfda8a72525e3ea121a319c3afd132933069
oi_train_f6e8da606fb240da,train,positive,f6e8da606fb240da,train,Open Images Dataset V7,https://storage.googleapis.com/openimages/web/index.html,https://s3.amazonaws.com/open-images-dataset/train/f6e8da606fb240da.jpg,https://c3.staticflickr.com/4/3272/2575120621_f8147afb22_o.jpg,https://www.flickr.com/photos/golf_pictures/2575120621,https://creativecommons.org/licenses/by/2.0/,Dan Perry,https://www.flickr.com/people/golf_pictures/,"Rio Secco Golf Club, Henderson, Nevada",,1878b6496c07cc381e522f6bbdcb0bce2962b4f6201a28c1e6baf55fa9cf4217
oi_train_1c9abc463523efc6,train,positive,1c9abc463523efc6,train,Open Images Dataset V7,https://storage.googleapis.com/openimages/web/index.html,https://s3.amazonaws.com/open-images-dataset/train/1c9abc463523efc6.jpg,https://farm7.staticflickr.com/3910/14605466448_9ba964624d_o.jpg,https://www.flickr.com/photos/nevillewootton/14605466448,https://creativecommons.org/licenses/by/2.0/,Neville Wootton,https://www.flickr.com/people/nevillewootton/,014 - Joe Mickelthwaite's flighted chip to the 17th green,,39a351fe62dd50b053d9ca0619f573fcaeb4b110f353280ef43a3f83063cb95c
oi_train_deb460dffea10bc8,train,positive,deb460dffea10bc8,train,Open Images Dataset V7,https://storage.googleapis.com/openimages/web/index.html,https://s3.amazonaws.com/open-images-dataset/train/deb460dffea10bc8.jpg,https://c1.staticflickr.com/6/5053/5463481162_9139f65a3b_o.jpg,https://www.flickr.com/photos/lge/5463481162,https://creativecommons.org/licenses/by/2.0/,LG전자,https://www.flickr.com/people/lge/,LG Optimus 3D,,d264675b3dd62c976de989e1f1881be3086c6554bd1a412e622e0a149878bfe6
oi_train_f2c103de09f9cdce,train,positive,f2c103de09f9cdce,train,Open Images Dataset V7,https://storage.googleapis.com/openimages/web/index.html,https://s3.amazonaws.com/open-images-dataset/train/f2c103de09f9cdce.jpg,https://c7.staticflickr.com/8/7135/7037211561_889f050e89_o.jpg,https://www.flickr.com/photos/brisbanecitycouncil/7037211561,https://creativecommons.org/licenses/by/2.0/,Brisbane City Council,https://www.flickr.com/people/brisbanecitycouncil/,Hole on Victoria Park Golf Complex with city view,,036c35d757a5368f3c5cf1735227020b09dc454dbc1ae8fdac94b4f5e61ff677
oi_train_f8bae3ab5fa82716,train,positive,f8bae3ab5fa82716,train,Open Images Dataset V7,https://storage.googleapis.com/openimages/web/index.html,https://s3.amazonaws.com/open-images-dataset/train/f8bae3ab5fa82716.jpg,https://farm7.staticflickr.com/2077/2082764854_e816385cdc_o.jpg,https://www.flickr.com/photos/tinou/2082764854,https://creativecommons.org/licenses/by/2.0/,Tinou Bao,https://www.flickr.com/people/tinou/,"17th Hole, Old Course",,550b7318c9d0f27cdfbc0f983c400c548f559eff902c5133cd641eb1a6b2ffd4
oi_test_b2259a0da58bf723,train,positive,b2259a0da58bf723,test,Open Images Dataset V7,https://storage.googleapis.com/openimages/web/index.html,https://s3.amazonaws.com/open-images-dataset/test/b2259a0da58bf723.jpg,https://farm4.staticflickr.com/4116/4746962739_7296d35745_o.jpg,https://www.flickr.com/photos/configmanager/4746962739,https://creativecommons.org/licenses/by/2.0/,configmanager,https://www.flickr.com/people/configmanager/,dad golfing,,8c47eff659fefb44150c2589734e889e6abbef32c776e7120e65c0a7e9b34512
oi_train_1321667713f469ef,val,positive,1321667713f469ef,train,Open Images Dataset V7,https://storage.googleapis.com/openimages/web/index.html,https://s3.amazonaws.com/open-images-dataset/train/1321667713f469ef.jpg,https://c8.staticflickr.com/1/163/424591684_aeaaa4b3fa_o.jpg,https://www.flickr.com/photos/joelanman/424591684,https://creativecommons.org/licenses/by/2.0/,Joe Lanman,https://www.flickr.com/people/joelanman/,Steve,,c1985236c0480788455f7fa998d951521906365caa85e62706b2db2e713ee0ea
oi_train_15012acb28c8fac9,train,positive,15012acb28c8fac9,train,Open Images Dataset V7,https://storage.googleapis.com/openimages/web/index.html,https://s3.amazonaws.com/open-images-dataset/train/15012acb28c8fac9.jpg,https://c2.staticflickr.com/6/5214/5472606983_5b431d212e_o.jpg,https://www.flickr.com/photos/lel4nd/5472606983,https://creativecommons.org/licenses/by/2.0/,Leland Francisco,https://www.flickr.com/people/lel4nd/,Golf Ball,,1e5a0eb140e91f21c7dcabb4113d60dea8838f4ae046364cb820431284358d61
oi_train_254ef7d15f554e3c,train,positive,254ef7d15f554e3c,train,Open Images Dataset V7,https://storage.googleapis.com/openimages/web/index.html,https://s3.amazonaws.com/open-images-dataset/train/254ef7d15f554e3c.jpg,https://c5.staticflickr.com/1/71/208662600_5046e00801_o.jpg,https://www.flickr.com/photos/hyku/208662600,https://creativecommons.org/licenses/by/2.0/,Josh Hallett,https://www.flickr.com/people/hyku/,On the Green,,3e7dbee1a8b05f5a5fd7f7b36b0ba2fd435035cfb7f0217c27b23f79355737ec
oi_train_b580bc8fb8710d27,train,positive,b580bc8fb8710d27,train,Open Images Dataset V7,https://storage.googleapis.com/openimages/web/index.html,https://s3.amazonaws.com/open-images-dataset/train/b580bc8fb8710d27.jpg,https://farm8.staticflickr.com/3099/2575984592_a7e35c639c_o.jpg,https://www.flickr.com/photos/golf_pictures/2575984592/,https://creativecommons.org/licenses/by/2.0/,Dan Perry,https://www.flickr.com/people/golf_pictures/,"Bali Hai Golf Club, Las Vegas, Nevada",,e75ff4e3ac4bbc77707d659eafe43bf686d8bf2dcf46fc2b8499391233963818
oi_train_970394df5993c6c8,train,positive,970394df5993c6c8,train,Open Images Dataset V7,https://storage.googleapis.com/openimages/web/index.html,https://s3.amazonaws.com/open-images-dataset/train/970394df5993c6c8.jpg,https://c1.staticflickr.com/4/3194/2834394471_09e0cc1722_o.jpg,https://www.flickr.com/photos/bantam10/2834394471,https://creativecommons.org/licenses/by/2.0/,Ted Van Pelt,https://www.flickr.com/people/bantam10/,Jim Thorpe Photo by Ted Van Pelt,,f970a190747b357048d8a7fa2d38ab90ad9b955d42078ed5aea5a3a485fdb021
oi_train_660ad265922146c4,train,positive,660ad265922146c4,train,Open Images Dataset V7,https://storage.googleapis.com/openimages/web/index.html,https://s3.amazonaws.com/open-images-dataset/train/660ad265922146c4.jpg,https://farm5.staticflickr.com/6065/6079874598_766485ab38_o.jpg,https://www.flickr.com/photos/usarmyafrica/6079874598,https://creativecommons.org/licenses/by/2.0/,US Army Africa,https://www.flickr.com/people/usarmyafrica/,DSC_2224,,af98feaebc478b94bf5c29003b6f49e00c013e581eb3c0dceb48c252ff18ef5d
oi_train_25ff678f4b6666e6,train,positive,25ff678f4b6666e6,train,Open Images Dataset V7,https://storage.googleapis.com/openimages/web/index.html,https://s3.amazonaws.com/open-images-dataset/train/25ff678f4b6666e6.jpg,https://farm7.staticflickr.com/5485/9304257125_a6085dc1af_o.jpg,https://www.flickr.com/photos/nevillewootton/9304257125,https://creativecommons.org/licenses/by/2.0/,Neville Wootton,https://www.flickr.com/people/nevillewootton/,016 - John Patterson with far too good a swing for his handicap!,,b5fe288d04ed902bba60623d9da96681b19588585a9b965a3cf53fffbfcc5d7b
oi_test_ec6204dd25e4a71a,train,positive,ec6204dd25e4a71a,test,Open Images Dataset V7,https://storage.googleapis.com/openimages/web/index.html,https://s3.amazonaws.com/open-images-dataset/test/ec6204dd25e4a71a.jpg,https://c3.staticflickr.com/9/8082/8305067707_c1db9f35d1_o.jpg,https://www.flickr.com/photos/raysawhill/8305067707,https://creativecommons.org/licenses/by/2.0/,Ray Sawhill,https://www.flickr.com/people/raysawhill/,Is it legal to sneeze?,,a9b05ac06816651bd500d13bd7662a119db34e6159ebdff679d5b8fc8f45baa1
oi_validation_18e1f829a40f5724,train,positive,18e1f829a40f5724,validation,Open Images Dataset V7,https://storage.googleapis.com/openimages/web/index.html,https://s3.amazonaws.com/open-images-dataset/validation/18e1f829a40f5724.jpg,https://farm5.staticflickr.com/4150/4847939225_55a409ca11_o.jpg,https://www.flickr.com/photos/zachheller/4847939225,https://creativecommons.org/licenses/by/2.0/,Zach Heller,https://www.flickr.com/people/zachheller/,Tee Off!,,5b7ca53feceda87bad86c0a2963e6a193baaf5408b71a489656c153b452a6d34
oi_train_5388e7cf0f4d7b8b,train,positive,5388e7cf0f4d7b8b,train,Open Images Dataset V7,https://storage.googleapis.com/openimages/web/index.html,https://s3.amazonaws.com/open-images-dataset/train/5388e7cf0f4d7b8b.jpg,https://c4.staticflickr.com/1/10/12899163_e551bf3dc1_o.jpg,https://www.flickr.com/photos/treydanger/12899163,https://creativecommons.org/licenses/by/2.0/,Xeusy,https://www.flickr.com/people/treydanger/,At Least I Can Putt =P,,25118173e7671e12bc418364c8f4bdd14f838c47a326673420fe2c0ed76d4cc7
oi_train_13a6faa42d691f5c,train,positive,13a6faa42d691f5c,train,Open Images Dataset V7,https://storage.googleapis.com/openimages/web/index.html,https://s3.amazonaws.com/open-images-dataset/train/13a6faa42d691f5c.jpg,https://c5.staticflickr.com/4/3850/15069614358_2ca1f5cebf_o.jpg,https://www.flickr.com/photos/vokakvklim/15069614358,https://creativecommons.org/licenses/by/2.0/,Voka Kamer van Koophandel Limburg,https://www.flickr.com/people/vokakvklim/,DSC00680,,fd36092fffee029ee25254f2e3833b87dbc6715dbdd4098cccaf85164f3938be
oi_train_f030a6f2441bdcde,val,positive,f030a6f2441bdcde,train,Open Images Dataset V7,https://storage.googleapis.com/openimages/web/index.html,https://s3.amazonaws.com/open-images-dataset/train/f030a6f2441bdcde.jpg,https://c7.staticflickr.com/9/8056/8108000365_639e8ff06a_o.jpg,https://www.flickr.com/photos/scottvanderchijs/8108000365,https://creativecommons.org/licenses/by/2.0/,Scott &amp; Elaine van der Chijs,https://www.flickr.com/people/scottvanderchijs/,golf lesson,,b1b8b4dc8f207b67165b4219df6e9f61a706198dd3e453c2cd5f5a23d1398cce
oi_train_f9f550708602e599,train,positive,f9f550708602e599,train,Open Images Dataset V7,https://storage.googleapis.com/openimages/web/index.html,https://s3.amazonaws.com/open-images-dataset/train/f9f550708602e599.jpg,https://c2.staticflickr.com/4/3103/2575939966_09457319d4_o.jpg,https://www.flickr.com/photos/golf_pictures/2575939966,https://creativecommons.org/licenses/by/2.0/,Dan Perry,https://www.flickr.com/people/golf_pictures/,"Los Altos Golf and Country Club, Los Altos, California",,297fd16499e41512805348583feb2c62f122e1a8b918f4f369b5f7557e095dc8
oi_train_86175c828e5f041d,train,positive,86175c828e5f041d,train,Open Images Dataset V7,https://storage.googleapis.com/openimages/web/index.html,https://s3.amazonaws.com/open-images-dataset/train/86175c828e5f041d.jpg,https://c6.staticflickr.com/6/5589/14783207920_b731da8b44_o.jpg,https://www.flickr.com/photos/brtinney/14783207920,https://creativecommons.org/licenses/by/2.0/,Bradley Tinney,https://www.flickr.com/people/brtinney/,Mini-Golf Ball,,de9203d48c9105820c2156fb7d63b6fbbb53386c0fdd0fc3acefac45489bf61e
oi_train_301564dcf300ab49,test,positive,301564dcf300ab49,train,Open Images Dataset V7,https://storage.googleapis.com/openimages/web/index.html,https://s3.amazonaws.com/open-images-dataset/train/301564dcf300ab49.jpg,https://c2.staticflickr.com/1/96/233205169_7ebe45b4fe_o.jpg,https://www.flickr.com/photos/cnewtoncom/233205169,https://creativecommons.org/licenses/by/2.0/,Christian Newton,https://www.flickr.com/people/cnewtoncom/,Birdie try,,4ab1100b81fb9e0270191ec6625f589f6cb6eb1269e033a07293418eeee5d94c
oi_train_5d47d6082d8a37e4,train,positive,5d47d6082d8a37e4,train,Open Images Dataset V7,https://storage.googleapis.com/openimages/web/index.html,https://s3.amazonaws.com/open-images-dataset/train/5d47d6082d8a37e4.jpg,https://farm5.staticflickr.com/1156/732731546_c99f4e4e68_o.jpg,https://www.flickr.com/photos/joeshlabotnik/732731546,https://creativecommons.org/licenses/by/2.0/,Joe Shlabotnik,https://www.flickr.com/people/joeshlabotnik/,Practice Swing,,26f9a66c421b3edd8fb3e0c256487c4135dc6a11e20f6a998dfd2182ff354f9f
oi_train_25e9eeae741c988a,train,positive,25e9eeae741c988a,train,Open Images Dataset V7,https://storage.googleapis.com/openimages/web/index.html,https://s3.amazonaws.com/open-images-dataset/train/25e9eeae741c988a.jpg,https://c3.staticflickr.com/4/3888/14675280235_1da357484d_o.jpg,https://www.flickr.com/photos/nevillewootton/14675280235,https://creativecommons.org/licenses/by/2.0/,Neville Wootton,https://www.flickr.com/people/nevillewootton/,139 - Ian Parker,,959d1d7725ca7f5f5176a8ffbf8c71758d1df81d688cc8feb5f16f4a5d16b88d
oi_validation_a2e124a307e3b538,train,positive,a2e124a307e3b538,validation,Open Images Dataset V7,https://storage.googleapis.com/openimages/web/index.html,https://s3.amazonaws.com/open-images-dataset/validation/a2e124a307e3b538.jpg,https://c1.staticflickr.com/4/3140/2780464718_12f2308cb3_o.jpg,https://www.flickr.com/photos/makelessnoise/2780464718,https://creativecommons.org/licenses/by/2.0/,makelessnoise,https://www.flickr.com/people/makelessnoise/,"Deer, Deer, Birdie",,45aadc6d0125d109a20b05396dbbf28e668eb498fdff8d3d53b6e908a902f3e7
oi_train_2c6d3b2300cb0100,train,positive,2c6d3b2300cb0100,train,Open Images Dataset V7,https://storage.googleapis.com/openimages/web/index.html,https://s3.amazonaws.com/open-images-dataset/train/2c6d3b2300cb0100.jpg,https://farm1.staticflickr.com/3136/2575914262_e28c892e31_o.jpg,https://www.flickr.com/photos/golf_pictures/2575914262,https://creativecommons.org/licenses/by/2.0/,Dan Perry,https://www.flickr.com/people/golf_pictures/,"Bear Lake County Highlands, Bear Lake, Michigan",,f2685f96a0c86549fe8994c72a957b30091385d15c86b39fbe0763d5dc6a3c77
oi_test_97ab0ec8128a8729,train,positive,97ab0ec8128a8729,test,Open Images Dataset V7,https://storage.googleapis.com/openimages/web/index.html,https://s3.amazonaws.com/open-images-dataset/test/97ab0ec8128a8729.jpg,https://c2.staticflickr.com/1/11/13682185_c05091dd34_o.jpg,https://www.flickr.com/photos/brainware3000/13682185,https://creativecommons.org/licenses/by/2.0/,Jeffrey,https://www.flickr.com/people/brainware3000/,astroturf,,1ccba5e278d5b85adf7c2cc3f8be248c6cfae840e41dd44ce33a2c4510e2ee0d
oi_train_f78e60fff17089be,train,positive,f78e60fff17089be,train,Open Images Dataset V7,https://storage.googleapis.com/openimages/web/index.html,https://s3.amazonaws.com/open-images-dataset/train/f78e60fff17089be.jpg,https://c7.staticflickr.com/6/5616/15423507267_31ec9cf92b_o.jpg,https://www.flickr.com/photos/bdgstonepix/15423507267,https://creativecommons.org/licenses/by/2.0/,Gaston Hinostroza,https://www.flickr.com/people/bdgstonepix/,DSC_0840,,d4c8908f25d062b9dfbdadc0d411fbdd826d8cc2344dae2fb565722fa5d41c69
oi_train_1deea300a63f5998,train,positive,1deea300a63f5998,train,Open Images Dataset V7,https://storage.googleapis.com/openimages/web/index.html,https://s3.amazonaws.com/open-images-dataset/train/1deea300a63f5998.jpg,https://c3.staticflickr.com/3/2063/2529157168_0535d21998_o.jpg,https://www.flickr.com/photos/golf_pictures/2529157168/,https://creativecommons.org/licenses/by/2.0/,Dan Perry,https://www.flickr.com/people/golf_pictures/,"The Bull Golf Course, Sheboygan Falls, Wisconsin",,89fa4f1454e55e1785b44eae404ca32251ee8f1e2296ae8bac4742905d7eb6d2
oi_train_ad7cee06331eea26,test,positive,ad7cee06331eea26,train,Open Images Dataset V7,https://storage.googleapis.com/openimages/web/index.html,https://s3.amazonaws.com/open-images-dataset/train/ad7cee06331eea26.jpg,https://farm7.staticflickr.com/4102/4880206531_b38522fb45_o.jpg,https://www.flickr.com/photos/tawest64/4880206531,https://creativecommons.org/licenses/by/2.0/,tawest64,https://www.flickr.com/people/tawest64/,Golf Ball Cupcakes,,f0041bbaa51e5c69c1512a323caa65b2fad33043fe815c2d79fc7847ec689b19
oi_train_10d3d4043dd42b5e,train,positive,10d3d4043dd42b5e,train,Open Images Dataset V7,https://storage.googleapis.com/openimages/web/index.html,https://s3.amazonaws.com/open-images-dataset/train/10d3d4043dd42b5e.jpg,https://c7.staticflickr.com/4/3779/9373165605_cfae1e5592_o.jpg,https://www.flickr.com/photos/nevillewootton/9373165605,https://creativecommons.org/licenses/by/2.0/,Neville Wootton,https://www.flickr.com/people/nevillewootton/,050 - Cheryl Bridgeman,,af94aebafe50325ab1755870eeaa661715137e5369e2af5bcbd089f7b61867ae
oi_test_d6d1c4af0eb29b02,val,positive,d6d1c4af0eb29b02,test,Open Images Dataset V7,https://storage.googleapis.com/openimages/web/index.html,https://s3.amazonaws.com/open-images-dataset/test/d6d1c4af0eb29b02.jpg,https://farm3.staticflickr.com/1087/1392477416_3f3c38cfa5_o.jpg,https://www.flickr.com/photos/daveynin/1392477416,https://creativecommons.org/licenses/by/2.0/,daveynin,https://www.flickr.com/people/daveynin/,Team watching the golf ball roll on green,,fece8e9618678acfce27b80720d2c13d50cea3c0878de9291450974b9edd586a
oi_train_64cf3bd22f1ea05e,train,positive,64cf3bd22f1ea05e,train,Open Images Dataset V7,https://storage.googleapis.com/openimages/web/index.html,https://s3.amazonaws.com/open-images-dataset/train/64cf3bd22f1ea05e.jpg,https://c7.staticflickr.com/4/3002/2575926268_4dee42b1f2_o.jpg,https://www.flickr.com/photos/golf_pictures/2575926268,https://creativecommons.org/licenses/by/2.0/,Dan Perry,https://www.flickr.com/people/golf_pictures/,"Talamore, Southern Pines, North Carolina",,56b1f620c46911d251a076ce08da41233fe5e2678abe0d8f9516ac514b1fdc1a
oi_train_0a99761018989ea4,test,positive,0a99761018989ea4,train,Open Images Dataset V7,https://storage.googleapis.com/openimages/web/index.html,https://s3.amazonaws.com/open-images-dataset/train/0a99761018989ea4.jpg,https://farm5.staticflickr.com/8650/16210559169_d5b6fe0118_o.jpg,https://www.flickr.com/photos/manoftaste-de/16210559169,https://creativecommons.org/licenses/by/2.0/,Christian Schnettelker,https://www.flickr.com/people/manoftaste-de/,SEO,,fa0541f2c5f74e43d7acf3c87ad8742920f5da121237d71ca2ed772dcfe967d4
oi_train_c3fbdcda43a48cde,test,positive,c3fbdcda43a48cde,train,Open Images Dataset V7,https://storage.googleapis.com/openimages/web/index.html,https://s3.amazonaws.com/open-images-dataset/train/c3fbdcda43a48cde.jpg,https://c7.staticflickr.com/4/3128/2575912152_7ee390f102_o.jpg,https://www.flickr.com/photos/golf_pictures/2575912152,https://creativecommons.org/licenses/by/2.0/,Dan Perry,https://www.flickr.com/people/golf_pictures/,"Pinecroft Golf Plantation, Beulah, Michigan",,9d307f1c468a911a4271093df7de1672872e538a337f17ae77b2a99b56a0992d
oi_train_1ee6dd0f2fdfc1d7,test,positive,1ee6dd0f2fdfc1d7,train,Open Images Dataset V7,https://storage.googleapis.com/openimages/web/index.html,https://s3.amazonaws.com/open-images-dataset/train/1ee6dd0f2fdfc1d7.jpg,https://farm8.staticflickr.com/4086/5116190884_9d2c108dbb_o.jpg,https://www.flickr.com/photos/davidhorne/5116190884,https://creativecommons.org/licenses/by/2.0/,David Horne,https://www.flickr.com/people/davidhorne/,IMG_0884,,2079f63fe20d9463e46dc5e069c44cad23ad3aafee9ae9171d0419b823c2e77f
oi_train_a051509bd39d69f8,test,positive,a051509bd39d69f8,train,Open Images Dataset V7,https://storage.googleapis.com/openimages/web/index.html,https://s3.amazonaws.com/open-images-dataset/train/a051509bd39d69f8.jpg,https://c1.staticflickr.com/9/8378/8431538382_a1658352ba_o.jpg,https://www.flickr.com/photos/onepointfour/8431538382,https://creativecommons.org/licenses/by/2.0/,Dustin Gaffke,https://www.flickr.com/people/onepointfour/,Day 31: Getting Colder!,,3e19836069b6b4eb3617f24eb16adfb274ce1bcb94e32abdbbe459c61037b3d0
oi_test_d7cf1cb027fe6722,train,positive,d7cf1cb027fe6722,test,Open Images Dataset V7,https://storage.googleapis.com/openimages/web/index.html,https://s3.amazonaws.com/open-images-dataset/test/d7cf1cb027fe6722.jpg,https://farm3.staticflickr.com/7466/15661662757_562e9beea6_o.jpg,https://www.flickr.com/photos/clender/15661662757,https://creativecommons.org/licenses/by/2.0/,Carl Lender,https://www.flickr.com/people/clender/,Lender's Golf Balls,,d95b42af51a489eecfa95087f5508e8d431bd6c0a17931f087427c2795047d0c
oi_train_8320aafa63ae8997,test,positive,8320aafa63ae8997,train,Open Images Dataset V7,https://storage.googleapis.com/openimages/web/index.html,https://s3.amazonaws.com/open-images-dataset/train/8320aafa63ae8997.jpg,https://farm8.staticflickr.com/5233/14488424500_5b2581055e_o.jpg,https://www.flickr.com/photos/nevillewootton/14488424500,https://creativecommons.org/licenses/by/2.0/,Neville Wootton,https://www.flickr.com/people/nevillewootton/,107 - David Pover,,04508ba624eccfd50c5f1d1cb281125c966758c58349476a39e79e8dc0865463
oi_train_4bdd03bc44a6a819,test,positive,4bdd03bc44a6a819,train,Open Images Dataset V7,https://storage.googleapis.com/openimages/web/index.html,https://s3.amazonaws.com/open-images-dataset/train/4bdd03bc44a6a819.jpg,https://c2.staticflickr.com/9/8487/8208500709_d543047973_o.jpg,https://www.flickr.com/photos/jon-clark/8208500709,https://creativecommons.org/licenses/by/2.0/,Jon Lee Clark,https://www.flickr.com/people/jon-clark/,Sporting the #fall #golf outfit. #sports #holeinone,,c83a7e55240ac7c37ded9c974d068996298478fa1a38c23bee3b8140cf75632c
oi_train_28b68ead7c7b74ad,train,positive,28b68ead7c7b74ad,train,Open Images Dataset V7,https://storage.googleapis.com/openimages/web/index.html,https://s3.amazonaws.com/open-images-dataset/train/28b68ead7c7b74ad.jpg,https://c6.staticflickr.com/4/3062/2347736882_2bb84ca34e_o.jpg,https://www.flickr.com/photos/golf_pictures/2347736882,https://creativecommons.org/licenses/by/2.0/,Dan Perry,https://www.flickr.com/people/golf_pictures/,Dan Perry,,e20440910cb593b77bc5b6fca08f2113a5087faf634902dc333c0603d6cc6c83
oi_train_065663decefab77b,train,positive,065663decefab77b,train,Open Images Dataset V7,https://storage.googleapis.com/openimages/web/index.html,https://s3.amazonaws.com/open-images-dataset/train/065663decefab77b.jpg,https://c4.staticflickr.com/5/4049/4575135984_24c729058b_o.jpg,https://www.flickr.com/photos/99092496@N00/4575135984,https://creativecommons.org/licenses/by/2.0/,Klim Levene,https://www.flickr.com/people/99092496@N00/,Golfing Fairmont Mountainside,,adec8779f7d3099332378a77466b800f580a9c6ed5092083fe00b31e11d0ec8c
oi_validation_1beea2712bf5a333,train,positive,1beea2712bf5a333,validation,Open Images Dataset V7,https://storage.googleapis.com/openimages/web/index.html,https://s3.amazonaws.com/open-images-dataset/validation/1beea2712bf5a333.jpg,https://farm4.staticflickr.com/6187/6155572787_5a240c89f7_o.jpg,https://www.flickr.com/photos/okchomeseller/6155572787,https://creativecommons.org/licenses/by/2.0/,Bill Wilson,https://www.flickr.com/people/okchomeseller/,Eagle Vail Golf Course,,23f483868e1b1f472a2d937fdad69b667e67721e763bd6fd3361d7155296fe1b
oi_train_28a0f1f7d9e3553b,train,positive,28a0f1f7d9e3553b,train,Open Images Dataset V7,https://storage.googleapis.com/openimages/web/index.html,https://s3.amazonaws.com/open-images-dataset/train/28a0f1f7d9e3553b.jpg,https://c4.staticflickr.com/6/5594/14703209753_e8c880c49f_o.jpg,https://www.flickr.com/photos/nevillewootton/14703209753,https://creativecommons.org/licenses/by/2.0/,Neville Wootton,https://www.flickr.com/people/nevillewootton/,036 - Ursula Dunkley,,fa518b4f5333d1da08069368e9ad6f1dcb16d3030a4a9294ad3bbf4f45e47eed
oi_train_0d049fd37d895ed2,train,positive,0d049fd37d895ed2,train,Open Images Dataset V7,https://storage.googleapis.com/openimages/web/index.html,https://s3.amazonaws.com/open-images-dataset/train/0d049fd37d895ed2.jpg,https://farm3.staticflickr.com/2054/2083597097_4fb78cb2a8_o.jpg,https://www.flickr.com/photos/carlosluzz/2083597097,https://creativecommons.org/licenses/by/2.0/,Carlos Luz,https://www.flickr.com/people/carlosluzz/,golf1,,9160684a84541cb5e8ca1bef7f39134fb6694ae03dc55e44c7074fd411468e0e
oi_train_55c294fa5b025038,train,positive,55c294fa5b025038,train,Open Images Dataset V7,https://storage.googleapis.com/openimages/web/index.html,https://s3.amazonaws.com/open-images-dataset/train/55c294fa5b025038.jpg,https://c1.staticflickr.com/1/70/178248796_a21bf19ab8_o.jpg,https://www.flickr.com/photos/dankamminga/178248796,https://creativecommons.org/licenses/by/2.0/,Dan Kamminga,https://www.flickr.com/people/dankamminga/,IMG_0440,,6b69238cd17618ca303b218870433d7cef5793afe0432e4dab3ea7e3d5a378af
oi_train_a69d3f52a89f2d59,val,positive,a69d3f52a89f2d59,train,Open Images Dataset V7,https://storage.googleapis.com/openimages/web/index.html,https://s3.amazonaws.com/open-images-dataset/train/a69d3f52a89f2d59.jpg,https://c2.staticflickr.com/4/3108/2575989160_80e5aaf2d9_o.jpg,https://www.flickr.com/photos/golf_pictures/2575989160,https://creativecommons.org/licenses/by/2.0/,Dan Perry,https://www.flickr.com/people/golf_pictures/,"Atunyote Golf Club, Verona, New York",,dd37ad026fffc45e31dc79954b48b69cade08c90160425068776bd39f6f0eaab
oi_train_08931a0376a01090,train,positive,08931a0376a01090,train,Open Images Dataset V7,https://storage.googleapis.com/openimages/web/index.html,https://s3.amazonaws.com/open-images-dataset/train/08931a0376a01090.jpg,https://farm1.staticflickr.com/200/483527356_727c759333_o.jpg,https://www.flickr.com/photos/foxypar4/483527356,https://creativecommons.org/licenses/by/2.0/,John Haslam,https://www.flickr.com/people/foxypar4/,Tees,,e419dee27ca3d0dcdb9bb725a9bb3c7a3336fcd26eb1ba5a4fc4119fd2ed18a8
oi_train_e0f2ec647c44add3,train,positive,e0f2ec647c44add3,train,Open Images Dataset V7,https://storage.googleapis.com/openimages/web/index.html,https://s3.amazonaws.com/open-images-dataset/train/e0f2ec647c44add3.jpg,https://farm4.staticflickr.com/3028/2575985748_e19f7b570a_o.jpg,https://www.flickr.com/photos/golf_pictures/2575985748,https://creativecommons.org/licenses/by/2.0/,Dan Perry,https://www.flickr.com/people/golf_pictures/,"TPC Scottsdale, Scottsdale, Arizona",,4814672b5f2110efc2a9fa2ba8d598cb35fd3b3538d50c10d64960d3d338db79
oi_test_8677ea1bec084ac3,train,positive,8677ea1bec084ac3,test,Open Images Dataset V7,https://storage.googleapis.com/openimages/web/index.html,https://s3.amazonaws.com/open-images-dataset/test/8677ea1bec084ac3.jpg,https://farm4.staticflickr.com/7308/10293466153_e1e6761bd6_o.jpg,https://www.flickr.com/photos/atgeist/10293466153,https://creativecommons.org/licenses/by/2.0/,TownePost Network,https://www.flickr.com/people/atgeist/,CHS GOLF - Maggie Rees,,6e03c0ca8acdd0b171280101cc0aa60dfa0d969d92c5d98cd2583397e97023e1
oi_train_ece496362cada25b,train,positive,ece496362cada25b,train,Open Images Dataset V7,https://storage.googleapis.com/openimages/web/index.html,https://s3.amazonaws.com/open-images-dataset/train/ece496362cada25b.jpg,https://c4.staticflickr.com/3/2667/4042250350_2ed0120d0f_o.jpg,https://www.flickr.com/photos/littledebbie11/4042250350,https://creativecommons.org/licenses/by/2.0/,Debs (ò‿ó)♪,https://www.flickr.com/people/littledebbie11/,Carrot Cakes,,63f825937bd3434d7f27afec8058ed36c81a993589ab953a738bae86ea45d7dc
oi_train_5fb86901593e0bcb,train,positive,5fb86901593e0bcb,train,Open Images Dataset V7,https://storage.googleapis.com/openimages/web/index.html,https://s3.amazonaws.com/open-images-dataset/train/5fb86901593e0bcb.jpg,https://c4.staticflickr.com/3/2155/2479614254_1cab8107e5_o.jpg,https://www.flickr.com/photos/bludgeoner86/2479614254,https://creativecommons.org/licenses/by/2.0/,Justin Taylor,https://www.flickr.com/people/bludgeoner86/,BallGalls04,,356a49341d9e63a6f1c5d5e9a48e881d05e9b188c17aa27d113b58d5a3dc84af
oi_test_8b029ace6e7eff24,train,positive,8b029ace6e7eff24,test,Open Images Dataset V7,https://storage.googleapis.com/openimages/web/index.html,https://s3.amazonaws.com/open-images-dataset/test/8b029ace6e7eff24.jpg,https://farm5.staticflickr.com/7681/17219449562_ebce9b7fae_o.jpg,https://www.flickr.com/photos/dougbelshaw/17219449562,https://creativecommons.org/licenses/by/2.0/,Doug Belshaw,https://www.flickr.com/people/dougbelshaw/,My son's shot from the bunker yesterday,,948fd8db7035d5192232f0b214ce73483e6cbb00852bc7d1dbf66b3ded3d7682
oi_test_e962c7a6474a0cbc,train,positive,e962c7a6474a0cbc,test,Open Images Dataset V7,https://storage.googleapis.com/openimages/web/index.html,https://s3.amazonaws.com/open-images-dataset/test/e962c7a6474a0cbc.jpg,https://c5.staticflickr.com/9/8782/17050742977_07bde87752_o.jpg,https://www.flickr.com/photos/ryanschreiber/17050742977,https://creativecommons.org/licenses/by/2.0/,Ryan Schreiber,https://www.flickr.com/people/ryanschreiber/,DSC_0942,,f86cd54f8e899cabb3bf7fee4923d002ddb7836e88a3f59d1265ba988878e1ff
oi_train_0154d985835f3dee,train,positive,0154d985835f3dee,train,Open Images Dataset V7,https://storage.googleapis.com/openimages/web/index.html,https://s3.amazonaws.com/open-images-dataset/train/0154d985835f3dee.jpg,https://c7.staticflickr.com/9/8668/16085133705_29a9f81bea_o.jpg,https://www.flickr.com/photos/gammaman/16085133705,https://creativecommons.org/licenses/by/2.0/,Eli Christman,https://www.flickr.com/people/gammaman/,Ladder Golf,,2b55f3cb4247e4d8603c3bdee57c3a37b93ab2ee284939b1f25691cbe3e48b67
oi_test_3bdd736fb8c76eaa,train,positive,3bdd736fb8c76eaa,test,Open Images Dataset V7,https://storage.googleapis.com/openimages/web/index.html,https://s3.amazonaws.com/open-images-dataset/test/3bdd736fb8c76eaa.jpg,https://c3.staticflickr.com/1/26/148116615_d2bd55be56_o.jpg,https://www.flickr.com/photos/oddsock/148116615,https://creativecommons.org/licenses/by/2.0/,Ian Burt,https://www.flickr.com/people/oddsock/,The Links - golf ball and stand,,cf5cb328b12508d2bf71a02e888ec958179409e2217f663e94b26723a6643f30
oi_train_c22569b1da0e084f,train,positive,c22569b1da0e084f,train,Open Images Dataset V7,https://storage.googleapis.com/openimages/web/index.html,https://s3.amazonaws.com/open-images-dataset/train/c22569b1da0e084f.jpg,https://c8.staticflickr.com/2/1434/1051072414_fd523270bb_o.jpg,https://www.flickr.com/photos/barretthall/1051072414,https://creativecommons.org/licenses/by/2.0/,popofatticus,https://www.flickr.com/people/barretthall/,putt-putt rainbow,,90741bb9a3b78391bf94e362cad69fea5298efc0bbc600e6c3f8c7465b936f05
oi_train_798974c57f53e30b,test,positive,798974c57f53e30b,train,Open Images Dataset V7,https://storage.googleapis.com/openimages/web/index.html,https://s3.amazonaws.com/open-images-dataset/train/798974c57f53e30b.jpg,https://c4.staticflickr.com/4/3063/2575935262_4ec1862d41_o.jpg,https://www.flickr.com/photos/golf_pictures/2575935262,https://creativecommons.org/licenses/by/2.0/,Dan Perry,https://www.flickr.com/people/golf_pictures/,"Eagle Ridge, Galena, Illinois",,570ad9aa457b3f68199f247a73d19d92d659f23c8eebd07f80d084f3f8c06eb5
oi_train_2d5ac08b79063d3d,train,positive,2d5ac08b79063d3d,train,Open Images Dataset V7,https://storage.googleapis.com/openimages/web/index.html,https://s3.amazonaws.com/open-images-dataset/train/2d5ac08b79063d3d.jpg,https://c6.staticflickr.com/6/5555/14487888729_cd335c51d0_o.jpg,https://www.flickr.com/photos/nevillewootton/14487888729,https://creativecommons.org/licenses/by/2.0/,Neville Wootton,https://www.flickr.com/people/nevillewootton/,011 - John Harris,,d4ebbbed1d1804275f50f831a8403ece5b2ab5ab1d80064d76fd99a8490bbbaa
oi_train_6aa291889eef6054,train,positive,6aa291889eef6054,train,Open Images Dataset V7,https://storage.googleapis.com/openimages/web/index.html,https://s3.amazonaws.com/open-images-dataset/train/6aa291889eef6054.jpg,https://farm5.staticflickr.com/3621/3471395232_bac7a9db2c_o.jpg,https://www.flickr.com/photos/34723406@N07/3471395232,https://creativecommons.org/licenses/by/2.0/,Joshua Smith,https://www.flickr.com/people/34723406@N07/,Fairway In Regulation,,269026c4a29c5dacf92246109c214ef1aef5e54b0b20b598fb382cc9493c5936
oi_train_f914bfa1bea1a46e,val,positive,f914bfa1bea1a46e,train,Open Images Dataset V7,https://storage.googleapis.com/openimages/web/index.html,https://s3.amazonaws.com/open-images-dataset/train/f914bfa1bea1a46e.jpg,https://c7.staticflickr.com/3/2668/3775168527_5205e26ea2_o.jpg,https://www.flickr.com/photos/golf_pictures/3775168527,https://creativecommons.org/licenses/by/2.0/,Dan Perry,https://www.flickr.com/people/golf_pictures/,BugOnMyBall.com,,8d4a9676757ccabe897ab15bd2020a8a871078a36a9f46ae0614ccf70c537c2a
oi_test_7dbf2812e56d9088,train,positive,7dbf2812e56d9088,test,Open Images Dataset V7,https://storage.googleapis.com/openimages/web/index.html,https://s3.amazonaws.com/open-images-dataset/test/7dbf2812e56d9088.jpg,https://c1.staticflickr.com/6/5052/5439771076_573318ae7c_o.jpg,https://www.flickr.com/photos/expertinfantry/5439771076,https://creativecommons.org/licenses/by/2.0/,Expert Infantry,https://www.flickr.com/people/expertinfantry/,DMZ 비무장지대_ South Korea - Most Dangerous Golf Course in the World 세상에서 가장 위험한 골프장-7,,a65572c4f93187b7495ddea0fc6666a95a048057e9a28d0c42674afa37cb0da5
oi_train_01f3434ca6ebbbd0,train,positive,01f3434ca6ebbbd0,train,Open Images Dataset V7,https://storage.googleapis.com/openimages/web/index.html,https://s3.amazonaws.com/open-images-dataset/train/01f3434ca6ebbbd0.jpg,https://farm1.staticflickr.com/3362/3556462669_6d9dfc98f5_o.jpg,https://www.flickr.com/photos/golf_pictures/3556462669,https://creativecommons.org/licenses/by/2.0/,Dan Perry,https://www.flickr.com/people/golf_pictures/,"Donald Ross Golf Course, French Lick, Indiana",,383552d650f16d9f4ede79a57c2986048a78b1d1601f6f82482f686a4b62ae2b
oi_train_8049864fe020b904,test,positive,8049864fe020b904,train,Open Images Dataset V7,https://storage.googleapis.com/openimages/web/index.html,https://s3.amazonaws.com/open-images-dataset/train/8049864fe020b904.jpg,https://farm5.staticflickr.com/3059/2575113413_7e6a089e4a_o.jpg,https://www.flickr.com/photos/golf_pictures/2575113413,https://creativecommons.org/licenses/by/2.0/,Dan Perry,https://www.flickr.com/people/golf_pictures/,"Bonnie Dundee Golf Club, Carpentersville, Illinois",,f34deb900fa8f1dbe5b83d45f39b5f5e03b10e556e49fa9fc6f0781fe263a816
oi_train_e042472531dac183,val,positive,e042472531dac183,train,Open Images Dataset V7,https://storage.googleapis.com/openimages/web/index.html,https://s3.amazonaws.com/open-images-dataset/train/e042472531dac183.jpg,https://farm4.staticflickr.com/3192/2575095803_b77287476f_o.jpg,https://www.flickr.com/photos/golf_pictures/2575095803,https://creativecommons.org/licenses/by/2.0/,Dan Perry,https://www.flickr.com/people/golf_pictures/,"Smith Tradition, Treetops, Gaylord, Michigan",,5caced8a0c617c162ea2842c7b7b189fceb64128b0511b62f384a9a4f10597ca
oi_test_2757633296e76b81,train,positive,2757633296e76b81,test,Open Images Dataset V7,https://storage.googleapis.com/openimages/web/index.html,https://s3.amazonaws.com/open-images-dataset/test/2757633296e76b81.jpg,https://farm2.staticflickr.com/7108/7419668894_ac92170f60_o.jpg,https://www.flickr.com/photos/syedikhwan/7419668894,https://creativecommons.org/licenses/by/2.0/,Syed Ikhwan,https://www.flickr.com/people/syedikhwan/,Wooden tiger!,,f57532930cc95a24893fb856d2efccd071ea864752e02a6fc43eb3f6af615f6a
oi_train_9a095236c597a2c2,val,positive,9a095236c597a2c2,train,Open Images Dataset V7,https://storage.googleapis.com/openimages/web/index.html,https://s3.amazonaws.com/open-images-dataset/train/9a095236c597a2c2.jpg,https://farm3.staticflickr.com/5186/5634324575_048cd74226_o.jpg,https://www.flickr.com/photos/komunews/5634324575,https://creativecommons.org/licenses/by/2.0/,KOMUnews,https://www.flickr.com/people/komunews/,Golf ball-Sized Hail from Tuesday AM Storm via Jacyln Korte,,21892ed0b1aa55291e4d5b4786aebe6b7440f22c910e786456fc67fd3b6e16c4
oi_train_9d43929c79ea2f83,train,positive,9d43929c79ea2f83,train,Open Images Dataset V7,https://storage.googleapis.com/openimages/web/index.html,https://s3.amazonaws.com/open-images-dataset/train/9d43929c79ea2f83.jpg,https://farm4.staticflickr.com/4023/4426918268_f57a7f35c8_o.jpg,https://www.flickr.com/photos/milesgehm/4426918268,https://creativecommons.org/licenses/by/2.0/,Miles Gehm,https://www.flickr.com/people/milesgehm/,jen mini golf in sun city 2010,,02ac370bf1f3971c4705bccd248cb2cdf26f2f4c26376e07f49a7ae413a26424
oi_test_d3aa89ab16bfc660,train,positive,d3aa89ab16bfc660,test,Open Images Dataset V7,https://storage.googleapis.com/openimages/web/index.html,https://s3.amazonaws.com/open-images-dataset/test/d3aa89ab16bfc660.jpg,https://farm1.staticflickr.com/3621/3655843591_ea6f60dac9_o.jpg,https://www.flickr.com/photos/gosheshe/3655843591,https://creativecommons.org/licenses/by/2.0/,gosheshe,https://www.flickr.com/people/gosheshe/,18th hole,,82ad3118ab5e67e39616c1bec56250a67426f40f0ef462a7783242a6bd601676
oi_train_f2b91d359d85b63b,train,positive,f2b91d359d85b63b,train,Open Images Dataset V7,https://storage.googleapis.com/openimages/web/index.html,https://s3.amazonaws.com/open-images-dataset/train/f2b91d359d85b63b.jpg,https://c4.staticflickr.com/3/2396/2306559179_5b383cc817_o.jpg,https://www.flickr.com/photos/farhan/2306559179,https://creativecommons.org/licenses/by/2.0/,Farhan Chawla,https://www.flickr.com/people/farhan/,P3020019,,4e2007cc5337f484599d221105a37587b43b82ab0d658d22f284c7085c9ff309
oi_train_0361982104d8758a,train,positive,0361982104d8758a,train,Open Images Dataset V7,https://storage.googleapis.com/openimages/web/index.html,https://s3.amazonaws.com/open-images-dataset/train/0361982104d8758a.jpg,https://c3.staticflickr.com/8/7333/9201768455_45fdb84f6b_o.jpg,https://www.flickr.com/photos/ufv/9201768455/,https://creativecommons.org/licenses/by/2.0/,University of the Fraser Valley,https://www.flickr.com/people/ufv/,UFV golf pro-am 2013 12,,e014d17cfb3f6a753394025d691eab5341ebb2a012a0bef25b57e54d4f485f7a
oi_train_f31bcb6e5cc9fe06,train,positive,f31bcb6e5cc9fe06,train,Open Images Dataset V7,https://storage.googleapis.com/openimages/web/index.html,https://s3.amazonaws.com/open-images-dataset/train/f31bcb6e5cc9fe06.jpg,https://farm7.staticflickr.com/2437/3903032002_90d29fbb1e_o.jpg,https://www.flickr.com/photos/idovermani/3903032002,https://creativecommons.org/licenses/by/2.0/,Dov Harrington,https://www.flickr.com/people/idovermani/,09-05-09,,c38aa42cd32b7edab1698bf1b99a7030f263b5fc01c5b90f3d26b963cfba80a0
oi_train_9230224d42f3393d,train,positive,9230224d42f3393d,train,Open Images Dataset V7,https://storage.googleapis.com/openimages/web/index.html,https://s3.amazonaws.com/open-images-dataset/train/9230224d42f3393d.jpg,https://c6.staticflickr.com/4/3009/2575956918_ef9ba21539_o.jpg,https://www.flickr.com/photos/golf_pictures/2575956918,https://creativecommons.org/licenses/by/2.0/,Dan Perry,https://www.flickr.com/people/golf_pictures/,"Seven Bridges Golf Club, Woodridge, Illinois",,dac4c59633624f4c03aefe8a9c2567a10db5bd1727e166cef95ecb50ca24c1ee
oi_train_bdc623e392087f05,val,positive,bdc623e392087f05,train,Open Images Dataset V7,https://storage.googleapis.com/openimages/web/index.html,https://s3.amazonaws.com/open-images-dataset/train/bdc623e392087f05.jpg,https://farm6.staticflickr.com/5450/9085215861_4932b8727d_o.jpg,https://www.flickr.com/photos/10990983@N07/9085215861,https://creativecommons.org/licenses/by/2.0/,Ken Cook,https://www.flickr.com/people/10990983@N07/,Transfer In 137,,c66dc6e958c827ee66f75e450f1d36e898c0631cd6065de8ae8b25f3481c8feb
oi_train_7b8cd0eb0ff73dc8,train,positive,7b8cd0eb0ff73dc8,train,Open Images Dataset V7,https://storage.googleapis.com/openimages/web/index.html,https://s3.amazonaws.com/open-images-dataset/train/7b8cd0eb0ff73dc8.jpg,https://c1.staticflickr.com/8/7202/13920161492_6455730e0a_o.jpg,https://www.flickr.com/photos/stickergiant/13920161492,https://creativecommons.org/licenses/by/2.0/,John Fischer,https://www.flickr.com/people/stickergiant/,Pakohist 710,,60339792b51c28c9b12e2faff17642d9c50075920a6000a7aa772e790be65130
oi_train_4f2f16c9d1240453,test,positive,4f2f16c9d1240453,train,Open Images Dataset V7,https://storage.googleapis.com/openimages/web/index.html,https://s3.amazonaws.com/open-images-dataset/train/4f2f16c9d1240453.jpg,https://farm4.staticflickr.com/6167/6191578435_770bb14a37_o.jpg,https://www.flickr.com/photos/26126239@N02/6191578435/in/album-72157627772522512/,https://creativecommons.org/licenses/by/2.0/,University of Exeter,https://www.flickr.com/people/26126239@N02/,Alumni Golf Day 2011,,53f833c328454a14a8667acad87c221305511a61674c9259592a9039a1ff88a4
oi_train_82e05809a432fb08,train,positive,82e05809a432fb08,train,Open Images Dataset V7,https://storage.googleapis.com/openimages/web/index.html,https://s3.amazonaws.com/open-images-dataset/train/82e05809a432fb08.jpg,https://c1.staticflickr.com/6/5572/14788946721_ecaaacb458_o.jpg,https://www.flickr.com/photos/nevillewootton/14788946721,https://creativecommons.org/licenses/by/2.0/,Neville Wootton,https://www.flickr.com/people/nevillewootton/,008 - Past Champion Alex Glover makes a welcome return after a spell away at University,,49c536f117438ea747761c16d00a43cf0ea872a8c9c970a89bcbc275cccbd583
oi_validation_6e8bd110b49ef26b,train,positive,6e8bd110b49ef26b,validation,Open Images Dataset V7,https://storage.googleapis.com/openimages/web/index.html,https://s3.amazonaws.com/open-images-dataset/validation/6e8bd110b49ef26b.jpg,https://c4.staticflickr.com/6/5279/5858845488_4b5e473ba2_o.jpg,https://www.flickr.com/photos/val_green/5858845488,https://creativecommons.org/licenses/by/2.0/,Valerie Greenhill,https://www.flickr.com/people/val_green/,DSC06255,,3412a2ae337da0c4f78a7510a06af5a32af823727ab2407e6879f80ecd2615a4
oi_train_b3778079a516c75b,train,positive,b3778079a516c75b,train,Open Images Dataset V7,https://storage.googleapis.com/openimages/web/index.html,https://s3.amazonaws.com/open-images-dataset/train/b3778079a516c75b.jpg,https://c4.staticflickr.com/1/86/233205167_3d25d966ff_o.jpg,https://www.flickr.com/photos/cnewtoncom/233205167,https://creativecommons.org/licenses/by/2.0/,Christian Newton,https://www.flickr.com/people/cnewtoncom/,Par try,,f651859caa3ff58173b5a5dfc676ec1ba30f1282086cae49c614d3f8a2dd23c6
oi_train_f7315220d2903d21,train,positive,f7315220d2903d21,train,Open Images Dataset V7,https://storage.googleapis.com/openimages/web/index.html,https://s3.amazonaws.com/open-images-dataset/train/f7315220d2903d21.jpg,https://farm2.staticflickr.com/463/19105615500_0e20d6a355_o.jpg,https://www.flickr.com/photos/trysil/19105615500,https://creativecommons.org/licenses/by/2.0/,Trysil,https://www.flickr.com/people/trysil/,Golf i Trysil,,8da034a581bea3537272363fd6ff25a355c44041e24f971adeb2a75e194d0cbe
oi_train_001f494113327d3f,train,positive,001f494113327d3f,train,Open Images Dataset V7,https://storage.googleapis.com/openimages/web/index.html,https://s3.amazonaws.com/open-images-dataset/train/001f494113327d3f.jpg,https://c8.staticflickr.com/4/3156/2575152905_4824f4d135_o.jpg,https://www.flickr.com/photos/golf_pictures/2575152905,https://creativecommons.org/licenses/by/2.0/,Dan Perry,https://www.flickr.com/people/golf_pictures/,"Arthur Hills Course, Boyne Highlands, Michigan",,906f275477ea9dd241ae8141f9a53365ab68cf3520e9c6698359966d242a370e
oi_train_17f3b07196a3de80,train,positive,17f3b07196a3de80,train,Open Images Dataset V7,https://storage.googleapis.com/openimages/web/index.html,https://s3.amazonaws.com/open-images-dataset/train/17f3b07196a3de80.jpg,https://farm1.staticflickr.com/4063/4506250052_dd8fc0b3ca_o.jpg,https://www.flickr.com/photos/sienacollege/4506250052,https://creativecommons.org/licenses/by/2.0/,Siena College,https://www.flickr.com/people/sienacollege/,Media Masters 2010,,36587ad5e35afefd5f65014180a186aa352e26f6b34ca307c9b81b1da39ab6fd
oi_train_79dcc19e482ac618,train,positive,79dcc19e482ac618,train,Open Images Dataset V7,https://storage.googleapis.com/openimages/web/index.html,https://s3.amazonaws.com/open-images-dataset/train/79dcc19e482ac618.jpg,https://c1.staticflickr.com/5/4113/5078229245_8862863b32_o.jpg,https://www.flickr.com/photos/oskay/5078229245,https://creativecommons.org/licenses/by/2.0/,Windell Oskay,https://www.flickr.com/people/oskay/,golf - 6,,cae8d1e397c732732863a0b501c5215e0969fe03aff86280e36e719a4c469b50
oi_train_011cd4728eea0723,train,positive,011cd4728eea0723,train,Open Images Dataset V7,https://storage.googleapis.com/openimages/web/index.html,https://s3.amazonaws.com/open-images-dataset/train/011cd4728eea0723.jpg,https://farm4.staticflickr.com/7401/13976864478_02274109dd_o.jpg,https://www.flickr.com/photos/chuckberridge/13976864478/,https://creativecommons.org/licenses/by/2.0/,Chuck Berridge,https://www.flickr.com/people/chuckberridge/,IMG_1203,,f13b81dc03232bc8d94e21cf0b8c32115d5279ba52bc0f8a12db6c81c18536fa
oi_train_6a3369eadd4fd792,train,positive,6a3369eadd4fd792,train,Open Images Dataset V7,https://storage.googleapis.com/openimages/web/index.html,https://s3.amazonaws.com/open-images-dataset/train/6a3369eadd4fd792.jpg,https://farm3.staticflickr.com/8229/8472962879_3e203a302d_o.jpg,https://www.flickr.com/photos/raysawhill/8472962879,https://creativecommons.org/licenses/by/2.0/,Ray Sawhill,https://www.flickr.com/people/raysawhill/,Sand wedge or driver?,,3912e3e3d6e15d010558d2962bd6181f9050856d7f4c8d0b82a889860e8aa038
oi_train_c465c6012ea4df91,train,positive,c465c6012ea4df91,train,Open Images Dataset V7,https://storage.googleapis.com/openimages/web/index.html,https://s3.amazonaws.com/open-images-dataset/train/c465c6012ea4df91.jpg,https://farm2.staticflickr.com/3017/2575164875_8c79bc134a_o.jpg,https://www.flickr.com/photos/golf_pictures/2575164875,https://creativecommons.org/licenses/by/2.0/,Dan Perry,https://www.flickr.com/people/golf_pictures/,"Kaluhyat Golf Club, Verona, New York",,47a4f678a4b2d1e46a569d30391d0f73366e793f9e67c3253bfb269aaab81d50
oi_train_1ed2eb8b0d0a58ec,train,positive,1ed2eb8b0d0a58ec,train,Open Images Dataset V7,https://storage.googleapis.com/openimages/web/index.html,https://s3.amazonaws.com/open-images-dataset/train/1ed2eb8b0d0a58ec.jpg,https://c5.staticflickr.com/4/3615/3579511456_3ef3deffef_o.jpg,https://www.flickr.com/photos/ian_d/3579511456,https://creativecommons.org/licenses/by/2.0/,Ian Dick,https://www.flickr.com/people/ian_d/,Tom,,1f5b3f9d8ba5d44e0238bebb809b205961ec5d4a3d51771f1757c9f66aa857f1
oi_train_d8c39d1b22066709,train,positive,d8c39d1b22066709,train,Open Images Dataset V7,https://storage.googleapis.com/openimages/web/index.html,https://s3.amazonaws.com/open-images-dataset/train/d8c39d1b22066709.jpg,https://c2.staticflickr.com/3/2503/4129716843_b72e3ea6ea_o.jpg,https://www.flickr.com/photos/amrufm/4129716843,https://creativecommons.org/licenses/by/2.0/,amrufm,https://www.flickr.com/people/amrufm/,Glocomp Invitational Golf -19,,56894f9a8d8bdca22140af26ec705b0c0787373d00f8ccd0631e8f8f8bc00588
oi_train_7113c2e763c7e91e,train,positive,7113c2e763c7e91e,train,Open Images Dataset V7,https://storage.googleapis.com/openimages/web/index.html,https://s3.amazonaws.com/open-images-dataset/train/7113c2e763c7e91e.jpg,https://c7.staticflickr.com/7/6206/6077509154_09a70c5d39_o.jpg,https://www.flickr.com/photos/ftmeade/6077509154,https://creativecommons.org/licenses/by/2.0/,Fort George G. Meade Public Affairs Office,https://www.flickr.com/people/ftmeade/,Lanes to Links tournament,,58084c6575f508875af39f0dce1c96cf1f6b6f40b3265363f440e9e1d70a7799
oi_train_a0901a28e80ad45b,train,positive,a0901a28e80ad45b,train,Open Images Dataset V7,https://storage.googleapis.com/openimages/web/index.html,https://s3.amazonaws.com/open-images-dataset/train/a0901a28e80ad45b.jpg,https://c4.staticflickr.com/3/2634/4036482004_2e473b3541_o.jpg,https://www.flickr.com/photos/jdhancock/4036482004,https://creativecommons.org/licenses/by/2.0/,JD Hancock,https://www.flickr.com/people/jdhancock/,Golf &quot;Lessen&quot;,,fa12c954e26101296923f250a0765e976fe20de2cca69e6a6ac2d23b227b1a44
oi_validation_ed0147f94eaf2efd,train,positive,ed0147f94eaf2efd,validation,Open Images Dataset V7,https://storage.googleapis.com/openimages/web/index.html,https://s3.amazonaws.com/open-images-dataset/validation/ed0147f94eaf2efd.jpg,https://c6.staticflickr.com/9/8703/16886698297_3594b37fa5_o.jpg,https://www.flickr.com/photos/komunews/16886698297,https://creativecommons.org/licenses/by/2.0/,KOMUnews,https://www.flickr.com/people/komunews/,Local golf courses see increase in business after Masters,,f7728ddf23803497c5bbb413c21f67e7c2391fa4e994bae5edb06b0ceb92ce8a
oi_train_b778967482cf2679,train,positive,b778967482cf2679,train,Open Images Dataset V7,https://storage.googleapis.com/openimages/web/index.html,https://s3.amazonaws.com/open-images-dataset/train/b778967482cf2679.jpg,https://c2.staticflickr.com/1/404/19023351260_8d82df352c_o.jpg,https://www.flickr.com/photos/proxyindian/19023351260,https://creativecommons.org/licenses/by/2.0/,Steve Browne &amp; John Verkleir,https://www.flickr.com/people/proxyindian/,DSCN0333,,a833f109c034136ca2014ce4b657afd61a3416d65d382710563ef06c66aaf8d9
oi_train_f87a0df9dc693405,test,positive,f87a0df9dc693405,train,Open Images Dataset V7,https://storage.googleapis.com/openimages/web/index.html,https://s3.amazonaws.com/open-images-dataset/train/f87a0df9dc693405.jpg,https://farm6.staticflickr.com/3332/3266403143_1ec8e569c4_o.jpg,https://www.flickr.com/photos/mbosio/3266403143,https://creativecommons.org/licenses/by/2.0/,Max Bosio,https://www.flickr.com/people/mbosio/,Jugadores,,55a20ee0a872142d645da20a6bc2e51f85f19c02247fe4d981c6eb7e23462cb0
oi_train_dbb177b05c0048e1,train,positive,dbb177b05c0048e1,train,Open Images Dataset V7,https://storage.googleapis.com/openimages/web/index.html,https://s3.amazonaws.com/open-images-dataset/train/dbb177b05c0048e1.jpg,https://farm2.staticflickr.com/3143/2620911679_64858d18e5_o.jpg,https://www.flickr.com/photos/mil8/2620911679,https://creativecommons.org/licenses/by/2.0/,Marc Levin,https://www.flickr.com/people/mil8/,Tiger on the 18th FTW!!!111,,83ad54440caa25a02ef0e24678e2c720054cec4a7601b44330072b403cd5fbb1
oi_train_d4d26f454d27d4e9,test,positive,d4d26f454d27d4e9,train,Open Images Dataset V7,https://storage.googleapis.com/openimages/web/index.html,https://s3.amazonaws.com/open-images-dataset/train/d4d26f454d27d4e9.jpg,https://c2.staticflickr.com/4/3606/3412062741_7706f1d128_o.jpg,https://www.flickr.com/photos/afropicmusing/3412062741,https://creativecommons.org/licenses/by/2.0/,afromusing,https://www.flickr.com/people/afropicmusing/,04042009025,,c010ed018a2cb9c21824476730a033c2bbb9a65e135db03739924d91b7669904
oi_train_9ab3a303a85b83dc,train,positive,9ab3a303a85b83dc,train,Open Images Dataset V7,https://storage.googleapis.com/openimages/web/index.html,https://s3.amazonaws.com/open-images-dataset/train/9ab3a303a85b83dc.jpg,https://c5.staticflickr.com/4/3550/3648699153_16c6d8615c_o.jpg,https://www.flickr.com/photos/22914836@N05/3648699153/,https://creativecommons.org/licenses/by/2.0/,Brian J. McDermott,https://www.flickr.com/people/22914836@N05/,DSC_0115,,20173ae262d4242dd1ad7481d1171fdecd27979a362fe17ed826933caeba2377
oi_train_2ea911690a803fa1,train,positive,2ea911690a803fa1,train,Open Images Dataset V7,https://storage.googleapis.com/openimages/web/index.html,https://s3.amazonaws.com/open-images-dataset/train/2ea911690a803fa1.jpg,https://farm2.staticflickr.com/8156/7338053482_fc2d97c29b_o.jpg,https://www.flickr.com/photos/fortrucker/7338053482,https://creativecommons.org/licenses/by/2.0/,Fort Rucker,https://www.flickr.com/people/fortrucker/,Operation Golf 4 Life helps beginners,,dd54c6dacf4f0c899b1cfa0de1d8013f035e269d12902ce355f45ea903b0b678
oi_train_454e1975dd1c5290,train,positive,454e1975dd1c5290,train,Open Images Dataset V7,https://storage.googleapis.com/openimages/web/index.html,https://s3.amazonaws.com/open-images-dataset/train/454e1975dd1c5290.jpg,https://farm1.staticflickr.com/7566/16026151717_054aa9f48a_o.jpg,https://www.flickr.com/photos/nancynance/16026151717,https://creativecommons.org/licenses/by/2.0/,Nancy &lt;I&#x27;m gonna SNAP!,https://www.flickr.com/people/nancynance/,big ball with little balls,,98ac0902f9166aed55ff580b794d74da6709c542e2cf16eb7adc45a725f99291
oi_train_000f31e71b56641e,train,positive,000f31e71b56641e,train,Open Images Dataset V7,https://storage.googleapis.com/openimages/web/index.html,https://s3.amazonaws.com/open-images-dataset/train/000f31e71b56641e.jpg,https://c7.staticflickr.com/8/7454/9373243843_08f45ae85a_o.jpg,https://www.flickr.com/photos/nevillewootton/9373243843,https://creativecommons.org/licenses/by/2.0/,Neville Wootton,https://www.flickr.com/people/nevillewootton/,005 - Linda Radley,,3d24f748f7785e478760bc41d08ac10a0058b5387baa1f3263e0ec3f331a72e8
oi_train_83633bc317833e36,train,positive,83633bc317833e36,train,Open Images Dataset V7,https://storage.googleapis.com/openimages/web/index.html,https://s3.amazonaws.com/open-images-dataset/train/83633bc317833e36.jpg,https://farm7.staticflickr.com/7018/6544504605_616d346962_o.jpg,https://www.flickr.com/photos/joopey/6544504605,https://creativecommons.org/licenses/by/2.0/,Joopey,https://www.flickr.com/people/joopey/,Short,,eacb1e46068883c0fef5c8465979e9b781293a124655c21ddb7b4893de740c1e
oi_train_102b9825ff44c81a,train,positive,102b9825ff44c81a,train,Open Images Dataset V7,https://storage.googleapis.com/openimages/web/index.html,https://s3.amazonaws.com/open-images-dataset/train/102b9825ff44c81a.jpg,https://c3.staticflickr.com/6/5570/14605614409_aa3b312ef7_o.jpg,https://www.flickr.com/photos/nevillewootton/14605614409/,https://creativecommons.org/licenses/by/2.0/,Neville Wootton,https://www.flickr.com/people/nevillewootton/,059 - David Sleat's putt would slip by,,77971d0502ae48b1eb02091c764a256f781cbcfcba4a7e60ac1f0ab13295aa5f
oi_train_27000ee40271d1bc,train,positive,27000ee40271d1bc,train,Open Images Dataset V7,https://storage.googleapis.com/openimages/web/index.html,https://s3.amazonaws.com/open-images-dataset/train/27000ee40271d1bc.jpg,https://c5.staticflickr.com/4/3803/9821542916_3d33090696_o.jpg,https://www.flickr.com/photos/foxcroftacademy/9821542916,https://creativecommons.org/licenses/by/2.0/,Foxcroft Academy,https://www.flickr.com/people/foxcroftacademy/,Freddy Libby putts,,d1ae4a51b1f7df414676aa230e9689309a750de277b6b5a06046e25c90ebc5b2
oi_train_54f2a470ca32ff89,train,positive,54f2a470ca32ff89,train,Open Images Dataset V7,https://storage.googleapis.com/openimages/web/index.html,https://s3.amazonaws.com/open-images-dataset/train/54f2a470ca32ff89.jpg,https://c2.staticflickr.com/4/3064/2701383185_dd10e5c09c_o.jpg,https://www.flickr.com/photos/golf_pictures/2701383185,https://creativecommons.org/licenses/by/2.0/,Dan Perry,https://www.flickr.com/people/golf_pictures/,"Medinah Country Club, Medinah, Illinois",,accb93e28973b9fb02ee31cd9a300d255cf2388ca48d07d74a11d7048188d592
oi_train_0ffd0aba8bd51fc0,train,positive,0ffd0aba8bd51fc0,train,Open Images Dataset V7,https://storage.googleapis.com/openimages/web/index.html,https://s3.amazonaws.com/open-images-dataset/train/0ffd0aba8bd51fc0.jpg,https://farm1.staticflickr.com/3772/9269014447_32ac57bbe3_o.jpg,https://www.flickr.com/photos/seanhobson/9269014447,https://creativecommons.org/licenses/by/2.0/,sean hobson,https://www.flickr.com/people/seanhobson/,Canada #golf,,48f1f46f281c7b7daf57814b47d08049334efb661c19a601816aca9ecde7f2d4
oi_test_a89da698610fa26e,train,positive,a89da698610fa26e,test,Open Images Dataset V7,https://storage.googleapis.com/openimages/web/index.html,https://s3.amazonaws.com/open-images-dataset/test/a89da698610fa26e.jpg,https://c7.staticflickr.com/8/7106/7659589638_fc04f3bf3e_o.jpg,https://www.flickr.com/photos/83097782@N05/7659589638,https://creativecommons.org/licenses/by/2.0/,pacificcoastamateur,https://www.flickr.com/people/83097782@N05/,Maxwell Marsico,,a37ba5a40cbdf2948b943127cbee16e4a0041a76431b60d20a0db10e0f651b72
oi_train_307a1549ee7375f8,train,positive,307a1549ee7375f8,train,Open Images Dataset V7,https://storage.googleapis.com/openimages/web/index.html,https://s3.amazonaws.com/open-images-dataset/train/307a1549ee7375f8.jpg,https://c1.staticflickr.com/4/3246/2425730927_12164e69cb_o.jpg,https://www.flickr.com/photos/colinandangie/2425730927,https://creativecommons.org/licenses/by/2.0/,Colin Bartlett,https://www.flickr.com/people/colinandangie/,Macro mini golf,,fc86b019ab8fc8bc691374e957f15b1f6d1d473c40d57fa81857b41d9f45c38a
oi_train_6bac146a0f567031,train,positive,6bac146a0f567031,train,Open Images Dataset V7,https://storage.googleapis.com/openimages/web/index.html,https://s3.amazonaws.com/open-images-dataset/train/6bac146a0f567031.jpg,https://farm2.staticflickr.com/5051/5574082275_e999577d45_o.jpg,https://www.flickr.com/photos/fortrucker/5574082275,https://creativecommons.org/licenses/by/2.0/,Fort Rucker,https://www.flickr.com/people/fortrucker/,Silver Wings Golf Course Spring Invitational,,155f71904e8331b5a31bcb9f5e58ff9d581a604c551bf5a76968b6206760a410
oi_train_a72cea078a19ad56,train,positive,a72cea078a19ad56,train,Open Images Dataset V7,https://storage.googleapis.com/openimages/web/index.html,https://s3.amazonaws.com/open-images-dataset/train/a72cea078a19ad56.jpg,https://farm7.staticflickr.com/3281/2575969690_1cb729d9e3_o.jpg,https://www.flickr.com/photos/golf_pictures/2575969690,https://creativecommons.org/licenses/by/2.0/,Dan Perry,https://www.flickr.com/people/golf_pictures/,"Strawberry Farms Golf Club, Irvine, California",,89d494b74b2eba0169a8e6dda144daeb3465b420b5cd167be7e3a0c17ab27754
oi_train_12536087ce8d8275,train,positive,12536087ce8d8275,train,Open Images Dataset V7,https://storage.googleapis.com/openimages/web/index.html,https://s3.amazonaws.com/open-images-dataset/train/12536087ce8d8275.jpg,https://farm6.staticflickr.com/8015/7653854736_db1d853f55_o.jpg,https://www.flickr.com/photos/83097782@N05/7653854736,https://creativecommons.org/licenses/by/2.0/,pacificcoastamateur,https://www.flickr.com/people/83097782@N05/,Gaston de la Torre,,4d5f09db5e50cf1f1bdd0214427774d423365591a80d483cdfd54c90129e0ae7
oi_train_2c6cafe276a7b674,val,positive,2c6cafe276a7b674,train,Open Images Dataset V7,https://storage.googleapis.com/openimages/web/index.html,https://s3.amazonaws.com/open-images-dataset/train/2c6cafe276a7b674.jpg,https://farm5.staticflickr.com/3723/13457320773_51d2268325_o.jpg,https://www.flickr.com/photos/kenyaictboard/13457320773,https://creativecommons.org/licenses/by/2.0/,ICT Authority,https://www.flickr.com/people/kenyaictboard/,IMG_2091,,5c6eb70ae4a73f2f1345f713afc818189c6aed174c7c9d66bee5a6ca460406af
oi_train_727c749414f90093,train,positive,727c749414f90093,train,Open Images Dataset V7,https://storage.googleapis.com/openimages/web/index.html,https://s3.amazonaws.com/open-images-dataset/train/727c749414f90093.jpg,https://farm4.staticflickr.com/5454/9366561297_f11972604d_o.jpg,https://www.flickr.com/photos/nevillewootton/9366561297,https://creativecommons.org/licenses/by/2.0/,Neville Wootton,https://www.flickr.com/people/nevillewootton/,018 - Niall Hutton from St. Mellion Golf Club,,90ba85fade93eb92183982f6f4cc7399deccca40fa1a778ded6127a2730000e4
oi_train_9ec11fda9998c879,train,positive,9ec11fda9998c879,train,Open Images Dataset V7,https://storage.googleapis.com/openimages/web/index.html,https://s3.amazonaws.com/open-images-dataset/train/9ec11fda9998c879.jpg,https://c2.staticflickr.com/9/8377/8436436286_7897f63c87_o.jpg,https://www.flickr.com/photos/jamiesrabbits/8436436286,https://creativecommons.org/licenses/by/2.0/,Jamie,https://www.flickr.com/people/jamiesrabbits/,FORE! #cakepops,,d32edbef1c4c8580a831fc6a4061e12c0cea15cc6331dd0df98c30eacc255478
oi_train_8197f7fde8691183,val,positive,8197f7fde8691183,train,Open Images Dataset V7,https://storage.googleapis.com/openimages/web/index.html,https://s3.amazonaws.com/open-images-dataset/train/8197f7fde8691183.jpg,https://farm4.staticflickr.com/379/18625378062_a8aa7dfc9b_o.jpg,https://www.flickr.com/photos/130481724@N06/18625378062,https://creativecommons.org/licenses/by/2.0/,Imágenes Gratis Online,https://www.flickr.com/people/imagenes_gratis/,photo-1433800771917-8edb17f2ce64 (1),,8bbca0b567b4a90299e66b3271b445e04404874c30f7b66672e6420d9331263a
oi_train_0e6f60e446359676,train,positive,0e6f60e446359676,train,Open Images Dataset V7,https://storage.googleapis.com/openimages/web/index.html,https://s3.amazonaws.com/open-images-dataset/train/0e6f60e446359676.jpg,https://farm7.staticflickr.com/3779/10901968194_6d512423cd_o.jpg,https://www.flickr.com/photos/nevillewootton/10901968194,https://creativecommons.org/licenses/by/2.0/,Neville Wootton,https://www.flickr.com/people/nevillewootton/,001 - Father Christmas warming up for the annual RedHedz Roll-Up Xmas Trophy,,c899cf78007955ff84a205bab37a3fd06aeea84bab6d0d3bbd9d2b1a9dac409d
oi_train_0ccf5b4f597f85bf,train,positive,0ccf5b4f597f85bf,train,Open Images Dataset V7,https://storage.googleapis.com/openimages/web/index.html,https://s3.amazonaws.com/open-images-dataset/train/0ccf5b4f597f85bf.jpg,https://c8.staticflickr.com/1/23/30703833_f5d246da99_o.jpg,https://www.flickr.com/photos/bpurcell/30703833,https://creativecommons.org/licenses/by/2.0/,Bennington Purcell,https://www.flickr.com/people/bpurcell/,Golf,,3c1ab08133323593e85d02ec2b20b012db963ab459e65e907871c5da89d417a1
oi_train_7b550aceb5ec111f,train,positive,7b550aceb5ec111f,train,Open Images Dataset V7,https://storage.googleapis.com/openimages/web/index.html,https://s3.amazonaws.com/open-images-dataset/train/7b550aceb5ec111f.jpg,https://c8.staticflickr.com/4/3287/2782186680_8793c4b15b_o.jpg,https://www.flickr.com/photos/golf_pictures/2782186680,https://creativecommons.org/licenses/by/2.0/,Dan Perry,https://www.flickr.com/people/golf_pictures/,Golf ball pyramid,,f7270cfeed6858fb2ca77231fff637398a881c217e25e67a18cb169dc9620384
oi_train_91f4e110a162faba,val,positive,91f4e110a162faba,train,Open Images Dataset V7,https://storage.googleapis.com/openimages/web/index.html,https://s3.amazonaws.com/open-images-dataset/train/91f4e110a162faba.jpg,https://c3.staticflickr.com/4/3048/2575909974_32fd01713a_o.jpg,https://www.flickr.com/photos/golf_pictures/2575909974,https://creativecommons.org/licenses/by/2.0/,Dan Perry,https://www.flickr.com/people/golf_pictures/,"Manistee Golf and Country Club, Manistee, Michigan",,4f34c82907cf1a26ef5ba33e5a18cad8d55cbb3255009409a5831ba52bd7d005
oi_train_0603114d3018a047,train,positive,0603114d3018a047,train,Open Images Dataset V7,https://storage.googleapis.com/openimages/web/index.html,https://s3.amazonaws.com/open-images-dataset/train/0603114d3018a047.jpg,https://farm8.staticflickr.com/4082/5394306820_7bf595aed9_o.jpg,https://www.flickr.com/photos/athomeinscottsdale/5394306820,https://creativecommons.org/licenses/by/2.0/,Dru Bloomfield,https://www.flickr.com/people/athomeinscottsdale/,Lost Ball Found,,58cfeb2357cd22f89174e848e079427b048f0aa1f0acb71fcc7b06d48c4cce4a
oi_train_ebee410fd75358d2,val,positive,ebee410fd75358d2,train,Open Images Dataset V7,https://storage.googleapis.com/openimages/web/index.html,https://s3.amazonaws.com/open-images-dataset/train/ebee410fd75358d2.jpg,https://farm3.staticflickr.com/3015/2633566474_f4fd655e99_o.jpg,https://www.flickr.com/photos/foxypar4/2633566474/,https://creativecommons.org/licenses/by/2.0/,John Haslam,https://www.flickr.com/people/foxypar4/,IMG_0366,,ac94c5c695d588a3d88fccbe2431c02870b56617778b30a25be000ab5ff4efa9
oi_train_26dc96db4396c393,val,positive,26dc96db4396c393,train,Open Images Dataset V7,https://storage.googleapis.com/openimages/web/index.html,https://s3.amazonaws.com/open-images-dataset/train/26dc96db4396c393.jpg,https://farm4.staticflickr.com/3274/2575955742_c9b523d1e2_o.jpg,https://www.flickr.com/photos/golf_pictures/2575955742,https://creativecommons.org/licenses/by/2.0/,Dan Perry,https://www.flickr.com/people/golf_pictures/,"World Golf Village, St. Augustine, Florida",,490a128caca8424e81f505bf6405798125710e793db26acd011703104acb8543
oi_train_9277164f24d580c4,train,positive,9277164f24d580c4,train,Open Images Dataset V7,https://storage.googleapis.com/openimages/web/index.html,https://s3.amazonaws.com/open-images-dataset/train/9277164f24d580c4.jpg,https://farm5.staticflickr.com/2910/14633006054_1ac661baf0_o.jpg,https://www.flickr.com/photos/dno1967b/14633006054,https://creativecommons.org/licenses/by/2.0/,Daniel Oines,https://www.flickr.com/people/dno1967b/,IMG_0106,,e51a08d863989fc9446c3c93b5e7fe9193e45009c4bf32df7deec41c0b441917
oi_train_b270f0a8a9367160,train,positive,b270f0a8a9367160,train,Open Images Dataset V7,https://storage.googleapis.com/openimages/web/index.html,https://s3.amazonaws.com/open-images-dataset/train/b270f0a8a9367160.jpg,https://farm1.staticflickr.com/3056/2575975950_51b44eff6a_o.jpg,https://www.flickr.com/photos/golf_pictures/2575975950,https://creativecommons.org/licenses/by/2.0/,Dan Perry,https://www.flickr.com/people/golf_pictures/,"Traditions at Chevy Chase, Wheeling, Illinois",,3973fa7f5e2bc95f3093dc431961218f9da50ab6ee9a2ceb643a36bd947c9f8e
oi_test_19737c8bfc0b06b9,train,positive,19737c8bfc0b06b9,test,Open Images Dataset V7,https://storage.googleapis.com/openimages/web/index.html,https://s3.amazonaws.com/open-images-dataset/test/19737c8bfc0b06b9.jpg,https://c2.staticflickr.com/3/2866/13773490963_3c9fdbcb50_o.jpg,https://www.flickr.com/photos/soulnotes/13773490963,https://creativecommons.org/licenses/by/2.0/,Phil Warren,https://www.flickr.com/people/soulnotes/,Ready to Fly,,2fbe27ea5885eccfb7e52b82ee9490fc5eec080a1ffc0d471879d8f496edd537
oi_train_56e30b82698dc95f,train,positive,56e30b82698dc95f,train,Open Images Dataset V7,https://storage.googleapis.com/openimages/web/index.html,https://s3.amazonaws.com/open-images-dataset/train/56e30b82698dc95f.jpg,https://c8.staticflickr.com/8/7417/14093190993_f47ce96de5_o.jpg,https://www.flickr.com/photos/kenyaictboard/14093190993,https://creativecommons.org/licenses/by/2.0/,ICT Authority,https://www.flickr.com/people/kenyaictboard/,Golf Sponsored by Oracle,,b93c3b658da6c1ee1e084b93e3761309b6c35c19c7c442dc58112463f2f235ea
oi_train_0bc816070692283a,train,positive,0bc816070692283a,train,Open Images Dataset V7,https://storage.googleapis.com/openimages/web/index.html,https://s3.amazonaws.com/open-images-dataset/train/0bc816070692283a.jpg,https://c3.staticflickr.com/8/7432/8934291217_200a6336b3_o.jpg,https://www.flickr.com/photos/tourprogolfclubs/8934291217,https://creativecommons.org/licenses/by/2.0/,Tour Pro Golf Clubs,https://www.flickr.com/people/tourprogolfclubs/,Francesco Molinari & Mark Roe,,39e0c1acd16c21323d0a10ed01bd09790f96648b5f30ef8ca3eb74e9d85c9706
oi_train_fa3174769359fcbb,val,hard_negative,fa3174769359fcbb,train,Open Images Dataset V7,https://storage.googleapis.com/openimages/web/index.html,https://s3.amazonaws.com/open-images-dataset/train/fa3174769359fcbb.jpg,https://c4.staticflickr.com/4/3069/5865340023_58468f547b_o.jpg,https://www.flickr.com/photos/veganstraightedge/5865340023,https://creativecommons.org/licenses/by/2.0/,Shane Becker,https://www.flickr.com/people/veganstraightedge/,These are @n8duke's kidney stones that he passed today (next to a US dime for scale),Coin,f52e45821daaedb582b0c54df22be35f4161236790209221b60d56a5f77ca2f0
oi_train_0c9f2b51a78966b2,train,hard_negative,0c9f2b51a78966b2,train,Open Images Dataset V7,https://storage.googleapis.com/openimages/web/index.html,https://s3.amazonaws.com/open-images-dataset/train/0c9f2b51a78966b2.jpg,https://farm3.staticflickr.com/5131/5412154457_120c84c83a_o.jpg,https://www.flickr.com/photos/bradleypjohnson/5412154457,https://creativecommons.org/licenses/by/2.0/,bradleypjohnson,https://www.flickr.com/people/bradleypjohnson/,33/365: Taking Control,Remote control,97c445d7976466de6539f4a9b74d16e7de6f0a06e6e1dd8c0cfa5b9f82672747
oi_test_ef6ec890a5f87aae,train,hard_negative,ef6ec890a5f87aae,test,Open Images Dataset V7,https://storage.googleapis.com/openimages/web/index.html,https://s3.amazonaws.com/open-images-dataset/test/ef6ec890a5f87aae.jpg,https://c7.staticflickr.com/3/2148/2483716374_7f6504a708_o.jpg,https://www.flickr.com/photos/mwichary/2483716374,https://creativecommons.org/licenses/by/2.0/,Marcin Wichary,https://www.flickr.com/people/mwichary/,Escape,Grass,316b58d403283f8c99fd2dd8c8b2bb73d1ab32d516be15d80c52347656cae1eb
oi_validation_9c5ec9466f3a3703,train,hard_negative,9c5ec9466f3a3703,validation,Open Images Dataset V7,https://storage.googleapis.com/openimages/web/index.html,https://s3.amazonaws.com/open-images-dataset/validation/9c5ec9466f3a3703.jpg,https://farm4.staticflickr.com/3270/2552560582_701a173892_o.jpg,https://www.flickr.com/photos/vinka_portafolio/2552560582,https://creativecommons.org/licenses/by/2.0/,Vinka Bravo,https://www.flickr.com/people/vinka_portafolio/,Lú,Plant,7f6ee3ff9c328ebe74b30b68522ac8e53c106cceb7c1c097fe06f36a2c5bfe09
oi_train_00f95cbd6ec51205,test,hard_negative,00f95cbd6ec51205,train,Open Images Dataset V7,https://storage.googleapis.com/openimages/web/index.html,https://s3.amazonaws.com/open-images-dataset/train/00f95cbd6ec51205.jpg,https://farm6.staticflickr.com/3776/12795492845_4ce92575c7_o.jpg,https://www.flickr.com/photos/acwa/12795492845,https://creativecommons.org/licenses/by/2.0/,PEO ACWA,https://www.flickr.com/people/acwa/,Pueblo Chemical Agent-Destruction Pilot Plant Control Room,Computer mouse,90bf864a6e5581d0672236ec57c03ae4d82b7211d5b121c3df92a4f9814383af
oi_train_558f9ed2075bc761,val,hard_negative,558f9ed2075bc761,train,Open Images Dataset V7,https://storage.googleapis.com/openimages/web/index.html,https://s3.amazonaws.com/open-images-dataset/train/558f9ed2075bc761.jpg,https://farm2.staticflickr.com/2903/14150418264_5220fb4b4a_o.jpg,https://www.flickr.com/photos/mywallart3dwall/14150418264,https://creativecommons.org/licenses/by/2.0/,MyWallArt,https://www.flickr.com/people/mywallart3dwall/,WallArt 3dwall Gaps-design,Lamp,1c9d411657ae5d987c336b8f7231b5a4c6b36c6fe93d12e41815e4ccb100f17e
oi_test_bb8d86c7a7e02093,train,hard_negative,bb8d86c7a7e02093,test,Open Images Dataset V7,https://storage.googleapis.com/openimages/web/index.html,https://s3.amazonaws.com/open-images-dataset/test/bb8d86c7a7e02093.jpg,https://farm4.staticflickr.com/7118/7660675526_633803042f_o.jpg,https://www.flickr.com/photos/79579651@N06/7660675526,https://creativecommons.org/licenses/by/2.0/,Bangbeni,https://www.flickr.com/people/79579651@N06/,logitech,Computer mouse,70db74bfee7aae6405615e107e9185b8cd0e143eee56861ef40360658ba748d9
oi_validation_deb9e992404b42f0,val,hard_negative,deb9e992404b42f0,validation,Open Images Dataset V7,https://storage.googleapis.com/openimages/web/index.html,https://s3.amazonaws.com/open-images-dataset/validation/deb9e992404b42f0.jpg,https://farm1.staticflickr.com/4099/4790758010_a6eb456b44_o.jpg,https://www.flickr.com/photos/joe57spike/4790758010/,https://creativecommons.org/licenses/by/2.0/,Joe Lodge,https://www.flickr.com/people/joe57spike/,A well-used football.,Grass,ee2aab4c64153de788a1d38378320ac922856b0730c1d6a201afd8dc578b190f
oi_test_21190fe7e57fe3c3,train,hard_negative,21190fe7e57fe3c3,test,Open Images Dataset V7,https://storage.googleapis.com/openimages/web/index.html,https://s3.amazonaws.com/open-images-dataset/test/21190fe7e57fe3c3.jpg,https://farm4.staticflickr.com/6126/5982310109_59012de8ea_o.jpg,https://www.flickr.com/photos/milanboers/5982310109,https://creativecommons.org/licenses/by/2.0/,Milan Boers,https://www.flickr.com/people/milanboers/,Auschwitz-Birkenau,Grass|Lawn|Pasture,f48529b25b3d0f8083b9023ec78d27de506028c7396773a61161ead84b9796e4
oi_validation_d166d711bcc3229c,train,hard_negative,d166d711bcc3229c,validation,Open Images Dataset V7,https://storage.googleapis.com/openimages/web/index.html,https://s3.amazonaws.com/open-images-dataset/validation/d166d711bcc3229c.jpg,https://c5.staticflickr.com/3/2472/3637623802_45629a0598_o.jpg,https://www.flickr.com/photos/12535240@N05/3637623802,https://creativecommons.org/licenses/by/2.0/,carlfbagge,https://www.flickr.com/people/12535240@N05/,IMG_7884  1469 Maine St (1890),Lawn,e4bfa6b9bb084b0f864f46e90c2d8092b1f1f88c5e2127e083e12294912836c1
oi_train_c4cebb5e85c51a37,train,hard_negative,c4cebb5e85c51a37,train,Open Images Dataset V7,https://storage.googleapis.com/openimages/web/index.html,https://s3.amazonaws.com/open-images-dataset/train/c4cebb5e85c51a37.jpg,https://farm8.staticflickr.com/5488/10922305513_204cd3cfef_o.jpg,https://www.flickr.com/photos/arndog/10922305513,https://creativecommons.org/licenses/by/2.0/,Arnold Gatilao,https://www.flickr.com/people/arndog/,"The Crö-dough (vanilla, but also available in Nutella and raspberry). Not as tall as the brioughnut at ConfeXion in Pasadena, but just as good (and you kinda have to dig the umlaut). According to @bettyhallock, these are the closest to the original Cronut",Doughnut,f3eb46115ed0f99c385c61712de06d679a7c1bbbf54625ecabc175fb8a5ed97b
oi_train_ac7bef2d327f89c7,test,hard_negative,ac7bef2d327f89c7,train,Open Images Dataset V7,https://storage.googleapis.com/openimages/web/index.html,https://s3.amazonaws.com/open-images-dataset/train/ac7bef2d327f89c7.jpg,https://farm8.staticflickr.com/3360/3178150261_a787c51329_o.jpg,https://www.flickr.com/photos/rachelkramerbusseldotcom/3178150261,https://creativecommons.org/licenses/by/2.0/,Rachel Kramer Bussel,https://www.flickr.com/people/rachelkramerbusseldotcom/,Dunkin' Donut,Doughnut,4924631a59369c3fa29b25509f304bc9cbf73147b0f50db92c7d4ceec636da70
oi_validation_399eb56dbffa49a2,train,hard_negative,399eb56dbffa49a2,validation,Open Images Dataset V7,https://storage.googleapis.com/openimages/web/index.html,https://s3.amazonaws.com/open-images-dataset/validation/399eb56dbffa49a2.jpg,https://farm3.staticflickr.com/8456/7913112818_3368dc2584_o.jpg,https://www.flickr.com/photos/gonmi/7913112818,https://creativecommons.org/licenses/by/2.0/,Nacho,https://www.flickr.com/people/gonmi/,Mascotas,Tennis ball,05efd834608bfaee69fb56eceb6bafb89822c878810a636da3750d41e69f2148
oi_train_408629d36f2c42f4,train,hard_negative,408629d36f2c42f4,train,Open Images Dataset V7,https://storage.googleapis.com/openimages/web/index.html,https://s3.amazonaws.com/open-images-dataset/train/408629d36f2c42f4.jpg,https://farm5.staticflickr.com/30/94241532_247521daf4_o.jpg,https://www.flickr.com/photos/kylemacdonald/94241532,https://creativecommons.org/licenses/by/2.0/,Kyle MacDonald,https://www.flickr.com/people/kylemacdonald/,apples,Apple,b1b9c1bd13a436b733e984b8062bf1a1a5df5c2c23e5f35fb508cdbbf4885d2b
oi_train_84b080971bba8a8a,train,hard_negative,84b080971bba8a8a,train,Open Images Dataset V7,https://storage.googleapis.com/openimages/web/index.html,https://s3.amazonaws.com/open-images-dataset/train/84b080971bba8a8a.jpg,https://c3.staticflickr.com/4/3889/15225005721_c91f1214f9_o.jpg,https://www.flickr.com/photos/rabanito/15225005721,https://creativecommons.org/licenses/by/2.0/,Senorhorst Jahnsen,https://www.flickr.com/people/rabanito/,IMG_5647,Lamp,10d113b9616d1ca8535a4ae9686c45efe034462dab2365d932cdd3afd45a0ce9
oi_validation_722077ac21c4a1c2,train,hard_negative,722077ac21c4a1c2,validation,Open Images Dataset V7,https://storage.googleapis.com/openimages/web/index.html,https://s3.amazonaws.com/open-images-dataset/validation/722077ac21c4a1c2.jpg,https://farm3.staticflickr.com/89/209389800_55736a842c_o.jpg,https://www.flickr.com/photos/thomaspurves/209389800,https://creativecommons.org/licenses/by/2.0/,Tom Purves,https://www.flickr.com/people/thomaspurves/,my ball is under that goose,Grass|Lawn|Meadow,bcde2de13430a7f1a56ae0d5e252a2e62269a5c2deb389388686d86b5ed6fd4d
oi_train_7e371d9a43e6b5e6,test,hard_negative,7e371d9a43e6b5e6,train,Open Images Dataset V7,https://storage.googleapis.com/openimages/web/index.html,https://s3.amazonaws.com/open-images-dataset/train/7e371d9a43e6b5e6.jpg,https://farm7.staticflickr.com/180/398365553_b7286c1a6e_o.jpg,https://www.flickr.com/photos/kazanjy/398365553,https://creativecommons.org/licenses/by/2.0/,Peter Kazanjy,https://www.flickr.com/people/kazanjy/,"Tracy's Apt, San Mateo, CA",Paper towel,4b662119fa73107bee13fdf0aaa3b583e8fc81973fc764fb6432b585c41aff3d
oi_validation_757ab32e2d85c67e,train,hard_negative,757ab32e2d85c67e,validation,Open Images Dataset V7,https://storage.googleapis.com/openimages/web/index.html,https://s3.amazonaws.com/open-images-dataset/validation/757ab32e2d85c67e.jpg,https://c7.staticflickr.com/4/3840/14923552752_fa5ab3a127_o.jpg,https://www.flickr.com/photos/121004196@N06/14923552752,https://creativecommons.org/licenses/by/2.0/,muo1417,https://www.flickr.com/people/121004196@N06/,水田、藤岡市,Grass|Grassland|Meadow,89e1e22d703d160051fd7aa0621ddfa5779d0672160233ae3643beded7e97dee
oi_train_4be857eabede9634,train,hard_negative,4be857eabede9634,train,Open Images Dataset V7,https://storage.googleapis.com/openimages/web/index.html,https://s3.amazonaws.com/open-images-dataset/train/4be857eabede9634.jpg,https://farm5.staticflickr.com/7177/6812351482_962e020707_o.jpg,https://www.flickr.com/photos/thinkgeoenergy/6812351482,https://creativecommons.org/licenses/by/2.0/,ThinkGeoEnergy,https://www.flickr.com/people/thinkgeoenergy/,GeoTHERM 2012 - Geothermal Trade Show Germany,Ball (Object),1843792fcfe2117a8a36687ad0e0442a699fedb09bf606aad8fde41dc6fe05af
oi_train_f7a13817cdeb846a,train,hard_negative,f7a13817cdeb846a,train,Open Images Dataset V7,https://storage.googleapis.com/openimages/web/index.html,https://s3.amazonaws.com/open-images-dataset/train/f7a13817cdeb846a.jpg,https://c3.staticflickr.com/8/7071/6982523990_eed9e7de9b_o.jpg,https://www.flickr.com/photos/rubbermaid/6982523990,https://creativecommons.org/licenses/by/2.0/,Rubbermaid Products,https://www.flickr.com/people/rubbermaid/,Spray Scrubber 01,Soap dispenser,8342bcc83d7552dfa3471e7d738ad1898d941b6fe17f2445e4499c4abcd3c72e
oi_train_0a1bbf834621a9e3,val,hard_negative,0a1bbf834621a9e3,train,Open Images Dataset V7,https://storage.googleapis.com/openimages/web/index.html,https://s3.amazonaws.com/open-images-dataset/train/0a1bbf834621a9e3.jpg,https://farm4.staticflickr.com/2488/3681383452_767c721c6d_o.jpg,https://www.flickr.com/photos/ivanwalsh/3681383452/,https://creativecommons.org/licenses/by/2.0/,IvanWalsh.com,https://www.flickr.com/people/ivanwalsh/,Irish Shilling 1s 1933 - Percy Metcalf,Coin,d098249e17b314e75c20e1d990c0d3d319c867ede661cf895400a7af9212daca
oi_test_e34b706faf8a1fbb,train,hard_negative,e34b706faf8a1fbb,test,Open Images Dataset V7,https://storage.googleapis.com/openimages/web/index.html,https://s3.amazonaws.com/open-images-dataset/test/e34b706faf8a1fbb.jpg,https://c4.staticflickr.com/4/3445/3954503560_b6afc1a483_o.jpg,https://www.flickr.com/photos/theincidental/3954503560,https://creativecommons.org/licenses/by/2.0/,The Incidental,https://www.flickr.com/people/theincidental/,"'Heavy Lights', concrete lighting by Benjamin Hubert at 100% Design",Lamp|Light bulb,2ba6b50fcf14d6848a615f537b10da659d939a4dd16d6e5322c212bdc338b6f9
oi_train_786aa3a0b9159ccc,train,hard_negative,786aa3a0b9159ccc,train,Open Images Dataset V7,https://storage.googleapis.com/openimages/web/index.html,https://s3.amazonaws.com/open-images-dataset/train/786aa3a0b9159ccc.jpg,https://c5.staticflickr.com/9/8016/7005014874_86a30dfd39_o.jpg,https://www.flickr.com/photos/nostri-imago/7005014874,https://creativecommons.org/licenses/by/2.0/,Cliff,https://www.flickr.com/people/nostri-imago/,554T1308,Lamp,3417210a76410da357e8ff2558a984ea9a2feedebe4ce7ace668b3c974a8ef4a
oi_validation_a31f9b76e456d321,test,hard_negative,a31f9b76e456d321,validation,Open Images Dataset V7,https://storage.googleapis.com/openimages/web/index.html,https://s3.amazonaws.com/open-images-dataset/validation/a31f9b76e456d321.jpg,https://farm2.staticflickr.com/8026/7522140568_bec85e9f59_o.jpg,https://www.flickr.com/photos/zilupe/7522140568,https://creativecommons.org/licenses/by/2.0/,zilupe,https://www.flickr.com/people/zilupe/,DSC_0027,Grass|Grassland|Meadow|Pasture,aaec4a7fa0f6ef00161ee66ba489a19b5e97fccdd09a093c05a1ceb98cdd42f6
oi_test_210734f80256d6a4,train,hard_negative,210734f80256d6a4,test,Open Images Dataset V7,https://storage.googleapis.com/openimages/web/index.html,https://s3.amazonaws.com/open-images-dataset/test/210734f80256d6a4.jpg,https://farm5.staticflickr.com/5089/5204651805_8ff9a66109_o.jpg,https://www.flickr.com/photos/arran_moffat/5204651805,https://creativecommons.org/licenses/by/2.0/,Arran Moffat,https://www.flickr.com/people/arran_moffat/,Heeland Coo,Grass|Grassland|Meadow|Pasture,c2be2d9c90360b63ebf4dd099a2c1996f79b649bd5def3d3dc1a4aba1b608fb6
oi_test_833b15210171a98b,train,hard_negative,833b15210171a98b,test,Open Images Dataset V7,https://storage.googleapis.com/openimages/web/index.html,https://s3.amazonaws.com/open-images-dataset/test/833b15210171a98b.jpg,https://c4.staticflickr.com/1/550/20428319692_06c1539070_o.jpg,https://flickr.com/32179778@N00/20428319692,https://creativecommons.org/licenses/by/2.0/,Manuel,https://www.flickr.com/people/martius/,plantas silvestres,Meadow,7537649eab35c686c340dbf2a1cc64674b063c87c205fd807e98f4252d982e39
oi_train_98f8cb9d33bd4627,train,hard_negative,98f8cb9d33bd4627,train,Open Images Dataset V7,https://storage.googleapis.com/openimages/web/index.html,https://s3.amazonaws.com/open-images-dataset/train/98f8cb9d33bd4627.jpg,https://farm8.staticflickr.com/4076/4871202086_3bb4d8327a_o.jpg,https://www.flickr.com/photos/pellesten/4871202086,https://creativecommons.org/licenses/by/2.0/,Pelle Sten,https://www.flickr.com/people/pellesten/,Stockholm Exiles vs Horny Bulls @ Stockholm Tens,Ball (Object)|Plant,b70ee88a3b9d5b3aa0ae609a6c0b4878242efa9d9524a4022808fc41eccacb3b
oi_train_00eb3e909dbdc5d3,train,hard_negative,00eb3e909dbdc5d3,train,Open Images Dataset V7,https://storage.googleapis.com/openimages/web/index.html,https://s3.amazonaws.com/open-images-dataset/train/00eb3e909dbdc5d3.jpg,https://farm4.staticflickr.com/2807/11684022664_177caab1a3_o.jpg,https://www.flickr.com/photos/kansirnet/11684022664,https://creativecommons.org/licenses/by/2.0/,Kansir,https://www.flickr.com/people/kansirnet/,試食越南米,Plastic bag,ce5f081504750fdaf9aa4b8fc505eac67bcd9903830f13170753e4466d83d0f5
oi_test_7a0f1644c372f281,test,hard_negative,7a0f1644c372f281,test,Open Images Dataset V7,https://storage.googleapis.com/openimages/web/index.html,https://s3.amazonaws.com/open-images-dataset/test/7a0f1644c372f281.jpg,https://farm2.staticflickr.com/8027/7329099662_1791153653_o.jpg,https://www.flickr.com/photos/supawanich/7329099662,https://creativecommons.org/licenses/by/2.0/,paulsupawanich,https://www.flickr.com/people/supawanich/,Dedicated Bus Lanes - East of Istanbul,Grass,fa8976c2d6a9834559d565072ea26911ae0d1d5e566aff6c166022539b3abfa0
oi_validation_fa51b8026b5fa585,train,hard_negative,fa51b8026b5fa585,validation,Open Images Dataset V7,https://storage.googleapis.com/openimages/web/index.html,https://s3.amazonaws.com/open-images-dataset/validation/fa51b8026b5fa585.jpg,https://farm6.staticflickr.com/6192/6086776926_b03ea880b6_o.jpg,https://www.flickr.com/photos/scottcalleja/6086776926,https://creativecommons.org/licenses/by/2.0/,Scott Calleja,https://www.flickr.com/people/scottcalleja/,Detroit Zoo 600mm,Grass|Grassland,64a1e8ba93e09d8118db10816c14716dfbd2293b29d9aa6665fa9c8e61b1a0a7
oi_train_0036676fa7ce3bd0,train,hard_negative,0036676fa7ce3bd0,train,Open Images Dataset V7,https://storage.googleapis.com/openimages/web/index.html,https://s3.amazonaws.com/open-images-dataset/train/0036676fa7ce3bd0.jpg,https://farm1.staticflickr.com/7050/7081282081_1c8493f144_o.jpg,https://www.flickr.com/photos/bellafaye8/7081282081,https://creativecommons.org/licenses/by/2.0/,Faylyne,https://www.flickr.com/people/bellafaye8/,Getting busy in my workshop...,Lamp,088a327c31055a3a33201e90153cabfaaeded3f62ff958a53793fcdea07491d4
oi_train_ad792bc8728a97a8,train,hard_negative,ad792bc8728a97a8,train,Open Images Dataset V7,https://storage.googleapis.com/openimages/web/index.html,https://s3.amazonaws.com/open-images-dataset/train/ad792bc8728a97a8.jpg,https://c1.staticflickr.com/3/2694/4181588984_107f3d7c4e_o.jpg,https://www.flickr.com/photos/omaniblog/4181588984,https://creativecommons.org/licenses/by/2.0/,Paul O&#x27;Mahony,https://www.flickr.com/people/omaniblog/,Make-Up materials,Cosmetics,b2ff82242f64aae8bde0de4abd8a2e9a7970327ae0142834a1ee4140a61cf7f3
oi_test_8e8fe8ba500d4af3,train,hard_negative,8e8fe8ba500d4af3,test,Open Images Dataset V7,https://storage.googleapis.com/openimages/web/index.html,https://s3.amazonaws.com/open-images-dataset/test/8e8fe8ba500d4af3.jpg,https://farm4.staticflickr.com/1174/1217873716_78bc4313c7_o.jpg,https://www.flickr.com/photos/desdegus/1217873716,https://creativecommons.org/licenses/by/2.0/,Gustavo M,https://www.flickr.com/people/desdegus/,Fuerza y Coraje Ica...,Bottle,51ebe76651408cfdca833ab8d96a16a59f14612d8053131cb644c97233f2193b
oi_validation_331e62c11a7aabc7,train,hard_negative,331e62c11a7aabc7,validation,Open Images Dataset V7,https://storage.googleapis.com/openimages/web/index.html,https://s3.amazonaws.com/open-images-dataset/validation/331e62c11a7aabc7.jpg,https://farm8.staticflickr.com/3302/3611193267_7f92ef9e0f_o.jpg,https://www.flickr.com/photos/restlessglobetrotter/3611193267,https://creativecommons.org/licenses/by/2.0/,Jason Rogers,https://www.flickr.com/people/restlessglobetrotter/,Hill End Garden of Rest,Meadow|Pasture,15a3b07ef2eae35a8e134a530ac8d8e3cc71d57aff4260d8e43467abf8c8b859
oi_train_e995ed5256327606,val,hard_negative,e995ed5256327606,train,Open Images Dataset V7,https://storage.googleapis.com/openimages/web/index.html,https://s3.amazonaws.com/open-images-dataset/train/e995ed5256327606.jpg,https://farm7.staticflickr.com/7594/16425263184_799f11454a_o.jpg,https://www.flickr.com/photos/jedimentat/16425263184,https://creativecommons.org/licenses/by/2.0/,Jedimentat44,https://www.flickr.com/people/jedimentat/,IMG_20150405_145408,Bottle,c76a2b0589a52e0e8cf38eaf09dbdb6c98df1c44dc57008b73709d92503c1496
oi_train_1c6eee0d9680ffce,train,hard_negative,1c6eee0d9680ffce,train,Open Images Dataset V7,https://storage.googleapis.com/openimages/web/index.html,https://s3.amazonaws.com/open-images-dataset/train/1c6eee0d9680ffce.jpg,https://c7.staticflickr.com/9/8168/7141828279_4949c00e09_o.jpg,https://www.flickr.com/photos/mjtmail/7141828279,https://creativecommons.org/licenses/by/2.0/,mjtmail (tiggy),https://www.flickr.com/people/mjtmail/,123 of 366,Remote control,17255c251af419cf3b51f6b49eb4ac2ba53dd208c05b9dbfc133a022c3bb1738
oi_train_3654811b9f714c33,train,hard_negative,3654811b9f714c33,train,Open Images Dataset V7,https://storage.googleapis.com/openimages/web/index.html,https://s3.amazonaws.com/open-images-dataset/train/3654811b9f714c33.jpg,https://farm4.staticflickr.com/8005/7527307408_1418c438c6_o.jpg,https://www.flickr.com/photos/linsinchen/7527307408,https://creativecommons.org/licenses/by/2.0/,Sinchen.Lin,https://www.flickr.com/people/linsinchen/,ttesports-black-element-cyclone,Computer mouse,414444c01626d12967677ed92dd7972788c6b3cf6a5a4dece268af875d73d79a
oi_train_3a69b6cbc4a22e15,train,hard_negative,3a69b6cbc4a22e15,train,Open Images Dataset V7,https://storage.googleapis.com/openimages/web/index.html,https://s3.amazonaws.com/open-images-dataset/train/3a69b6cbc4a22e15.jpg,https://farm6.staticflickr.com/5487/11034608315_77775ec114_o.jpg,https://www.flickr.com/photos/fungi-nis/11034608315,https://creativecommons.org/licenses/by/2.0/,GLJIVARSKO DRUSTVO NIS,https://www.flickr.com/people/fungi-nis/,Lepiota cristata (Bolt.: Fr.) Kumm,Mushroom|Plant,02e3a0c8d7e891d03de539417b8fa7b9e2c315b01ffc18953efcf0ab00f0fe44
oi_train_ad04791577fdb7ee,train,hard_negative,ad04791577fdb7ee,train,Open Images Dataset V7,https://storage.googleapis.com/openimages/web/index.html,https://s3.amazonaws.com/open-images-dataset/train/ad04791577fdb7ee.jpg,https://c7.staticflickr.com/9/8318/8023358146_1657b463fa_o.jpg,https://www.flickr.com/photos/usnavalwarcollegeri/8023358146,https://creativecommons.org/licenses/by/2.0/,U.S. Naval War College,https://www.flickr.com/people/usnavalwarcollegeri/,Navy President's Cup 2012017 (1),Tennis ball,a36002d37f20bb83ff63fb29fcde92cbf37ddf4f79481540492a26a283267d7d
oi_validation_79567c046113e076,val,hard_negative,79567c046113e076,validation,Open Images Dataset V7,https://storage.googleapis.com/openimages/web/index.html,https://s3.amazonaws.com/open-images-dataset/validation/79567c046113e076.jpg,https://farm7.staticflickr.com/131/422351871_51ed537b84_o.jpg,https://www.flickr.com/photos/terremonto/422351871,https://creativecommons.org/licenses/by/2.0/,terremonto,https://www.flickr.com/people/terremonto/,Prat verd (competència UAB),Grass|Grassland|Meadow,b83c73b4dffe7f7514e68da46d131d02e2591dac5abb4a180b9049706505f729
oi_train_8bc12c5798869779,train,hard_negative,8bc12c5798869779,train,Open Images Dataset V7,https://storage.googleapis.com/openimages/web/index.html,https://s3.amazonaws.com/open-images-dataset/train/8bc12c5798869779.jpg,https://c2.staticflickr.com/6/5207/5309177907_9ea8e86c19_o.jpg,https://www.flickr.com/photos/joanafonso/5309177907,https://creativecommons.org/licenses/by/2.0/,Joana Afonso ❤ ℒℯ Vℯrƞis,https://www.flickr.com/people/joanafonso/,Mrs Robinson Color Club,Cosmetics,5f87f25673ea7f9eebdb00d2c723fd861cf217a0c03efaca471db9c8404892f4
oi_train_de4ccd5eda06cf01,train,hard_negative,de4ccd5eda06cf01,train,Open Images Dataset V7,https://storage.googleapis.com/openimages/web/index.html,https://s3.amazonaws.com/open-images-dataset/train/de4ccd5eda06cf01.jpg,https://farm2.staticflickr.com/3701/12223466643_11a7dd38a5_o.jpg,https://www.flickr.com/photos/drcw/12223466643,https://creativecommons.org/licenses/by/2.0/,drcw,https://www.flickr.com/people/drcw/,I have the sweetest husband in the world #bakedbymelissa,Doughnut,896b3a1fa1ebfc421499e9109c193097e1f38e30ae13f611806c0269e58f96b8
oi_test_893d55db1ea4fab7,train,hard_negative,893d55db1ea4fab7,test,Open Images Dataset V7,https://storage.googleapis.com/openimages/web/index.html,https://s3.amazonaws.com/open-images-dataset/test/893d55db1ea4fab7.jpg,https://farm8.staticflickr.com/87/270967396_bbb22dfb62_o.jpg,https://www.flickr.com/photos/kowitz/270967396,https://creativecommons.org/licenses/by/2.0/,Braden Kowitz,https://www.flickr.com/people/kowitz/,Angry donut,Doughnut,63dd06c01b20c4535be1de1f6d7fcc8de170996d1e1ca9e046bebfb3cda35101
oi_train_16367b15c752e8e3,train,hard_negative,16367b15c752e8e3,train,Open Images Dataset V7,https://storage.googleapis.com/openimages/web/index.html,https://s3.amazonaws.com/open-images-dataset/train/16367b15c752e8e3.jpg,https://farm4.staticflickr.com/3259/2614818773_b2f0d073f1_o.jpg,https://www.flickr.com/photos/8106459@N07/2614818773,https://creativecommons.org/licenses/by/2.0/,David~O,https://www.flickr.com/people/8106459@N07/,Totem Pole,Tree,39adadee6369585529ec8dc08bf6f151b675b4645b21990813ef86ae9b006064
oi_train_ccaae51fdf17caf7,train,hard_negative,ccaae51fdf17caf7,train,Open Images Dataset V7,https://storage.googleapis.com/openimages/web/index.html,https://s3.amazonaws.com/open-images-dataset/train/ccaae51fdf17caf7.jpg,https://farm8.staticflickr.com/8534/8710466445_d33662a63e_o.jpg,https://www.flickr.com/photos/16484155@N08/8710466445,https://creativecommons.org/licenses/by/2.0/,j.e.mcgowan,https://www.flickr.com/people/16484155@N08/,To Square Leg,Cricket ball,1db79c94e33c85158ad82524cd65ed7104e2cd6cb8adbeac31fd0a5e0624fb8c
oi_train_9116ff57dd301dd1,train,hard_negative,9116ff57dd301dd1,train,Open Images Dataset V7,https://storage.googleapis.com/openimages/web/index.html,https://s3.amazonaws.com/open-images-dataset/train/9116ff57dd301dd1.jpg,https://farm2.staticflickr.com/4130/5070925503_08208aea79_o.jpg,https://www.flickr.com/photos/voyages-provence/5070925503,https://creativecommons.org/licenses/by/2.0/,Patrick Gaudin,https://www.flickr.com/people/voyages-provence/,P1040416,Tennis ball,8efd4efa0ebfd34d7d9a978ae341824c14c4bad3657e782ad94e49db7a90b728
oi_train_b3d399f92afd583f,train,hard_negative,b3d399f92afd583f,train,Open Images Dataset V7,https://storage.googleapis.com/openimages/web/index.html,https://s3.amazonaws.com/open-images-dataset/train/b3d399f92afd583f.jpg,https://c8.staticflickr.com/3/2782/5750917593_f6b4e727d3_o.jpg,https://www.flickr.com/photos/nora_sweat_photos/5750917593,https://creativecommons.org/licenses/by/2.0/,Nora&#x27;s Photo,https://www.flickr.com/people/nora_sweat_photos/,IMG_3482.JPG,Flower,1d741279a50bafb4f23975ab13fd1b926edc773ca468455795f033d44e61b4b7
oi_train_8192744ee25a26ff,train,hard_negative,8192744ee25a26ff,train,Open Images Dataset V7,https://storage.googleapis.com/openimages/web/index.html,https://s3.amazonaws.com/open-images-dataset/train/8192744ee25a26ff.jpg,https://c8.staticflickr.com/7/6016/5955501969_cff5a05ee0_o.jpg,https://www.flickr.com/photos/meteomarco/5955501969,https://creativecommons.org/licenses/by/2.0/,Marco Pagni,https://www.flickr.com/people/meteomarco/,Curiosità o egocentrismo? Girasoli,Common sunflower,cee195fbe1838c292ae122f28f38ad68e4f71122b77f19f9abfaf2957ba28c34
oi_validation_b14bb10c35b90922,train,hard_negative,b14bb10c35b90922,validation,Open Images Dataset V7,https://storage.googleapis.com/openimages/web/index.html,https://s3.amazonaws.com/open-images-dataset/validation/b14bb10c35b90922.jpg,https://farm3.staticflickr.com/5147/5875662042_7e70f88af7_o.jpg,https://www.flickr.com/photos/briweldon/5875662042,https://creativecommons.org/licenses/by/2.0/,Bri Weldon,https://www.flickr.com/people/briweldon/,Summit Homes,Lawn,34baca69060e5f8506157a7419bb01e0cf8f5c709cd9a2ca9f1e6e12fc6303e5
oi_train_529ef50fd660ca75,val,hard_negative,529ef50fd660ca75,train,Open Images Dataset V7,https://storage.googleapis.com/openimages/web/index.html,https://s3.amazonaws.com/open-images-dataset/train/529ef50fd660ca75.jpg,https://farm6.staticflickr.com/3347/3423086166_537233219e_o.jpg,https://www.flickr.com/photos/17886367@N00/3423086166,https://creativecommons.org/licenses/by/2.0/,lieber_matthew,https://www.flickr.com/people/17886367@N00/,remnants of lukla plane crash.JPG,Plastic bag,598d71cfdb2f7195f76dd46ba1c3d739ef485936f52bcf753d6e7dceba668d7b
oi_test_93560d901ca9852f,train,hard_negative,93560d901ca9852f,test,Open Images Dataset V7,https://storage.googleapis.com/openimages/web/index.html,https://s3.amazonaws.com/open-images-dataset/test/93560d901ca9852f.jpg,https://c8.staticflickr.com/6/5552/15229080045_c481fc25b0_o.jpg,https://www.flickr.com/photos/jessicamullen/15229080045/,https://creativecommons.org/licenses/by/2.0/,jessica mullen,https://www.flickr.com/people/jessicamullen/,#sunflower #quadcamera,Common sunflower|Houseplant,3034c9049c3ae773cd75f494e354954a585b1eae511a88b74a0f1c13d4436853
oi_train_694a6dbc0537ec33,train,hard_negative,694a6dbc0537ec33,train,Open Images Dataset V7,https://storage.googleapis.com/openimages/web/index.html,https://s3.amazonaws.com/open-images-dataset/train/694a6dbc0537ec33.jpg,https://farm4.staticflickr.com/3640/5781925806_449ea79e2c_o.jpg,https://www.flickr.com/photos/creeledlighting/5781925806/,https://creativecommons.org/licenses/by/2.0/,CreeLEDLighting,https://www.flickr.com/people/creeledlighting/,LBR30-GU24,Light bulb,b9a0887ab528b027f545be12f6dbc42899d7bde5ae5ca87b5f017bc733361781
oi_test_b075c87f3962c9b2,train,hard_negative,b075c87f3962c9b2,test,Open Images Dataset V7,https://storage.googleapis.com/openimages/web/index.html,https://s3.amazonaws.com/open-images-dataset/test/b075c87f3962c9b2.jpg,https://farm3.staticflickr.com/8341/8174996476_e9b12c91dc_o.jpg,https://www.flickr.com/photos/topsteph53/8174996476,https://creativecommons.org/licenses/by/2.0/,Stephane Mignon,https://www.flickr.com/people/topsteph53/,Vaches limousines,Grass|Grassland|Meadow|Pasture,4a9a317acc9d594ba296282af9b6c4d776adc02e1dc096e01b809abd45ace8da
oi_train_4b296775bab7b74c,train,hard_negative,4b296775bab7b74c,train,Open Images Dataset V7,https://storage.googleapis.com/openimages/web/index.html,https://s3.amazonaws.com/open-images-dataset/train/4b296775bab7b74c.jpg,https://c5.staticflickr.com/5/4079/4854129197_a51c32cede_o.jpg,https://www.flickr.com/photos/pantulis/4854129197,https://creativecommons.org/licenses/by/2.0/,Juan Lupión,https://www.flickr.com/people/pantulis/,Auriculares Panasonic RP-HTX7,Headphones,fc6e4c0ecae9e31965f668a7631681777ffdc716dd2aa9d80703dd24d315afb9
oi_test_95439bcd8a0862f2,train,hard_negative,95439bcd8a0862f2,test,Open Images Dataset V7,https://storage.googleapis.com/openimages/web/index.html,https://s3.amazonaws.com/open-images-dataset/test/95439bcd8a0862f2.jpg,https://farm3.staticflickr.com/3799/9119141794_7c7dcf6bfa_o.jpg,https://www.flickr.com/photos/manoftaste-de/9119141794,https://creativecommons.org/licenses/by/2.0/,Christian Schnettelker,https://www.flickr.com/people/manoftaste-de/,Lemons / Zitronen,Orange (fruit),c0a86f80977dea90821584d4e67087c51257158aa34fd0051d3d5c20567c512a
oi_test_75c35fdc8f7393c2,test,hard_negative,75c35fdc8f7393c2,test,Open Images Dataset V7,https://storage.googleapis.com/openimages/web/index.html,https://s3.amazonaws.com/open-images-dataset/test/75c35fdc8f7393c2.jpg,https://farm3.staticflickr.com/2922/14043765010_22f0c79f87_o.jpg,https://www.flickr.com/photos/kjfnjy/14043765010,https://creativecommons.org/licenses/by/2.0/,Ken and Nyetta,https://www.flickr.com/people/kjfnjy/,"The 'Megalith' of Vaison la Romaine.  While it looks like a Paelolithic megalith, this collection of stone was recently put in place to honor the 40+ people who died in the floods of 1992.",Grass|Grassland|Meadow|Pasture,ea65c3c1a91c2c6296010f31a93f2dd28da2390b08601ccd78482202da62d814
oi_train_62e87314b6f916a8,test,hard_negative,62e87314b6f916a8,train,Open Images Dataset V7,https://storage.googleapis.com/openimages/web/index.html,https://s3.amazonaws.com/open-images-dataset/train/62e87314b6f916a8.jpg,https://c1.staticflickr.com/7/6138/6007708590_a8a1b3aa80_o.jpg,https://www.flickr.com/photos/eager/6007708590,https://creativecommons.org/licenses/by/2.0/,準建築人手札網站 Forgemind ArchiMedia,https://www.flickr.com/people/eager/,Nini Andrade Silva - Aquapura Doudo Vallery 08 - Bar - Sala.jpg,Candle|Lamp,151e7b1275173768ea6117a1e55df20bf504c149cafc4a456188b73847a04a6d
oi_train_a1635e11aa09b818,train,hard_negative,a1635e11aa09b818,train,Open Images Dataset V7,https://storage.googleapis.com/openimages/web/index.html,https://s3.amazonaws.com/open-images-dataset/train/a1635e11aa09b818.jpg,https://c1.staticflickr.com/4/3396/3199343328_17eb4bafbb_o.jpg,https://www.flickr.com/photos/tipsfortravellers/3199343328,https://creativecommons.org/licenses/by/2.0/,Gary Bembridge,https://www.flickr.com/people/tipsfortravellers/,Big Hole Kimberley South Africa (9),Houseplant,a7c390878722cb4704d547e4fb91804b01437f829f3c94ce880a6598fe69af25
oi_test_1d282e5a288c2413,test,hard_negative,1d282e5a288c2413,test,Open Images Dataset V7,https://storage.googleapis.com/openimages/web/index.html,https://s3.amazonaws.com/open-images-dataset/test/1d282e5a288c2413.jpg,https://farm4.staticflickr.com/8260/8648207917_58bd837285_o.jpg,https://www.flickr.com/photos/ndrwfgg/8648207917,https://creativecommons.org/licenses/by/2.0/,Andy / Andrew Fogg,https://www.flickr.com/people/ndrwfgg/,old friend,Lawn,72490d61572ae3df79bb6e4a511833d8f12a7e8d02695f86c9718f853384f53c
oi_train_dca53c89b878ccf6,train,hard_negative,dca53c89b878ccf6,train,Open Images Dataset V7,https://storage.googleapis.com/openimages/web/index.html,https://s3.amazonaws.com/open-images-dataset/train/dca53c89b878ccf6.jpg,https://farm7.staticflickr.com/2423/3810262128_158fd33ef0_o.jpg,https://www.flickr.com/photos/andi4uio/3810262128,https://creativecommons.org/licenses/by/2.0/,andinarvaez,https://www.flickr.com/people/andi4uio/,Screen on the Green,Tree,ee7f4e3de8f595fca24d4336ba46f701db3b1802759d6a47df49493df477e59b
oi_validation_2f0a17000bfabce8,test,hard_negative,2f0a17000bfabce8,validation,Open Images Dataset V7,https://storage.googleapis.com/openimages/web/index.html,https://s3.amazonaws.com/open-images-dataset/validation/2f0a17000bfabce8.jpg,https://c1.staticflickr.com/9/8735/16692945727_7ab5a7d78e_o.jpg,https://www.flickr.com/photos/132012735@N04/16692945727,https://creativecommons.org/licenses/by/2.0/,Ha Nguyen,https://www.flickr.com/people/132012735@N04/,Borough Market,Doughnut,b69d62c2d1405764aa452f5f1946c8dcaec8b8d966097dd54c73d3e60e4d0343
oi_test_056d5deb1682629b,train,hard_negative,056d5deb1682629b,test,Open Images Dataset V7,https://storage.googleapis.com/openimages/web/index.html,https://s3.amazonaws.com/open-images-dataset/test/056d5deb1682629b.jpg,https://c4.staticflickr.com/7/6134/5938707402_b00421bdd0_o.jpg,https://www.flickr.com/photos/drljohnson/5938707402,https://creativecommons.org/licenses/by/2.0/,Larry Johnson,https://www.flickr.com/people/drljohnson/,Tanzania 2011,Grass|Grassland|Meadow|Pasture,7d5e7bc2660edafcf0b137664e52e1b6d32f996ab39a545484ee493aacbd102c
oi_train_0a4827f20c8aef05,test,hard_negative,0a4827f20c8aef05,train,Open Images Dataset V7,https://storage.googleapis.com/openimages/web/index.html,https://s3.amazonaws.com/open-images-dataset/train/0a4827f20c8aef05.jpg,https://farm6.staticflickr.com/2742/4295867022_e80630fa06_o.jpg,https://www.flickr.com/photos/dennis/4295867022,https://creativecommons.org/licenses/by/2.0/,Dennis Yang,https://www.flickr.com/people/dennis/,german fruit,Apple|Orange (fruit),b4729f92fe414f2031acdea5a38fd012275bd859cda1a495edac4081bf4fca72
oi_train_459275d085628580,test,hard_negative,459275d085628580,train,Open Images Dataset V7,https://storage.googleapis.com/openimages/web/index.html,https://s3.amazonaws.com/open-images-dataset/train/459275d085628580.jpg,https://farm1.staticflickr.com/7265/7455987146_afa072df45_o.jpg,https://www.flickr.com/photos/oldrebel/7455987146,https://creativecommons.org/licenses/by/2.0/,Donald Lee Pardue,https://www.flickr.com/people/oldrebel/,Recycled Kayak,Plant,33e05600172afd9d4188c4da4eb4acea6216f5709798ea6bce4fc697c20db306
oi_validation_0858c2306f62cf06,train,hard_negative,0858c2306f62cf06,validation,Open Images Dataset V7,https://storage.googleapis.com/openimages/web/index.html,https://s3.amazonaws.com/open-images-dataset/validation/0858c2306f62cf06.jpg,https://farm7.staticflickr.com/6220/6998486581_7f29c8c332_o.jpg,https://www.flickr.com/photos/zemaurojr/6998486581,https://creativecommons.org/licenses/by/2.0/,José Mauro O. Jr.,https://www.flickr.com/people/zemaurojr/,"&quot;Verde, amarelo, azul e branco… Forma o pavilhão do meu país…&quot;",Grass|Grassland|Lawn|Meadow|Pasture,ef68a479042a4d31a9aba9d625e8f1cf9077e99fe3fbc1ba44cc7d22d04aefd0
oi_train_1f6fc573c44a3623,train,hard_negative,1f6fc573c44a3623,train,Open Images Dataset V7,https://storage.googleapis.com/openimages/web/index.html,https://s3.amazonaws.com/open-images-dataset/train/1f6fc573c44a3623.jpg,https://farm4.staticflickr.com/6158/6184923107_5470eab292_o.jpg,https://www.flickr.com/photos/funcrush/6184923107,https://creativecommons.org/licenses/by/2.0/,Kim MyoungSung,https://www.flickr.com/people/funcrush/,목장의 일몰,Tree,bcc34af5b7f8788bb6336ca80cf6a5d9987844371b7e66f29e4b2a4a6fb321dd
oi_train_51c9484aae47fd29,train,hard_negative,51c9484aae47fd29,train,Open Images Dataset V7,https://storage.googleapis.com/openimages/web/index.html,https://s3.amazonaws.com/open-images-dataset/train/51c9484aae47fd29.jpg,https://c2.staticflickr.com/6/5347/9523504198_3d47dff4a7_o.jpg,https://www.flickr.com/photos/technoevangelist/9523504198,https://creativecommons.org/licenses/by/2.0/,Fee Plumley,https://www.flickr.com/people/technoevangelist/,"many toilets don't even have soap. This one has moisturiser, deodorant, mouthwash and tampons. impressive.",Soap dispenser,a6f53a6ae3b30a07b873329556f1b8a17ab97b43a3ae9061d38f4af6fdb428cf
oi_test_6c79e6e04a7c9d74,train,hard_negative,6c79e6e04a7c9d74,test,Open Images Dataset V7,https://storage.googleapis.com/openimages/web/index.html,https://s3.amazonaws.com/open-images-dataset/test/6c79e6e04a7c9d74.jpg,https://farm5.staticflickr.com/2073/2273232025_5084df7bf3_o.jpg,https://www.flickr.com/photos/farhan/2273232025,https://creativecommons.org/licenses/by/2.0/,Farhan Chawla,https://www.flickr.com/people/farhan/,GPS Folder 2,Ball (Object),d172f00b3e8ad4ac80f9abc88b7164b35ed25c04286a3e531fc02c9046c1f613
oi_train_ac451d69c1f7291c,train,hard_negative,ac451d69c1f7291c,train,Open Images Dataset V7,https://storage.googleapis.com/openimages/web/index.html,https://s3.amazonaws.com/open-images-dataset/train/ac451d69c1f7291c.jpg,https://c5.staticflickr.com/1/56/117828452_ad1c35610a_o.jpg,https://www.flickr.com/photos/ricoslounge/117828452,https://creativecommons.org/licenses/by/2.0/,ercwttmn,https://www.flickr.com/people/ricoslounge/,red door,Lamp,a3bb37caf08f05bbb42dd3e7f87f10c558667dd5695cc576cb18d57aa422a799
oi_train_7531876116f775e7,train,hard_negative,7531876116f775e7,train,Open Images Dataset V7,https://storage.googleapis.com/openimages/web/index.html,https://s3.amazonaws.com/open-images-dataset/train/7531876116f775e7.jpg,https://farm8.staticflickr.com/3704/9568974434_60bd575853_o.jpg,https://www.flickr.com/photos/100392349@N05/9568974434,https://creativecommons.org/licenses/by/2.0/,生活的完美 是佛法,https://www.flickr.com/people/100392349@N05/,美景,Candle,476afe5a5843c0d42ef3f6e79c6df0f233807b80bdc868adf61279cf010364a0
oi_train_a6933433dfac400b,train,hard_negative,a6933433dfac400b,train,Open Images Dataset V7,https://storage.googleapis.com/openimages/web/index.html,https://s3.amazonaws.com/open-images-dataset/train/a6933433dfac400b.jpg,https://c4.staticflickr.com/7/6080/6137962702_e5d216af6e_o.jpg,https://www.flickr.com/photos/msmp84/6137962702,https://creativecommons.org/licenses/by/2.0/,Sylvia 415,https://www.flickr.com/people/msmp84/,Maracas,Ball (Object),e056c7bb12aee8aedfd8e9d1e569a4999b4e6e008c9f2130fb3eeb83486748ef
oi_train_1d65d88864056aab,train,hard_negative,1d65d88864056aab,train,Open Images Dataset V7,https://storage.googleapis.com/openimages/web/index.html,https://s3.amazonaws.com/open-images-dataset/train/1d65d88864056aab.jpg,https://c4.staticflickr.com/3/2156/2168835421_93edd85389_o.jpg,https://www.flickr.com/photos/bryanalexander/2168835421,https://creativecommons.org/licenses/by/2.0/,Bryan Alexander,https://www.flickr.com/people/bryanalexander/,bagels on the pan,Doughnut,476508ad69ea19678206eff7fcc6fb59ee2a626bd2e1756e7bb9f17f01cbc42b
oi_test_c3ad54fec4a219fd,val,hard_negative,c3ad54fec4a219fd,test,Open Images Dataset V7,https://storage.googleapis.com/openimages/web/index.html,https://s3.amazonaws.com/open-images-dataset/test/c3ad54fec4a219fd.jpg,https://c6.staticflickr.com/5/4016/4452202210_f145cb4b5a_o.jpg,https://www.flickr.com/photos/roolrool/4452202210/,https://creativecommons.org/licenses/by/2.0/,Rool Paap,https://www.flickr.com/people/roolrool/,Spring,Meadow,d79d8f26af057eaff3594d16f984e93937878d109ec1c2f61a54692203d3cb7d
oi_test_c1b96430d2c00c24,test,hard_negative,c1b96430d2c00c24,test,Open Images Dataset V7,https://storage.googleapis.com/openimages/web/index.html,https://s3.amazonaws.com/open-images-dataset/test/c1b96430d2c00c24.jpg,https://farm5.staticflickr.com/5182/5565072326_a5b6ea9a23_o.jpg,https://www.flickr.com/photos/ipdegirl/5565072326,https://creativecommons.org/licenses/by/2.0/,Jenni C,https://www.flickr.com/people/ipdegirl/,brushes446,Cosmetics,0ee41677e9209f985f4c67fefbeca472b01a27eacf7d35102be211f1153dfbc0
oi_train_2046610af291da3c,train,hard_negative,2046610af291da3c,train,Open Images Dataset V7,https://storage.googleapis.com/openimages/web/index.html,https://s3.amazonaws.com/open-images-dataset/train/2046610af291da3c.jpg,https://c5.staticflickr.com/8/7389/16481305286_c12dd4d488_o.jpg,https://www.flickr.com/photos/87007001@N04/16481305286,https://creativecommons.org/licenses/by/2.0/,Shaun Fisher,https://www.flickr.com/people/87007001@N04/,Mantle Toys,Lamp,2d6569aa7b9204c1211f4b96ae98c1b94a702fc9b281be62a960ed6d3f6b45cc
oi_train_1d9a850a2da7482f,train,hard_negative,1d9a850a2da7482f,train,Open Images Dataset V7,https://storage.googleapis.com/openimages/web/index.html,https://s3.amazonaws.com/open-images-dataset/train/1d9a850a2da7482f.jpg,https://c8.staticflickr.com/1/527/19498838223_f50e4d2943_o.jpg,https://www.flickr.com/photos/tuchodi/19498838223,https://creativecommons.org/licenses/by/2.0/,tuchodi,https://www.flickr.com/people/tuchodi/,Variety Pack,Egg,ff6e224e960cb51e4fb8cb5d0b3080e96f2bb69d16237463d488855e2048a8d0
oi_train_07dea8c0ba65e6c8,train,hard_negative,07dea8c0ba65e6c8,train,Open Images Dataset V7,https://storage.googleapis.com/openimages/web/index.html,https://s3.amazonaws.com/open-images-dataset/train/07dea8c0ba65e6c8.jpg,https://c1.staticflickr.com/4/3934/15384520530_0aa0745248_o.jpg,https://www.flickr.com/photos/changyisheng/15384520530,https://creativecommons.org/licenses/by/2.0/,Blowing Puffer Fish,https://www.flickr.com/people/changyisheng/,桃園 / Taoyuan - Gary Bee 69,Potato,35e4a21d2282cf5a79f68c96eda8bc5237c11943664d3802517d7b6b2f5c72b5
oi_test_c122906f39dc1da5,train,hard_negative,c122906f39dc1da5,test,Open Images Dataset V7,https://storage.googleapis.com/openimages/web/index.html,https://s3.amazonaws.com/open-images-dataset/test/c122906f39dc1da5.jpg,https://farm6.staticflickr.com/4153/5001483288_f03a934a82_o.jpg,https://www.flickr.com/photos/cvander/5001483288,https://creativecommons.org/licenses/by/2.0/,Christian Van Der Henst S.,https://www.flickr.com/people/cvander/,Atacama,Grassland,4effbd4439687c8087ae7863313228eb660c7a0552dd0c80351a4bea68a4e663
oi_test_d5e0d434e6b63f38,train,hard_negative,d5e0d434e6b63f38,test,Open Images Dataset V7,https://storage.googleapis.com/openimages/web/index.html,https://s3.amazonaws.com/open-images-dataset/test/d5e0d434e6b63f38.jpg,https://c1.staticflickr.com/4/3115/2657077216_47c95533fb_o.jpg,https://www.flickr.com/photos/toprankblog/2657077216,https://creativecommons.org/licenses/by/2.0/,TopRank Online Marketing,https://www.flickr.com/people/toprankblog/,TopRank Paintball - Sue & Michele,Lawn,92612a576506734832d6488275e03a1a474309511ea142835f2874b5adb518c9
oi_test_81305fec65d08997,train,hard_negative,81305fec65d08997,test,Open Images Dataset V7,https://storage.googleapis.com/openimages/web/index.html,https://s3.amazonaws.com/open-images-dataset/test/81305fec65d08997.jpg,https://farm8.staticflickr.com/1328/1354539319_78cbdfbfb9_o.jpg,https://www.flickr.com/photos/yourbartender/1354539319,https://creativecommons.org/licenses/by/2.0/,Tomi Knuutila,https://www.flickr.com/people/yourbartender/,texture,Meadow,15bf0ffdfaf3dd2dccd5afdf2d4c643a2f2ed0a831cdb5c73cac9951cce80daa
oi_train_e09fed2f5359474e,train,hard_negative,e09fed2f5359474e,train,Open Images Dataset V7,https://storage.googleapis.com/openimages/web/index.html,https://s3.amazonaws.com/open-images-dataset/train/e09fed2f5359474e.jpg,https://c7.staticflickr.com/4/3748/11012967756_72c57bb33b_o.jpg,https://www.flickr.com/photos/erinkohlenbergphoto/11012967756,https://creativecommons.org/licenses/by/2.0/,Erin Kohlenberg,https://www.flickr.com/people/erinkohlenbergphoto/,Erin Food Portfolio-14,Egg,961764afa42f6af94a40fc68c7210bd749b4b06f022f8a71e0f10bb6126f8c0e
oi_train_7257fd11fabf98d1,train,hard_negative,7257fd11fabf98d1,train,Open Images Dataset V7,https://storage.googleapis.com/openimages/web/index.html,https://s3.amazonaws.com/open-images-dataset/train/7257fd11fabf98d1.jpg,https://farm2.staticflickr.com/5046/5290008107_07be551670_o.jpg,https://www.flickr.com/photos/kathy_zhuang/5290008107/,https://creativecommons.org/licenses/by/2.0/,Kathy Zhuang,https://www.flickr.com/people/kathy_zhuang/,太哈皮了 一片狼藉了,Orange (fruit),6ac08ee41e695af8b7468e9ac9678ff3b68c17ceb490ea4ba8f535f453365676
oi_train_f1a2a248e18c6bab,train,hard_negative,f1a2a248e18c6bab,train,Open Images Dataset V7,https://storage.googleapis.com/openimages/web/index.html,https://s3.amazonaws.com/open-images-dataset/train/f1a2a248e18c6bab.jpg,https://c4.staticflickr.com/6/5284/5296353933_2b130a7ff4_o.jpg,https://www.flickr.com/photos/treevillage/5296353933/,https://creativecommons.org/licenses/by/2.0/,kimubert,https://www.flickr.com/people/treevillage/,Mikan five,Orange (fruit),00126875f3ec5d6dd6b9a2a18061bd9bdfafc9b860a329c05b1a0d657a994e88
oi_train_17371d456571567e,train,hard_negative,17371d456571567e,train,Open Images Dataset V7,https://storage.googleapis.com/openimages/web/index.html,https://s3.amazonaws.com/open-images-dataset/train/17371d456571567e.jpg,https://c7.staticflickr.com/5/4079/4772594248_0d3b460104_o.jpg,https://www.flickr.com/photos/lovemaegan/4772594248,https://creativecommons.org/licenses/by/2.0/,Maegan Tintari,https://www.flickr.com/people/lovemaegan/,brick beach bathroom counter and sink+bathroom decor details ideas+hydrangeas,Soap dispenser,558bd19b9985433e0c39874dfc90879aa15e065478a0cac9bf90f4382b04a6e6
oi_test_4ae92df02ab16887,val,hard_negative,4ae92df02ab16887,test,Open Images Dataset V7,https://storage.googleapis.com/openimages/web/index.html,https://s3.amazonaws.com/open-images-dataset/test/4ae92df02ab16887.jpg,https://farm8.staticflickr.com/4052/4604770561_b773f1074a_o.jpg,https://www.flickr.com/photos/oakleyoriginals/4604770561,https://creativecommons.org/licenses/by/2.0/,OakleyOriginals,https://www.flickr.com/people/oakleyoriginals/,Coreopsis,Meadow,b0b8ef6a0c3a0a6c132dd122a4b73dcfa60265f0a491c0dc56467534df1c35da
oi_train_1996ebd5ea2c3efb,train,hard_negative,1996ebd5ea2c3efb,train,Open Images Dataset V7,https://storage.googleapis.com/openimages/web/index.html,https://s3.amazonaws.com/open-images-dataset/train/1996ebd5ea2c3efb.jpg,https://c4.staticflickr.com/1/33/61480470_62f311692e_o.jpg,https://www.flickr.com/photos/doglotion/61480470,https://creativecommons.org/licenses/by/2.0/,Andre Charland,https://www.flickr.com/people/doglotion/,Mt Atwell April 2004 038,Tree,e35821139543d0b49fcf43b5b3c49e3c3aa4c2b84073d78974b16ccf6722ca88
oi_test_19f0006cd6bf857a,train,hard_negative,19f0006cd6bf857a,test,Open Images Dataset V7,https://storage.googleapis.com/openimages/web/index.html,https://s3.amazonaws.com/open-images-dataset/test/19f0006cd6bf857a.jpg,https://c3.staticflickr.com/9/8113/8689866018_6329a1c505_o.jpg,https://www.flickr.com/photos/joansorolla/8689866018,https://creativecommons.org/licenses/by/2.0/,Joan Sorolla,https://www.flickr.com/people/joansorolla/,El camp groc,Meadow,5844aebb6802107bd9869e285c41ae8be344ae4e94602404a987bca27280067d
oi_train_b1b9988f98b9536b,train,hard_negative,b1b9988f98b9536b,train,Open Images Dataset V7,https://storage.googleapis.com/openimages/web/index.html,https://s3.amazonaws.com/open-images-dataset/train/b1b9988f98b9536b.jpg,https://c4.staticflickr.com/1/36/105641248_7da1ebfe03_o.jpg,https://www.flickr.com/photos/striatic/105641248,https://creativecommons.org/licenses/by/2.0/,hobvias sudoneighm,https://www.flickr.com/people/striatic/,this really doesn't exist,Remote control,1c895470f2ac6f5d1032097d86a3084e40fb9a82d64ba726470e6454986db373
oi_train_ff5228c6f9ef9540,val,hard_negative,ff5228c6f9ef9540,train,Open Images Dataset V7,https://storage.googleapis.com/openimages/web/index.html,https://s3.amazonaws.com/open-images-dataset/train/ff5228c6f9ef9540.jpg,https://farm1.staticflickr.com/3465/3395880246_d2d3e47deb_o.jpg,https://www.flickr.com/photos/23912576@N05/3395880246,https://creativecommons.org/licenses/by/2.0/,Ludovic Bertron,https://www.flickr.com/people/23912576@N05/,Street Flowers,Flower,3d8f7c134b4893ae8ea02e3ad17406e6bba11536d54dd5d1acdc3cc322cd2fc4
oi_train_002973443937b47f,train,hard_negative,002973443937b47f,train,Open Images Dataset V7,https://storage.googleapis.com/openimages/web/index.html,https://s3.amazonaws.com/open-images-dataset/train/002973443937b47f.jpg,https://c8.staticflickr.com/9/8185/8103612593_78af48fd68_o.jpg,https://www.flickr.com/photos/jedimentat/8103612593,https://creativecommons.org/licenses/by/2.0/,Jedimentat44,https://www.flickr.com/people/jedimentat/,DSCF0623,Apple,f1447f7f91ac8ce2d42e16b2b6a097221d21a4d5dd728277c50a90db74400160
oi_test_a650ae14f4be40d9,train,hard_negative,a650ae14f4be40d9,test,Open Images Dataset V7,https://storage.googleapis.com/openimages/web/index.html,https://s3.amazonaws.com/open-images-dataset/test/a650ae14f4be40d9.jpg,https://c2.staticflickr.com/6/5523/9106210064_96e4e39d7f_o.jpg,https://www.flickr.com/photos/hikingmike/9106210064,https://creativecommons.org/licenses/by/2.0/,HikingMike,https://www.flickr.com/people/hikingmike/,Deer,Pasture,730d5cdc70e7a071c15cd49e872f600289bfcb59036c4f13f8e9a9de7f87fa3e
oi_train_9f3691d1b3fa222a,train,hard_negative,9f3691d1b3fa222a,train,Open Images Dataset V7,https://storage.googleapis.com/openimages/web/index.html,https://s3.amazonaws.com/open-images-dataset/train/9f3691d1b3fa222a.jpg,https://c3.staticflickr.com/3/2446/3629244041_e8404faa11_o.jpg,https://www.flickr.com/photos/affiliate/3629244041,https://creativecommons.org/licenses/by/2.0/,Shawn Collins,https://www.flickr.com/people/affiliate/,Advertising.com Internal Crab Feast Celebration 2,Paper towel,73f4fb3c671e9011ed2f3e91516cf28652e5a6cb62967b3dbf00880f47145053
oi_test_165478b07691ee17,train,hard_negative,165478b07691ee17,test,Open Images Dataset V7,https://storage.googleapis.com/openimages/web/index.html,https://s3.amazonaws.com/open-images-dataset/test/165478b07691ee17.jpg,https://farm8.staticflickr.com/2129/1884172147_cc7c6d9dc5_o.jpg,https://www.flickr.com/photos/tobiaseigen/1884172147/,https://creativecommons.org/licenses/by/2.0/,Tobias Eigen,https://www.flickr.com/people/tobiaseigen/,IMG_0715,Grassland|Meadow|Pasture,f2e7dc6833f3667c7a3ed623243bbc316924e96da912e211c16565e02206ccbf
oi_test_ad7048596f0e7a5f,train,hard_negative,ad7048596f0e7a5f,test,Open Images Dataset V7,https://storage.googleapis.com/openimages/web/index.html,https://s3.amazonaws.com/open-images-dataset/test/ad7048596f0e7a5f.jpg,https://c8.staticflickr.com/4/3244/2756799158_84897fffcc_o.jpg,https://www.flickr.com/photos/sixteenmilesofstring/2756799158,https://creativecommons.org/licenses/by/2.0/,Timothy Vollmer,https://www.flickr.com/people/sixteenmilesofstring/,too much technology,Computer mouse,4f32039c3da8fb8d36d8736390a7fc9673027ea9f514181e46ff21dfb741255b
oi_train_884447fe697d473e,train,hard_negative,884447fe697d473e,train,Open Images Dataset V7,https://storage.googleapis.com/openimages/web/index.html,https://s3.amazonaws.com/open-images-dataset/train/884447fe697d473e.jpg,https://c7.staticflickr.com/7/6148/6192354943_921989c6cc_o.jpg,https://www.flickr.com/photos/sam-_-/6192354943,https://creativecommons.org/licenses/by/2.0/,Senia L,https://www.flickr.com/people/sam-_-/,carnevale wedding,Rose,c68f3b5d2b5ee7fece6b09e7c57c66f40e2e6c396ea4deb3f89fc3d547f8fe62
oi_test_6469065ca6294ed3,train,hard_negative,6469065ca6294ed3,test,Open Images Dataset V7,https://storage.googleapis.com/openimages/web/index.html,https://s3.amazonaws.com/open-images-dataset/test/6469065ca6294ed3.jpg,https://farm4.staticflickr.com/637/21900516750_3f2234e4af_o.jpg,https://www.flickr.com/photos/30478819@N08/21900516750,https://creativecommons.org/licenses/by/2.0/,Marco Verch,https://www.flickr.com/people/30478819@N08/,"Back from my 'Sunday-Fun-Run' in Phoenix Park, Dublin. Love those days when there is no strict pace given. Wish you a great Sunday (Run)! #instarun #puppy #puppylove #dog #dogsofinstagram",Grass|Lawn|Meadow|Pasture,3e6b2f14d7b7de69276c1cf5e45be720126ad578f03d08da32a4eef4c214e864
oi_test_447c84c9e3947174,test,hard_negative,447c84c9e3947174,test,Open Images Dataset V7,https://storage.googleapis.com/openimages/web/index.html,https://s3.amazonaws.com/open-images-dataset/test/447c84c9e3947174.jpg,https://farm5.staticflickr.com/3205/5710336201_3c8f89173e_o.jpg,https://www.flickr.com/photos/stevecharman/5710336201,https://creativecommons.org/licenses/by/2.0/,Steve Charman,https://www.flickr.com/people/stevecharman/,Follow me 1,Grass|Lawn,d8a6bb9a87ab8341b6ab2c5fb7d7a2fb58c4da87371698e2e2fb65cf6a0757c7
oi_test_edcc429de528e0e6,test,hard_negative,edcc429de528e0e6,test,Open Images Dataset V7,https://storage.googleapis.com/openimages/web/index.html,https://s3.amazonaws.com/open-images-dataset/test/edcc429de528e0e6.jpg,https://farm7.staticflickr.com/8553/8922935148_217aee1a02_o.jpg,https://www.flickr.com/photos/14969299@N00/8922935148,https://creativecommons.org/licenses/by/2.0/,Joe Dale,https://www.flickr.com/people/14969299@N00/,Last Import-250,Grass|Lawn|Meadow,1557173e953af8e7c779747b39b5a66d2a3e04401c558b112bb19e21291ca5c2
oi_test_39d1ce9574b2df8f,train,hard_negative,39d1ce9574b2df8f,test,Open Images Dataset V7,https://storage.googleapis.com/openimages/web/index.html,https://s3.amazonaws.com/open-images-dataset/test/39d1ce9574b2df8f.jpg,https://c8.staticflickr.com/8/7127/7429205482_b04e1db9c8_o.jpg,https://www.flickr.com/photos/31867959@N04/7429205482,https://creativecommons.org/licenses/by/2.0/,Dallas Krentzel,https://www.flickr.com/people/31867959@N04/,Andes landscape,Grass|Grassland|Meadow|Pasture,febb3f2b0d225f734894c416c3c2f5c47bff08d25cadd8bc85b83859f7f46e23
oi_train_13f9b0af8323ddb3,val,hard_negative,13f9b0af8323ddb3,train,Open Images Dataset V7,https://storage.googleapis.com/openimages/web/index.html,https://s3.amazonaws.com/open-images-dataset/train/13f9b0af8323ddb3.jpg,https://farm4.staticflickr.com/4112/5007477151_fba6c56955_o.jpg,https://www.flickr.com/photos/littledebbie11/5007477151,https://creativecommons.org/licenses/by/2.0/,Debs (ò‿ó)♪,https://www.flickr.com/people/littledebbie11/,DSC109943.JPG,Plastic bag,d95da737500b905a31e10214bb5709cda3038c12cd44b734d42d3acb367f9cb1
oi_train_b69b24579c0cbb9d,train,hard_negative,b69b24579c0cbb9d,train,Open Images Dataset V7,https://storage.googleapis.com/openimages/web/index.html,https://s3.amazonaws.com/open-images-dataset/train/b69b24579c0cbb9d.jpg,https://c6.staticflickr.com/9/8548/10247962686_d0ea5e7459_o.jpg,https://www.flickr.com/photos/frans16611/10247962686,https://creativecommons.org/licenses/by/2.0/,François  Philipp,https://www.flickr.com/people/frans16611/,"Casa de Mateus, Vila Real",Tree,adeefdbab95879d8042a762ec76498df8504aabf69f1f23c880fab2d5a53d72b
oi_train_8d8a40e541b58cf4,train,hard_negative,8d8a40e541b58cf4,train,Open Images Dataset V7,https://storage.googleapis.com/openimages/web/index.html,https://s3.amazonaws.com/open-images-dataset/train/8d8a40e541b58cf4.jpg,https://farm5.staticflickr.com/1318/5161380998_c88e9a3324_o.jpg,https://www.flickr.com/photos/gtzecosan/5161380998,https://creativecommons.org/licenses/by/2.0/,SuSanA Secretariat,https://www.flickr.com/people/gtzecosan/,Lockable Toilet paper holder,Paper towel,70d06d50ab01aaca7b140fd51764eeff6d0f7b480760177274144c2bbb9518f2
oi_test_3586d809f73f02cd,train,hard_negative,3586d809f73f02cd,test,Open Images Dataset V7,https://storage.googleapis.com/openimages/web/index.html,https://s3.amazonaws.com/open-images-dataset/test/3586d809f73f02cd.jpg,https://c6.staticflickr.com/4/3707/19430492801_78117f495f_o.jpg,https://www.flickr.com/photos/carlwwycoff/19430492801,https://creativecommons.org/licenses/by/2.0/,Carl Wycoff,https://www.flickr.com/people/carlwwycoff/,04July2015,Grass|Grassland|Meadow|Pasture,0bb8b15ecabb03f3f1d1d17ac116ef5b6cab74d4d439eec739c6415e7cdd4a51
oi_test_1605e61905867ed5,train,hard_negative,1605e61905867ed5,test,Open Images Dataset V7,https://storage.googleapis.com/openimages/web/index.html,https://s3.amazonaws.com/open-images-dataset/test/1605e61905867ed5.jpg,https://farm6.staticflickr.com/5554/15141946971_6260b23511_o.jpg,https://www.flickr.com/photos/frescotours/15141946971,https://creativecommons.org/licenses/by/2.0/,Fresco Tours,https://www.flickr.com/people/frescotours/,"Aug 18, 2014  Camino de Santiago Tour #frescotours",Lawn,f9cdf47c584400638d9e3cfcbfe71449d2de6ea57e1e55562747e088d5f8c501
oi_train_72eea0d42440eb4f,train,hard_negative,72eea0d42440eb4f,train,Open Images Dataset V7,https://storage.googleapis.com/openimages/web/index.html,https://s3.amazonaws.com/open-images-dataset/train/72eea0d42440eb4f.jpg,https://c8.staticflickr.com/1/39/83184816_538f826fe4_o.jpg,https://flickr.com/photos/98027445@N00/83184816/,https://creativecommons.org/licenses/by/2.0/,Fernando Battaglia,https://www.flickr.com/people/fer320/,PA220014,Flower,e3bd582cb5012f2c3563cc946a0d56bf2782d99fed870d8a96e16f0403e2f6b0
oi_train_be25e04cc195f850,train,hard_negative,be25e04cc195f850,train,Open Images Dataset V7,https://storage.googleapis.com/openimages/web/index.html,https://s3.amazonaws.com/open-images-dataset/train/be25e04cc195f850.jpg,https://farm1.staticflickr.com/8014/7172312908_5feae86a53_o.jpg,https://www.flickr.com/photos/ericrosenbaum/7172312908/,https://creativecommons.org/licenses/by/2.0/,Eric Rosenbaum,https://www.flickr.com/people/ericrosenbaum/,IMG_9117,Computer mouse,821df4b03d4c5a7f2453138eee1d2b7fbdda1e69bbf810ae7961e119a4a956d7
oi_train_1459ff281c8193a9,train,hard_negative,1459ff281c8193a9,train,Open Images Dataset V7,https://storage.googleapis.com/openimages/web/index.html,https://s3.amazonaws.com/open-images-dataset/train/1459ff281c8193a9.jpg,https://c2.staticflickr.com/9/8173/8015604005_39835a9608_o.jpg,https://www.flickr.com/photos/othree/8015604005,https://creativecommons.org/licenses/by/2.0/,othree,https://www.flickr.com/people/othree/,Apple EarPods,Headphones,5b935971ec179785d45436f1530eaec4b700a0ea733ad47f352f948ba632399f
oi_test_33fc8d0d6e300a9c,train,hard_negative,33fc8d0d6e300a9c,test,Open Images Dataset V7,https://storage.googleapis.com/openimages/web/index.html,https://s3.amazonaws.com/open-images-dataset/test/33fc8d0d6e300a9c.jpg,https://c5.staticflickr.com/4/3877/14578368073_576b8ca7a6_o.jpg,https://www.flickr.com/photos/qubodup/14578368073,https://creativecommons.org/licenses/by/2.0/,Iwan Gabovitch,https://www.flickr.com/people/qubodup/,Phnom Penh Royal Palace (13) Geometric Park Green,Grass|Lawn,84cebf74f18fdf722e3588708f844328709f9f51d481c98c2454c3b38cc4335c
oi_train_5e375c077cfa9900,train,hard_negative,5e375c077cfa9900,train,Open Images Dataset V7,https://storage.googleapis.com/openimages/web/index.html,https://s3.amazonaws.com/open-images-dataset/train/5e375c077cfa9900.jpg,https://farm1.staticflickr.com/52/191020381_efd5f0dfce_o.jpg,https://www.flickr.com/photos/coda/191020381/,https://creativecommons.org/licenses/by/2.0/,Damien du Toit,https://www.flickr.com/people/coda/,"Zebra, Etosha National Park",Plant,74068aa93d831dfa2e06726dc5b39ab5355cb6046eb5952cbd5178a6602c3410
oi_train_58282b47525ab827,train,hard_negative,58282b47525ab827,train,Open Images Dataset V7,https://storage.googleapis.com/openimages/web/index.html,https://s3.amazonaws.com/open-images-dataset/train/58282b47525ab827.jpg,https://farm8.staticflickr.com/5559/14258918946_9824ef8d38_o.jpg,https://www.flickr.com/photos/ajay_g/14258918946,https://creativecommons.org/licenses/by/2.0/,BOMBMAN,https://www.flickr.com/people/ajay_g/,Mushrooms,Mushroom|Plant,3768955cb48088ae0134447d30fb295bfbba7a6ef8364cbfc3383bcb00113b24
oi_train_57a012c49d2d812d,train,hard_negative,57a012c49d2d812d,train,Open Images Dataset V7,https://storage.googleapis.com/openimages/web/index.html,https://s3.amazonaws.com/open-images-dataset/train/57a012c49d2d812d.jpg,https://c6.staticflickr.com/6/5446/9774474784_e01cafaf55_o.jpg,https://www.flickr.com/photos/lacatholique/9774474784,https://creativecommons.org/licenses/by/2.0/,Leslie Seaton,https://www.flickr.com/people/lacatholique/,1a - PSMS Mushroom Shows,Mushroom,13392d839519525931ea12e44a97867bca3df0ddb770db3674eb9152e9a22999
oi_test_eb82b63e1e3389ac,test,hard_negative,eb82b63e1e3389ac,test,Open Images Dataset V7,https://storage.googleapis.com/openimages/web/index.html,https://s3.amazonaws.com/open-images-dataset/test/eb82b63e1e3389ac.jpg,https://c5.staticflickr.com/5/4015/4659707994_6b0ecdb36c_o.jpg,https://www.flickr.com/photos/tapetenpics/4659707994,https://creativecommons.org/licenses/by/2.0/,tapetenpics,https://www.flickr.com/people/tapetenpics/,Erismann - Colour Your Live,Lamp,e6764b86e0be613f41be735d78d48812169c073cda3e09ef4d397c072a50ef24
oi_validation_a5af63dbe81d764d,train,hard_negative,a5af63dbe81d764d,validation,Open Images Dataset V7,https://storage.googleapis.com/openimages/web/index.html,https://s3.amazonaws.com/open-images-dataset/validation/a5af63dbe81d764d.jpg,https://c6.staticflickr.com/5/4102/4927157478_140b44c10f_o.jpg,https://www.flickr.com/photos/skyyimages/4927157478,https://creativecommons.org/licenses/by/2.0/,Skyy KONGBERG,https://www.flickr.com/people/skyyimages/,With new hope...,Grassland|Meadow|Pasture,05302f9a8b8a557b3cfe8189b45be4dba0e549ebc8ddd0564e7d971688a2ea17
oi_train_08171b01d86aa300,train,hard_negative,08171b01d86aa300,train,Open Images Dataset V7,https://storage.googleapis.com/openimages/web/index.html,https://s3.amazonaws.com/open-images-dataset/train/08171b01d86aa300.jpg,https://farm1.staticflickr.com/182/433858352_4c6ad94339_o.jpg,https://www.flickr.com/photos/7281599@N07/433858352,https://creativecommons.org/licenses/by/2.0/,Jean,https://www.flickr.com/people/7281599@N07/,Regrets,Candle,73a0542898bb241bcc4ceb51b797e3c4cb008e68fd6c743f8b4a18fa21a4424c
oi_validation_7b8a74d6f2dad295,train,hard_negative,7b8a74d6f2dad295,validation,Open Images Dataset V7,https://storage.googleapis.com/openimages/web/index.html,https://s3.amazonaws.com/open-images-dataset/validation/7b8a74d6f2dad295.jpg,https://farm6.staticflickr.com/2731/4351196974_6e0047e4ec_o.jpg,https://www.flickr.com/photos/qisur/4351196974,https://creativecommons.org/licenses/by/2.0/,Ramunas Geciauskas,https://www.flickr.com/people/qisur/,Idea Bulb,Light bulb,b99d98e5fbf6834e6bf61b3ba891861989da8dc62e82e06e18acd4688901dfbf
oi_train_694fca3ada6eb449,train,hard_negative,694fca3ada6eb449,train,Open Images Dataset V7,https://storage.googleapis.com/openimages/web/index.html,https://s3.amazonaws.com/open-images-dataset/train/694fca3ada6eb449.jpg,https://c2.staticflickr.com/8/7184/6948513991_6afdf459b6_o.jpg,https://www.flickr.com/photos/merec0/6948513991,https://creativecommons.org/licenses/by/2.0/,merec0,https://www.flickr.com/people/merec0/,PA201880,Egg,eb29ffff7b17848a811f0b5c6172e768763f42a766ed74c84553017b484c4092
oi_train_126ab9aaf41daca1,train,hard_negative,126ab9aaf41daca1,train,Open Images Dataset V7,https://storage.googleapis.com/openimages/web/index.html,https://s3.amazonaws.com/open-images-dataset/train/126ab9aaf41daca1.jpg,https://farm2.staticflickr.com/3200/3149514007_1ea4258246_o.jpg,https://www.flickr.com/photos/bfishadow/3149514007,https://creativecommons.org/licenses/by/2.0/,bfishadow,https://www.flickr.com/people/bfishadow/,Arc: Left,Computer mouse,c41921220af012b63f60d31b32294af8f26da1c44bfa0be80acacac7bd699a51
oi_train_49cddfc269eaa9cc,train,hard_negative,49cddfc269eaa9cc,train,Open Images Dataset V7,https://storage.googleapis.com/openimages/web/index.html,https://s3.amazonaws.com/open-images-dataset/train/49cddfc269eaa9cc.jpg,https://c5.staticflickr.com/3/2445/4044715529_fefbbf300c_o.jpg,https://www.flickr.com/photos/ingamun/4044715529/,https://creativecommons.org/licenses/by/2.0/,Inga Munsinger Cotton,https://www.flickr.com/people/ingamun/,Rose &quot;George Burns&quot;,Rose,ea2ede3bd7c8fedd171390c090ff6e1fa0dbafd7064ed1125f36659d1649ee4b
oi_test_abaa73a1ab684eb9,train,hard_negative,abaa73a1ab684eb9,test,Open Images Dataset V7,https://storage.googleapis.com/openimages/web/index.html,https://s3.amazonaws.com/open-images-dataset/test/abaa73a1ab684eb9.jpg,https://c2.staticflickr.com/3/2473/4054162684_dd938f2304_o.jpg,https://www.flickr.com/photos/benstassen/4054162684,https://creativecommons.org/licenses/by/2.0/,Ben Stassen,https://www.flickr.com/people/benstassen/,28 oktober,Pasture,7a4b4808807e68bc396fba7aebd92dacf35ef059ca339e06ebad759dc388a7fe
oi_train_5b030c20bedad95b,val,hard_negative,5b030c20bedad95b,train,Open Images Dataset V7,https://storage.googleapis.com/openimages/web/index.html,https://s3.amazonaws.com/open-images-dataset/train/5b030c20bedad95b.jpg,https://c4.staticflickr.com/8/7465/15907556787_cddb3c19ab_o.jpg,https://www.flickr.com/photos/theologhia/15907556787,https://creativecommons.org/licenses/by/2.0/,Robert Cheaib,https://www.flickr.com/people/theologhia/,Be Thou my vision,Cosmetics,279644d42793b9379d1a709ed3ab6425dbeda8df17e69a1bbcdc0be3eb465821
oi_train_9a0b47f361b0acab,train,hard_negative,9a0b47f361b0acab,train,Open Images Dataset V7,https://storage.googleapis.com/openimages/web/index.html,https://s3.amazonaws.com/open-images-dataset/train/9a0b47f361b0acab.jpg,https://c4.staticflickr.com/6/5085/5289373789_11098b17e8_o.jpg,https://www.flickr.com/photos/nvt2401/5289373789,https://creativecommons.org/licenses/by/2.0/,TungViet,https://www.flickr.com/people/nvt2401/,_DSC0188,Ball (Object),70836bed2d79d94198f38d704fc5c357a9d0ccb442a1b8888acffdc5f24d1d08
oi_test_f4581c5e117f45dd,val,hard_negative,f4581c5e117f45dd,test,Open Images Dataset V7,https://storage.googleapis.com/openimages/web/index.html,https://s3.amazonaws.com/open-images-dataset/test/f4581c5e117f45dd.jpg,https://c6.staticflickr.com/4/3865/14973933862_44f7be4edb_o.jpg,https://www.flickr.com/photos/126009213@N08/14973933862,https://creativecommons.org/licenses/by/2.0/,jamal idris,https://www.flickr.com/people/126009213@N08/,IMG_1409,Computer mouse,e987de98057f5d8e37c9e33a9c7a12b6283906bd3a74b2fd61a69dc862f7de2a
oi_test_b7d290db542bbd32,train,hard_negative,b7d290db542bbd32,test,Open Images Dataset V7,https://storage.googleapis.com/openimages/web/index.html,https://s3.amazonaws.com/open-images-dataset/test/b7d290db542bbd32.jpg,https://farm3.staticflickr.com/23/32818262_5f529fabab_o.jpg,https://www.flickr.com/photos/tofslie/32818262,https://creativecommons.org/licenses/by/2.0/,Edwin &amp; Kelly Tofslie,https://www.flickr.com/people/tofslie/,The Field,Grass|Grassland|Meadow|Pasture,f5769de229db67bcae438798a19f09e6317d1cc0176642199a47c952a7f3b09f
oi_train_30942a246b79c37e,train,hard_negative,30942a246b79c37e,train,Open Images Dataset V7,https://storage.googleapis.com/openimages/web/index.html,https://s3.amazonaws.com/open-images-dataset/train/30942a246b79c37e.jpg,https://c7.staticflickr.com/2/1083/5106488338_86739d8240_o.jpg,https://www.flickr.com/photos/g4gti/5106488338/,https://creativecommons.org/licenses/by/2.0/,Ryohei Noda,https://www.flickr.com/people/g4gti/,かつてはクリスマスローズの植木鉢だった。今や雑草鉢。,Houseplant,2705fb597f3bfc74ce16c484b5b2191b440db9aaf3d0ca76e5485a9ab45e7019
oi_test_0285b398989179c8,train,hard_negative,0285b398989179c8,test,Open Images Dataset V7,https://storage.googleapis.com/openimages/web/index.html,https://s3.amazonaws.com/open-images-dataset/test/0285b398989179c8.jpg,https://c1.staticflickr.com/5/4066/4386505236_15dd04c371_o.jpg,https://www.flickr.com/photos/rickh710/4386505236,https://creativecommons.org/licenses/by/2.0/,rickh710,https://www.flickr.com/people/rickh710/,Guanacho,Grass|Grassland|Meadow|Pasture,d73733fdc3f636785d0c5f95c2243478557adb37b2d1dd5406eb38127b5ec164
oi_train_247f735861b003f8,train,hard_negative,247f735861b003f8,train,Open Images Dataset V7,https://storage.googleapis.com/openimages/web/index.html,https://s3.amazonaws.com/open-images-dataset/train/247f735861b003f8.jpg,https://c1.staticflickr.com/6/5157/5820527373_383eaf4e4d_o.jpg,https://www.flickr.com/photos/mullica/5820527373,https://creativecommons.org/licenses/by/2.0/,Bob,https://www.flickr.com/people/mullica/,Potatoes & Onions,Potato,847588297adce3f542b88b2ee21153c90e1c1881ed5d20148d6ae15f799a9d87
oi_validation_fe44691e02b61fb1,train,hard_negative,fe44691e02b61fb1,validation,Open Images Dataset V7,https://storage.googleapis.com/openimages/web/index.html,https://s3.amazonaws.com/open-images-dataset/validation/fe44691e02b61fb1.jpg,https://farm2.staticflickr.com/5217/5529392665_3fd98c5d54_o.jpg,https://www.flickr.com/photos/usfwspacific/5529392665,https://creativecommons.org/licenses/by/2.0/,USFWS - Pacific Region,https://www.flickr.com/people/usfwspacific/,Nelson's Checker-mallow (Sidalcea nelsoniana),Meadow,4351b619f8d622ff1dc1f61e474db34be6d8954cf1a90f554fb08aa4d795ff50
oi_train_54d223fdfe3bfd7d,val,hard_negative,54d223fdfe3bfd7d,train,Open Images Dataset V7,https://storage.googleapis.com/openimages/web/index.html,https://s3.amazonaws.com/open-images-dataset/train/54d223fdfe3bfd7d.jpg,https://c6.staticflickr.com/9/8072/8368666870_3016b9527a_o.jpg,https://www.flickr.com/photos/44282411@N04/8368666870,https://creativecommons.org/licenses/by/2.0/,LearningLark,https://www.flickr.com/people/44282411@N04/,Regency Rice Pudding and Syllabub,Rose,540347a80c3acea26d441d3a9d47fd4ac6ac9d8d0c3d5aa223a8a3da82d6f38a
oi_test_d618542a33ad299f,test,hard_negative,d618542a33ad299f,test,Open Images Dataset V7,https://storage.googleapis.com/openimages/web/index.html,https://s3.amazonaws.com/open-images-dataset/test/d618542a33ad299f.jpg,https://c8.staticflickr.com/2/1279/1240079282_a538394845_o.jpg,https://www.flickr.com/photos/sedoglia/1240079282,https://creativecommons.org/licenses/by/2.0/,Sergio,https://www.flickr.com/people/sedoglia/,Highland Cattle,Grass|Grassland|Meadow|Pasture,3cad34c49ae4639268ac05b3b35ab177f21c8956a829ab78cf09bf2856004175
oi_train_49a3893f41287b68,train,hard_negative,49a3893f41287b68,train,Open Images Dataset V7,https://storage.googleapis.com/openimages/web/index.html,https://s3.amazonaws.com/open-images-dataset/train/49a3893f41287b68.jpg,https://c1.staticflickr.com/9/8433/7623658192_31beb172dd_o.jpg,https://www.flickr.com/photos/nailart_/7623658192,https://creativecommons.org/licenses/by/2.0/,Nail art_,https://www.flickr.com/people/nailart_/,Sorteio!,Cosmetics,1888567573c73dbee7bc6597bb29d6ec093d6b113cc21eeb11e61267a43776f6
oi_train_79373ebbf85b01cf,train,hard_negative,79373ebbf85b01cf,train,Open Images Dataset V7,https://storage.googleapis.com/openimages/web/index.html,https://s3.amazonaws.com/open-images-dataset/train/79373ebbf85b01cf.jpg,https://c8.staticflickr.com/3/2790/4398962599_c1ca8f87f5_o.jpg,https://www.flickr.com/photos/altoexyl/4398962599,https://creativecommons.org/licenses/by/2.0/,Luke Hayfield,https://www.flickr.com/people/altoexyl/,Cricket Ball.,Cricket ball,66873270edd87444b51bb960ef40e666d11aaa4939b3ec0aea41db1f65f05970
oi_train_10a90d844d23f985,train,hard_negative,10a90d844d23f985,train,Open Images Dataset V7,https://storage.googleapis.com/openimages/web/index.html,https://s3.amazonaws.com/open-images-dataset/train/10a90d844d23f985.jpg,https://farm6.staticflickr.com/5080/7200811858_e16a112b9a_o.jpg,https://www.flickr.com/photos/amyguth/7200811858,https://creativecommons.org/licenses/by/2.0/,Amy Guth,https://www.flickr.com/people/amyguth/,Balcony peas,Houseplant,62eb7a09363108ff13da5edfeca4bf482e45f636acdaf2b39e65bd55b7da4cd8
oi_train_1084ab2366f5d45f,train,hard_negative,1084ab2366f5d45f,train,Open Images Dataset V7,https://storage.googleapis.com/openimages/web/index.html,https://s3.amazonaws.com/open-images-dataset/train/1084ab2366f5d45f.jpg,https://c8.staticflickr.com/6/5156/5830614551_ed8c6055d8_o.jpg,https://www.flickr.com/photos/emilyrachelhildebrand/5830614551,https://creativecommons.org/licenses/by/2.0/,Emily Poisel,https://www.flickr.com/people/emilyrachelhildebrand/,42/365,Common sunflower,f16a974b158084e083af252fd70f1acb2a5411ba4c706aa7528b732ef42b771b
oi_train_c2d9e1b735100754,train,hard_negative,c2d9e1b735100754,train,Open Images Dataset V7,https://storage.googleapis.com/openimages/web/index.html,https://s3.amazonaws.com/open-images-dataset/train/c2d9e1b735100754.jpg,https://farm5.staticflickr.com/7330/16355173415_5a61d52c3d_o.jpg,https://www.flickr.com/photos/22738816@N07/16355173415,https://creativecommons.org/licenses/by/2.0/,Doug Coldwell,https://www.flickr.com/people/22738816@N07/,2005 Ludington SP 010,Tree,cbadf2f3bf6cba43f0e5a8c5adcf3d82510e90da3cc7b78c4faf83cad13ddb84
oi_train_7c65cf618c7e24bf,train,hard_negative,7c65cf618c7e24bf,train,Open Images Dataset V7,https://storage.googleapis.com/openimages/web/index.html,https://s3.amazonaws.com/open-images-dataset/train/7c65cf618c7e24bf.jpg,https://c8.staticflickr.com/1/21/37459684_f9e289510b_o.jpg,https://www.flickr.com/photos/clearlyambiguous/37459684,https://creativecommons.org/licenses/by/2.0/,Scott Robinson,https://www.flickr.com/people/clearlyambiguous/,Splash of Color II,Common sunflower,889e50620799160f6311f5add48e152946b992906425b1aab2fab746cbd2a508
oi_train_8429de038ea0a997,train,hard_negative,8429de038ea0a997,train,Open Images Dataset V7,https://storage.googleapis.com/openimages/web/index.html,https://s3.amazonaws.com/open-images-dataset/train/8429de038ea0a997.jpg,https://farm8.staticflickr.com/3388/3410623070_4fb5351f55_o.jpg,https://www.flickr.com/photos/chuckthephotographer/3410623070,https://creativecommons.org/licenses/by/2.0/,Chuck Abbe,https://www.flickr.com/people/chuckthephotographer/,Tree Aeonium (Aeonium schwarzkopf),Flower|Tree,ff80c615423ebbc5ea827a13f15652562c8eac930e130a68565d7ad6f4a8a42f
oi_train_0a4bf13cbba1c10a,train,hard_negative,0a4bf13cbba1c10a,train,Open Images Dataset V7,https://storage.googleapis.com/openimages/web/index.html,https://s3.amazonaws.com/open-images-dataset/train/0a4bf13cbba1c10a.jpg,https://c3.staticflickr.com/8/7158/6463738287_a71dcd4ff6_o.jpg,https://www.flickr.com/photos/29233640@N07/6463738287,https://creativecommons.org/licenses/by/2.0/,Robert Couse-Baker,https://www.flickr.com/people/29233640@N07/,idea,Lamp|Light bulb,835c5d81ce29901c3012245cfae69bef86a4e4832616d062d5b7f45acc7fdc5d
oi_train_03fbb6b58af9b665,train,hard_negative,03fbb6b58af9b665,train,Open Images Dataset V7,https://storage.googleapis.com/openimages/web/index.html,https://s3.amazonaws.com/open-images-dataset/train/03fbb6b58af9b665.jpg,https://farm6.staticflickr.com/8428/7731995836_f51fed4216_o.jpg,https://www.flickr.com/photos/blumenbiene/7731995836,https://creativecommons.org/licenses/by/2.0/,Maja Dumat,https://www.flickr.com/people/blumenbiene/,Orchideenfenster,Flower|Houseplant,74fcb32824816a54a95fe8691a4b5d445b895a588993774364382f86d175f8ab
oi_train_bdef4af6ef6cf17b,train,hard_negative,bdef4af6ef6cf17b,train,Open Images Dataset V7,https://storage.googleapis.com/openimages/web/index.html,https://s3.amazonaws.com/open-images-dataset/train/bdef4af6ef6cf17b.jpg,https://c4.staticflickr.com/3/2805/9533941571_748eb21cdb_o.jpg,https://www.flickr.com/photos/hagengraf/9533941571,https://creativecommons.org/licenses/by/2.0/,Christine und Hagen Graf,https://www.flickr.com/people/hagengraf/,International Antiques & Design Festival,Plant,a6c3859a38193ea5e4cc256ed223e0da42f3e119c5699018e32a14472990c5f3
oi_test_52c007607fdabe01,train,hard_negative,52c007607fdabe01,test,Open Images Dataset V7,https://storage.googleapis.com/openimages/web/index.html,https://s3.amazonaws.com/open-images-dataset/test/52c007607fdabe01.jpg,https://farm2.staticflickr.com/7616/17125227646_6b678c21a5_o.jpg,https://www.flickr.com/photos/iluv2b4n/17125227646,https://creativecommons.org/licenses/by/2.0/,Liza Chudnovsky,https://www.flickr.com/people/iluv2b4n/,austin house,Lawn,3f377ad119aacec46d3fc024c6c76936237305e19125f7c50a2179215f956a09
oi_test_37e4274812e666f1,train,hard_negative,37e4274812e666f1,test,Open Images Dataset V7,https://storage.googleapis.com/openimages/web/index.html,https://s3.amazonaws.com/open-images-dataset/test/37e4274812e666f1.jpg,https://farm2.staticflickr.com/5028/5583571203_2551e519ab_o.jpg,https://www.flickr.com/photos/patrickcain/5583571203,https://creativecommons.org/licenses/by/2.0/,Patrick Cain,https://www.flickr.com/people/patrickcain/,Grassy Green,Grass|Grassland|Meadow,c5d9653e90c1b74c2354202a2d47372d90fd36d0e6f63316701088f874eafadd
oi_test_fbed1aa6037c469d,train,hard_negative,fbed1aa6037c469d,test,Open Images Dataset V7,https://storage.googleapis.com/openimages/web/index.html,https://s3.amazonaws.com/open-images-dataset/test/fbed1aa6037c469d.jpg,https://c6.staticflickr.com/8/7114/7870715304_276d08f3e6_o.jpg,https://www.flickr.com/photos/vaionnoth/7870715304,https://creativecommons.org/licenses/by/2.0/,demi,https://www.flickr.com/people/vaionnoth/,Buenos días de colores... Fruta por la mañana?,Orange (fruit),ea86b465eada1c9fab20a0e138af7b7b6f293709f7c253d0a1c4725a12e44b16
oi_train_067562644b03f407,val,hard_negative,067562644b03f407,train,Open Images Dataset V7,https://storage.googleapis.com/openimages/web/index.html,https://s3.amazonaws.com/open-images-dataset/train/067562644b03f407.jpg,https://farm8.staticflickr.com/4110/4970871700_7e0665c973_o.jpg,https://www.flickr.com/photos/apotekhjartat/4970871700,https://creativecommons.org/licenses/by/2.0/,Apotek Hjartat,https://www.flickr.com/people/apotekhjartat/,Apotek Hjärtats produkter för en bättre vardag,Cosmetics,96b4d10c2a10761c234b98f067b2029a21fce77bb870a00ad431185245f3a23f
oi_test_bf08e587d702208d,train,hard_negative,bf08e587d702208d,test,Open Images Dataset V7,https://storage.googleapis.com/openimages/web/index.html,https://s3.amazonaws.com/open-images-dataset/test/bf08e587d702208d.jpg,https://c6.staticflickr.com/1/80/274354026_cbffb829b3_o.jpg,https://www.flickr.com/photos/eng1ne/274354026,https://creativecommons.org/licenses/by/2.0/,eng1ne,https://www.flickr.com/people/eng1ne/,Mama Germany 06 107,Grass|Grassland|Meadow|Pasture,3805a3c7b7af33d517fd114736f6c8338cc4aa8186aee0109a9578ca37eed8b9
oi_test_37f105b9cb0bd119,test,hard_negative,37f105b9cb0bd119,test,Open Images Dataset V7,https://storage.googleapis.com/openimages/web/index.html,https://s3.amazonaws.com/open-images-dataset/test/37f105b9cb0bd119.jpg,https://c2.staticflickr.com/1/63/190996555_beec995416_o.jpg,https://www.flickr.com/photos/richardsummers/190996555,https://creativecommons.org/licenses/by/2.0/,Banalities,https://www.flickr.com/people/richardsummers/,Hampstead Heath,Grass|Grassland|Meadow|Pasture,baab8f70b6f9ef58a7abaa22a8e5254356a24bc11dd79cbe230230d0d9d88157
oi_test_ef69d47f9c156d8e,train,hard_negative,ef69d47f9c156d8e,test,Open Images Dataset V7,https://storage.googleapis.com/openimages/web/index.html,https://s3.amazonaws.com/open-images-dataset/test/ef69d47f9c156d8e.jpg,https://c7.staticflickr.com/6/5524/10803945203_10d9e625bb_o.jpg,https://www.flickr.com/photos/boboroshi/10803945203/,https://creativecommons.org/licenses/by/2.0/,John Athayde,https://www.flickr.com/people/boboroshi/,DSC_7639,Apple,a35d9f9260d9d930d385415088e0044452355f9930adadcfae8db6db5ad1f0b9
oi_test_2334fac41ef084a2,train,hard_negative,2334fac41ef084a2,test,Open Images Dataset V7,https://storage.googleapis.com/openimages/web/index.html,https://s3.amazonaws.com/open-images-dataset/test/2334fac41ef084a2.jpg,https://farm3.staticflickr.com/8371/8594656254_d700042181_o.jpg,https://www.flickr.com/photos/atramos/8594656254,https://creativecommons.org/licenses/by/2.0/,atramos,https://www.flickr.com/people/atramos/,2012-12-23 Sítio Realidade 183.jpg,Pasture,9d0af7f1fc16767a252817ebddd7200f7901a9afb55c204e82f056ed3a07a2d9
oi_train_0107f002d5588820,test,hard_negative,0107f002d5588820,train,Open Images Dataset V7,https://storage.googleapis.com/openimages/web/index.html,https://s3.amazonaws.com/open-images-dataset/train/0107f002d5588820.jpg,https://farm1.staticflickr.com/3168/2629917258_00f3861d95_o.jpg,https://www.flickr.com/photos/respres/2629917258,https://creativecommons.org/licenses/by/2.0/,Jeff Turner,https://www.flickr.com/people/respres/,Deciduous Tree Fungi,Mushroom,4e35c156639a3d1c4f6b90ada839c3883e496ccbdea92bf2c1ef43d8f1c4f4de
oi_test_00d9c9ea13575b84,test,hard_negative,00d9c9ea13575b84,test,Open Images Dataset V7,https://storage.googleapis.com/openimages/web/index.html,https://s3.amazonaws.com/open-images-dataset/test/00d9c9ea13575b84.jpg,https://farm5.staticflickr.com/3564/3407129714_c45839e0b7_o.jpg,https://www.flickr.com/photos/danielvoyager/3407129714,https://creativecommons.org/licenses/by/2.0/,Daniel  Voyager,https://www.flickr.com/people/danielvoyager/,Giant Easter Basket,Lawn,b5e9faff5c702ce995c62439785537b6aca7507f720fced48d5e3d3375be77f5
oi_train_274ebc2d16a5602d,train,hard_negative,274ebc2d16a5602d,train,Open Images Dataset V7,https://storage.googleapis.com/openimages/web/index.html,https://s3.amazonaws.com/open-images-dataset/train/274ebc2d16a5602d.jpg,https://c6.staticflickr.com/6/5219/5389285909_c218ca47f6_o.jpg,https://www.flickr.com/photos/53255320@N07/5389285909,https://creativecommons.org/licenses/by/2.0/,16:9clue,https://www.flickr.com/people/53255320@N07/,3DH,Orange (fruit),c9053361e40a2db601c9699e9859e15a80df3085fc3765f97fd902b8bd8bca46
oi_train_ff6110151ac6e4a4,train,hard_negative,ff6110151ac6e4a4,train,Open Images Dataset V7,https://storage.googleapis.com/openimages/web/index.html,https://s3.amazonaws.com/open-images-dataset/train/ff6110151ac6e4a4.jpg,https://farm5.staticflickr.com/4080/4917310465_63f3c05353_o.jpg,https://www.flickr.com/photos/bsabarnowl/4917310465,https://creativecommons.org/licenses/by/2.0/,Bill McChesney,https://www.flickr.com/people/bsabarnowl/,"2241  Memorial Flowers First Presbyterian Church Sunday August 22, 2010",Common sunflower,f90a4de38103796935f3bda550619f237cb1e60fe4ffe76756d40c8a84ca3620
oi_train_55c165d6bd45853a,test,hard_negative,55c165d6bd45853a,train,Open Images Dataset V7,https://storage.googleapis.com/openimages/web/index.html,https://s3.amazonaws.com/open-images-dataset/train/55c165d6bd45853a.jpg,https://c3.staticflickr.com/2/1167/690988752_3860676852_o.jpg,https://www.flickr.com/photos/annaestasyeah/690988752,https://creativecommons.org/licenses/by/2.0/,Anastasia,https://www.flickr.com/people/annaestasyeah/,yellow flower outside of a public bathroom,Common sunflower,ffae9403ccaa9bbeb833e44e6232dd7c374f82e4ae552dac0b2d9f9efe75607a
oi_train_0bdae188bc633793,val,hard_negative,0bdae188bc633793,train,Open Images Dataset V7,https://storage.googleapis.com/openimages/web/index.html,https://s3.amazonaws.com/open-images-dataset/train/0bdae188bc633793.jpg,https://farm4.staticflickr.com/1216/762981635_dabff90a23_o.jpg,https://www.flickr.com/photos/ravescuritiba/762981635,https://creativecommons.org/licenses/by/2.0/,Gabriel Lima,https://www.flickr.com/people/ravescuritiba/,Orange Set #3/4,Orange (fruit),254bbd4684f463339805bb4fbf79235549f47fd12070d0d0909001a014f51df8
oi_train_506613831d54caf4,train,hard_negative,506613831d54caf4,train,Open Images Dataset V7,https://storage.googleapis.com/openimages/web/index.html,https://s3.amazonaws.com/open-images-dataset/train/506613831d54caf4.jpg,https://farm5.staticflickr.com/34/70120563_9d37efa2f3_o.jpg,https://www.flickr.com/photos/ian_d/70120563,https://creativecommons.org/licenses/by/2.0/,Ian Dick,https://www.flickr.com/people/ian_d/,Front of the 360,Soap dispenser,7817f0eda9b0298c8d3fb66b47d84b9c5aaa9b7656b5df0820ea4f26dc570c87
oi_train_b9e5e65431ff36ec,train,hard_negative,b9e5e65431ff36ec,train,Open Images Dataset V7,https://storage.googleapis.com/openimages/web/index.html,https://s3.amazonaws.com/open-images-dataset/train/b9e5e65431ff36ec.jpg,https://c5.staticflickr.com/3/2827/9504402100_a1b68989cf_o.jpg,https://www.flickr.com/photos/stellahyc/9504402100,https://creativecommons.org/licenses/by/2.0/,stellahyc910,https://www.flickr.com/people/stellahyc/,美琪水潤慕斯產品圖,Soap dispenser,7a7ffb4a63e38a6a498b23e081ecda9a2d3be27f9ecfa4a3c2261e71bcc93b19
oi_train_44ef8bb9e9c91ae2,test,hard_negative,44ef8bb9e9c91ae2,train,Open Images Dataset V7,https://storage.googleapis.com/openimages/web/index.html,https://s3.amazonaws.com/open-images-dataset/train/44ef8bb9e9c91ae2.jpg,https://farm3.staticflickr.com/8152/7474646860_f74b2d996a_o.jpg,https://www.flickr.com/photos/srboisvert/7474646860,https://creativecommons.org/licenses/by/2.0/,stephen boisvert,https://www.flickr.com/people/srboisvert/,Frithia pulchra 'baby toes',Coin|Houseplant,4494523e242375088d335cb9f2ff0fd8e92d40540022456921ced7be77c04fe5
oi_train_4a73a1d16a2d9d14,val,hard_negative,4a73a1d16a2d9d14,train,Open Images Dataset V7,https://storage.googleapis.com/openimages/web/index.html,https://s3.amazonaws.com/open-images-dataset/train/4a73a1d16a2d9d14.jpg,https://farm5.staticflickr.com/4135/4736290037_9bdf70be32_o.jpg,https://www.flickr.com/photos/triller/4736290037,https://creativecommons.org/licenses/by/2.0/,@felixtriller,https://www.flickr.com/people/triller/,Bagel.,Doughnut,7ee377bed4aa9f84889b68c30e506da4b78206ec0e727cacd7b59811e2ae540b
oi_train_f7a4dd060a66a3fc,train,hard_negative,f7a4dd060a66a3fc,train,Open Images Dataset V7,https://storage.googleapis.com/openimages/web/index.html,https://s3.amazonaws.com/open-images-dataset/train/f7a4dd060a66a3fc.jpg,https://c5.staticflickr.com/5/4082/4935743918_74b073131a_o.jpg,https://www.flickr.com/photos/mshahab/4935743918,https://creativecommons.org/licenses/by/2.0/,Mariam Shahab,https://www.flickr.com/people/mshahab/,Toilet Paper,Paper towel,d5c24d3bdfd6a4e3dd2c181421aa7e821e8e3dbb08d03203eeaff63c12232e4a
oi_train_0e47fe0688ab185f,train,hard_negative,0e47fe0688ab185f,train,Open Images Dataset V7,https://storage.googleapis.com/openimages/web/index.html,https://s3.amazonaws.com/open-images-dataset/train/0e47fe0688ab185f.jpg,https://c8.staticflickr.com/3/2224/2104863829_f0f3b4537b_o.jpg,https://www.flickr.com/photos/oskay/2104863829,https://creativecommons.org/licenses/by/2.0/,Windell Oskay,https://www.flickr.com/people/oskay/,With LED,Light bulb,7e97038525b73c95638f6b7c7d2427b73cc3a30939d9fb1a20aaded624654c5e
oi_train_e867bde189681fc4,train,hard_negative,e867bde189681fc4,train,Open Images Dataset V7,https://storage.googleapis.com/openimages/web/index.html,https://s3.amazonaws.com/open-images-dataset/train/e867bde189681fc4.jpg,https://farm5.staticflickr.com/6010/5995908117_6fa0d63412_o.jpg,https://www.flickr.com/photos/15481483@N06/5995908117,https://creativecommons.org/licenses/by/2.0/,^ Missi ^,https://www.flickr.com/people/15481483@N06/,Ramadan Mubarak to my all friends,Candle|Lamp,0710d90e5efe7f3dfa26ae8931d21afdbbe802a461105573dc781494121a6e7c
oi_train_f23eaf29dc02abc2,test,hard_negative,f23eaf29dc02abc2,train,Open Images Dataset V7,https://storage.googleapis.com/openimages/web/index.html,https://s3.amazonaws.com/open-images-dataset/train/f23eaf29dc02abc2.jpg,https://farm3.staticflickr.com/7210/6845058580_c7efdd0965_o.jpg,https://www.flickr.com/photos/nataliemaynor/6845058580,https://creativecommons.org/licenses/by/2.0/,NatalieMaynor,https://www.flickr.com/people/nataliemaynor/,Pet Parade,Tree,892333a426e44ffc0479484ab8fd9a2b2726861d5bab8906c6c054d3affdc737
oi_train_7dff4697ae2f5e96,train,hard_negative,7dff4697ae2f5e96,train,Open Images Dataset V7,https://storage.googleapis.com/openimages/web/index.html,https://s3.amazonaws.com/open-images-dataset/train/7dff4697ae2f5e96.jpg,https://farm7.staticflickr.com/3308/3583100838_c7952d7a0a_o.jpg,https://www.flickr.com/photos/roosterfarm/3583100838/,https://creativecommons.org/licenses/by/2.0/,julie,https://www.flickr.com/people/roosterfarm/,Untitled,Rose,5d67a7bebbea3ed4d934e490d7f77c113ef7a7fbaad858fed2d9a411406c59bf
oi_train_4dc1cc0d97dee73d,test,hard_negative,4dc1cc0d97dee73d,train,Open Images Dataset V7,https://storage.googleapis.com/openimages/web/index.html,https://s3.amazonaws.com/open-images-dataset/train/4dc1cc0d97dee73d.jpg,https://c6.staticflickr.com/4/3838/14211561767_df4d4ebd5d_o.jpg,https://www.flickr.com/photos/124561666@N02/14211561767,https://creativecommons.org/licenses/by/2.0/,TNS Sofres,https://www.flickr.com/people/124561666@N02/,Sunflowers,Common sunflower,b7721cb3798146248ecbb99007f92c531a2684778ed2fad0ac57e388cf8c20eb
oi_train_15f908c12e4954ac,test,hard_negative,15f908c12e4954ac,train,Open Images Dataset V7,https://storage.googleapis.com/openimages/web/index.html,https://s3.amazonaws.com/open-images-dataset/train/15f908c12e4954ac.jpg,https://c5.staticflickr.com/4/3067/2700306968_eec82b3a1a_o.jpg,https://www.flickr.com/photos/fontplaydotcom/2700306968,https://creativecommons.org/licenses/by/2.0/,Dennis Hill,https://www.flickr.com/people/fontplaydotcom/,fp071208-51,Apple,ef80c5e9e1ca38bf916ff90efceaf3712c681afa1bc6cf83f26f2ae13e02b866
oi_train_304f280eb94bcf96,train,hard_negative,304f280eb94bcf96,train,Open Images Dataset V7,https://storage.googleapis.com/openimages/web/index.html,https://s3.amazonaws.com/open-images-dataset/train/304f280eb94bcf96.jpg,https://farm7.staticflickr.com/8085/8392248666_b8e569b0f0_o.jpg,https://www.flickr.com/photos/dentonpotter/8392248666/,https://creativecommons.org/licenses/by/2.0/,Karen Cropper,https://www.flickr.com/people/dentonpotter/,A3DHindhead 045,Computer mouse,fb368fcbc15e520fdec54f73f984a3e54a3f2e48c76b3bcc3dd0e193410170fc
oi_test_e893641c65d00e52,train,hard_negative,e893641c65d00e52,test,Open Images Dataset V7,https://storage.googleapis.com/openimages/web/index.html,https://s3.amazonaws.com/open-images-dataset/test/e893641c65d00e52.jpg,https://farm3.staticflickr.com/8175/8071827586_654793bb08_o.jpg,https://www.flickr.com/photos/9258223@N05/8071827586/,https://creativecommons.org/licenses/by/2.0/,John Horton,https://www.flickr.com/people/9258223@N05/,Eyton on Severn in the spring,Grass|Grassland|Pasture,a13730ff235613e520f6b07a9dfecde9f272e73cae887c34ad917320babf875a
oi_train_fac5ff7993b6516c,train,hard_negative,fac5ff7993b6516c,train,Open Images Dataset V7,https://storage.googleapis.com/openimages/web/index.html,https://s3.amazonaws.com/open-images-dataset/train/fac5ff7993b6516c.jpg,https://c5.staticflickr.com/4/3728/13609842805_e0446fb5e5_o.jpg,https://www.flickr.com/photos/yourbartender/13609842805,https://creativecommons.org/licenses/by/2.0/,Tomi Knuutila,https://www.flickr.com/people/yourbartender/,Untitled,Candle|Lamp,078a01d77d2ca7f9cb7b349a9400971a4f9d8e6c976faeb3b78957b4af22f1a8
oi_train_c74ee893094dab5d,train,hard_negative,c74ee893094dab5d,train,Open Images Dataset V7,https://storage.googleapis.com/openimages/web/index.html,https://s3.amazonaws.com/open-images-dataset/train/c74ee893094dab5d.jpg,https://c6.staticflickr.com/1/511/19084222605_b076bc279d_o.jpg,https://www.flickr.com/photos/jeffreyww/19084222605,https://creativecommons.org/licenses/by/2.0/,jeffreyw,https://www.flickr.com/people/jeffreyww/,Mmm... Adouille hash,Egg,6f387719a41f84b7d06f591e74aa859c1cab34cfdc9a9e07812b7cb12a1ef2a6
oi_test_865371442755e110,train,hard_negative,865371442755e110,test,Open Images Dataset V7,https://storage.googleapis.com/openimages/web/index.html,https://s3.amazonaws.com/open-images-dataset/test/865371442755e110.jpg,https://farm1.staticflickr.com/5255/5574938396_9430fa3c87_o.jpg,https://www.flickr.com/photos/wingedblue/5574938396,https://creativecommons.org/licenses/by/2.0/,Beth,https://www.flickr.com/people/wingedblue/,2-goats,Grass|Meadow|Pasture,104ace40929a243e4bd4e2100c379ebb9886d6910a210763a84f547f05aa0106
oi_train_2e5d709af882e978,val,hard_negative,2e5d709af882e978,train,Open Images Dataset V7,https://storage.googleapis.com/openimages/web/index.html,https://s3.amazonaws.com/open-images-dataset/train/2e5d709af882e978.jpg,https://c1.staticflickr.com/1/47/135518489_7432e2c0b4_o.jpg,https://www.flickr.com/photos/sidelong/135518489,https://creativecommons.org/licenses/by/2.0/,DaveBleasdale,https://www.flickr.com/people/sidelong/,lightbulb,Light bulb,48ca0c098bcba6655b1cc2c9f9ef18492e510a7f31297da4ab3001ab0f790d69
oi_validation_f2aebe3ecb7a5d29,test,hard_negative,f2aebe3ecb7a5d29,validation,Open Images Dataset V7,https://storage.googleapis.com/openimages/web/index.html,https://s3.amazonaws.com/open-images-dataset/validation/f2aebe3ecb7a5d29.jpg,https://c2.staticflickr.com/3/2812/9178659695_81da551624_o.jpg,https://www.flickr.com/photos/johnwinkelman/9178659695,https://creativecommons.org/licenses/by/2.0/,John Winkelman,https://www.flickr.com/people/johnwinkelman/,Ten-Spot Dragonfly and Meadowhawk,Grass|Meadow,e10f5960c20f98aba69498fab0f80d0f5f43f3c7b125588cf29655d0cd2e3ffa
oi_train_f494b5e4ebb7fb73,train,hard_negative,f494b5e4ebb7fb73,train,Open Images Dataset V7,https://storage.googleapis.com/openimages/web/index.html,https://s3.amazonaws.com/open-images-dataset/train/f494b5e4ebb7fb73.jpg,https://farm4.staticflickr.com/3427/4000672718_10b2218af9_o.jpg,https://www.flickr.com/photos/witchesfallscottages/4000672718,https://creativecommons.org/licenses/by/2.0/,Daniela,https://www.flickr.com/people/witchesfallscottages/,Rose Garden in the Botanical Gardens at Mount Tamborine,Rose,19223135b9f42deb46f064644eb94053fe1697d21755d539e496ff852d8305a2
oi_train_c748b2df515ccfd7,train,hard_negative,c748b2df515ccfd7,train,Open Images Dataset V7,https://storage.googleapis.com/openimages/web/index.html,https://s3.amazonaws.com/open-images-dataset/train/c748b2df515ccfd7.jpg,https://farm8.staticflickr.com/2425/5751765192_8efbddf0df_o.jpg,https://www.flickr.com/photos/barryskeates/5751765192,https://creativecommons.org/licenses/by/2.0/,Barry Skeates,https://www.flickr.com/people/barryskeates/,cricket 04,Cricket ball,749b78c5d23014233f8ac86c9913409c4e978c31ff165bde34da41352cdfc8ff
oi_train_0056d2abfb982a1a,test,hard_negative,0056d2abfb982a1a,train,Open Images Dataset V7,https://storage.googleapis.com/openimages/web/index.html,https://s3.amazonaws.com/open-images-dataset/train/0056d2abfb982a1a.jpg,https://c3.staticflickr.com/9/8282/7726044954_0b7c6fc953_o.jpg,https://www.flickr.com/photos/leith/7726044954,https://creativecommons.org/licenses/by/2.0/,Ian Robertson,https://www.flickr.com/people/leith/,Tayforth Vs Glasgow Mid Argyll_6434,Ball (Object)|Tree,089373a536f4226c4c558187412938b61318dd9ee09450d587ac38074f75480b
oi_train_08105c17b88ebf93,test,hard_negative,08105c17b88ebf93,train,Open Images Dataset V7,https://storage.googleapis.com/openimages/web/index.html,https://s3.amazonaws.com/open-images-dataset/train/08105c17b88ebf93.jpg,https://farm4.staticflickr.com/1420/1090683581_17f69bc3d8_o.jpg,https://www.flickr.com/photos/toasty/1090683581,https://creativecommons.org/licenses/by/2.0/,Kenneth Lu,https://www.flickr.com/people/toasty/,Memorial at street corner,Candle,9353a7f656d493b7b7236fe89cb8e7709f465a7ad3aedcc50d151062573c6b56
oi_test_4bf2f23c250fe3ee,train,hard_negative,4bf2f23c250fe3ee,test,Open Images Dataset V7,https://storage.googleapis.com/openimages/web/index.html,https://s3.amazonaws.com/open-images-dataset/test/4bf2f23c250fe3ee.jpg,https://c7.staticflickr.com/8/7261/13892701266_00921bced0_o.jpg,https://www.flickr.com/photos/orangeaurochs/13892701266,https://creativecommons.org/licenses/by/2.0/,Orangeaurochs,https://www.flickr.com/people/orangeaurochs/,"North front, Fenton House, Hampstead, London",Lawn,cdac0f312ec5393f8182ed11723513071b7b679fb13121b556ea9819eb216587
oi_train_98c8f548b49ee4a5,val,hard_negative,98c8f548b49ee4a5,train,Open Images Dataset V7,https://storage.googleapis.com/openimages/web/index.html,https://s3.amazonaws.com/open-images-dataset/train/98c8f548b49ee4a5.jpg,https://farm6.staticflickr.com/3212/2749561795_d005152780_o.jpg,https://www.flickr.com/photos/62337512@N00/2749561795,https://creativecommons.org/licenses/by/2.0/,anthony kelly,https://www.flickr.com/people/62337512@N00/,TV control,Remote control,d6de2cac98175d438a26b35a895830d254f06f0f917ce5491e56ce1dc20ec590
oi_test_cd24d02eed658950,train,hard_negative,cd24d02eed658950,test,Open Images Dataset V7,https://storage.googleapis.com/openimages/web/index.html,https://s3.amazonaws.com/open-images-dataset/test/cd24d02eed658950.jpg,https://farm1.staticflickr.com/8165/7164327573_43b76ce694_o.jpg,https://www.flickr.com/photos/bdgstonepix/7164327573,https://creativecommons.org/licenses/by/2.0/,Gaston Hinostroza,https://www.flickr.com/people/bdgstonepix/,Vacation Pics 2012-06-07 3157193 of 484,Lawn,65663d067dc2160147da47ca6763b4c88260e811aaa5988265be4d65301aa2b9
oi_test_81b262efe5ea1e70,train,hard_negative,81b262efe5ea1e70,test,Open Images Dataset V7,https://storage.googleapis.com/openimages/web/index.html,https://s3.amazonaws.com/open-images-dataset/test/81b262efe5ea1e70.jpg,https://farm1.staticflickr.com/7484/16146473749_51c2d66167_o.jpg,https://www.flickr.com/photos/martius/16146473749,https://creativecommons.org/licenses/by/2.0/,Manuel,https://www.flickr.com/people/martius/,Gran dobla de Pedro I de Castilla,Coin,d83ea4b69f61569b65c3a28e1245e441a1abef9bb76c8f6a8d7112cfe9c44e6d
oi_train_01c8a79af7351fdc,train,hard_negative,01c8a79af7351fdc,train,Open Images Dataset V7,https://storage.googleapis.com/openimages/web/index.html,https://s3.amazonaws.com/open-images-dataset/train/01c8a79af7351fdc.jpg,https://c5.staticflickr.com/4/3682/13944540313_7b31824b5c_o.jpg,https://www.flickr.com/photos/ultrakml/13944540313,https://creativecommons.org/licenses/by/2.0/,Katherine Lim,https://www.flickr.com/people/ultrakml/,"Smoked pork neck with braised beans, fried duck egg and toast at St Ali in South Melbourne",Egg,4018f8cd01e4151d9c5cb895aabb74e044d307e32c58b2775277123821de57f7
oi_train_135bf5eb1329bc64,train,hard_negative,135bf5eb1329bc64,train,Open Images Dataset V7,https://storage.googleapis.com/openimages/web/index.html,https://s3.amazonaws.com/open-images-dataset/train/135bf5eb1329bc64.jpg,https://farm5.staticflickr.com/6124/5933190315_599ebd7fd3_o.jpg,https://www.flickr.com/photos/pauladamsphotos/5933190315,https://creativecommons.org/licenses/by/2.0/,PaulAdamsPhotography,https://www.flickr.com/people/pauladamsphotos/,"DMACC Campus Ankeny, Iowa",Common sunflower,22b1ccbb93965ca8b10a3251b6454338d0416fa115550ce42325a7e43bd4dd50
oi_validation_35188140fe0ff895,train,hard_negative,35188140fe0ff895,validation,Open Images Dataset V7,https://storage.googleapis.com/openimages/web/index.html,https://s3.amazonaws.com/open-images-dataset/validation/35188140fe0ff895.jpg,https://farm6.staticflickr.com/8289/7693192044_53d2f85696_o.jpg,https://www.flickr.com/photos/infinitely-interesting/7693192044,https://creativecommons.org/licenses/by/2.0/,infinitely interesting,https://www.flickr.com/people/infinitely-interesting/,P1000214,Meadow,53fb5f122b77aaa7f2779a0812263940843b44e0f146cf18fa5d3d9307ebae5e
oi_train_7a6d93313967c463,train,hard_negative,7a6d93313967c463,train,Open Images Dataset V7,https://storage.googleapis.com/openimages/web/index.html,https://s3.amazonaws.com/open-images-dataset/train/7a6d93313967c463.jpg,https://farm4.staticflickr.com/5614/15624179795_2abaf7bc9d_o.jpg,https://www.flickr.com/photos/stevepj2009/15624179795,https://creativecommons.org/licenses/by/2.0/,steve p2008,https://www.flickr.com/people/stevepj2009/,Untitled,Orange (fruit),664d2035677574336a6b4dfdb32d044bc7936526b761383d3b92a5ccb4d025b2
oi_test_183292adab325198,test,hard_negative,183292adab325198,test,Open Images Dataset V7,https://storage.googleapis.com/openimages/web/index.html,https://s3.amazonaws.com/open-images-dataset/test/183292adab325198.jpg,https://c1.staticflickr.com/4/3188/2882480915_4e7cf16210_o.jpg,https://www.flickr.com/photos/sarahdepper/2882480915/,https://creativecommons.org/licenses/by/2.0/,SarahDepper,https://www.flickr.com/people/sarahdepper/,Buffalo herd,Grassland,8f6321471f8bc16ccd906ab55d2a6452026ff67210faefd4d34d29bf76a81fa4
oi_test_f3ccf9ab2789bd9c,train,hard_negative,f3ccf9ab2789bd9c,test,Open Images Dataset V7,https://storage.googleapis.com/openimages/web/index.html,https://s3.amazonaws.com/open-images-dataset/test/f3ccf9ab2789bd9c.jpg,https://c5.staticflickr.com/4/3104/2900715632_df097971d7_o.jpg,https://www.flickr.com/photos/mtcarlson/2900715632,https://creativecommons.org/licenses/by/2.0/,mtcarlson,https://www.flickr.com/people/mtcarlson/,green and crisp,Apple,29590384581a063eb7aa82f08ef397e07cecb98b796c827a4a6829896ea8d672
oi_train_6699556b70569bb8,train,hard_negative,6699556b70569bb8,train,Open Images Dataset V7,https://storage.googleapis.com/openimages/web/index.html,https://s3.amazonaws.com/open-images-dataset/train/6699556b70569bb8.jpg,https://c1.staticflickr.com/4/3919/14900301965_f604edd245_o.jpg,https://www.flickr.com/photos/jariceiii/14900301965,https://creativecommons.org/licenses/by/2.0/,jar [o],https://www.flickr.com/people/jariceiii/,Until Morning,Flower,1d89af13ec574945523b50e92c5ed5f236deff2cfc0653d4cca86aca7569570a
oi_train_589ec6915c40a13a,train,hard_negative,589ec6915c40a13a,train,Open Images Dataset V7,https://storage.googleapis.com/openimages/web/index.html,https://s3.amazonaws.com/open-images-dataset/train/589ec6915c40a13a.jpg,https://c3.staticflickr.com/9/8028/7468329674_ce1370340c_o.jpg,https://www.flickr.com/photos/mywallart3dwall/7468329674,https://creativecommons.org/licenses/by/2.0/,MyWallArt,https://www.flickr.com/people/mywallart3dwall/,Elegant and stylish: the new Saiphs wall decoration from WallArt!,Soap dispenser,9704d0dd4b7c631961ddc9f7e267ee817c321b92a0785fa5d3dc62a656ed0f72
oi_train_64d1b19c157ec446,train,hard_negative,64d1b19c157ec446,train,Open Images Dataset V7,https://storage.googleapis.com/openimages/web/index.html,https://s3.amazonaws.com/open-images-dataset/train/64d1b19c157ec446.jpg,https://farm7.staticflickr.com/3189/2866762325_0a9c267cd7_o.jpg,https://www.flickr.com/photos/jeroenbennink/2866762325,https://creativecommons.org/licenses/by/2.0/,Jeroen Bennink,https://www.flickr.com/people/jeroenbennink/,Flying Federer,Tennis ball,fa7e6ccb25f54a9328f36d2174d7d0d248067efa038175d7f18d7ba9a407c996
oi_train_88cb005a6e6d2df7,train,hard_negative,88cb005a6e6d2df7,train,Open Images Dataset V7,https://storage.googleapis.com/openimages/web/index.html,https://s3.amazonaws.com/open-images-dataset/train/88cb005a6e6d2df7.jpg,https://farm8.staticflickr.com/8147/7499356832_2a65b76558_o.jpg,https://www.flickr.com/photos/cogdog/7499356832/,https://creativecommons.org/licenses/by/2.0/,Alan Levine,https://www.flickr.com/people/cogdog/,Every Which Way,Common sunflower,3f300684b6eb67ce99b49986202f765f69b14c1781e84500c09d0b5675147f8e
oi_train_9d3ff10b39aee43d,train,hard_negative,9d3ff10b39aee43d,train,Open Images Dataset V7,https://storage.googleapis.com/openimages/web/index.html,https://s3.amazonaws.com/open-images-dataset/train/9d3ff10b39aee43d.jpg,https://c6.staticflickr.com/6/5230/5562992681_8a3e92e188_o.jpg,https://www.flickr.com/photos/etisfedup/5562992681,https://creativecommons.org/licenses/by/2.0/,eranga tennekoon,https://www.flickr.com/people/etisfedup/,chinaman,Cricket ball,0546dcfdf8f10bb8c106a61078811884c64b25934609a5d99c07950d1f5821a8
oi_train_0efc2d07d6832e95,train,hard_negative,0efc2d07d6832e95,train,Open Images Dataset V7,https://storage.googleapis.com/openimages/web/index.html,https://s3.amazonaws.com/open-images-dataset/train/0efc2d07d6832e95.jpg,https://farm6.staticflickr.com/2915/14298460879_0ec0002653_o.jpg,https://www.flickr.com/photos/pahudson/14298460879,https://creativecommons.org/licenses/by/2.0/,Paul Hudson,https://www.flickr.com/people/pahudson/,Lord's Bicentenary Anniversary Match,Cricket ball,0892e4dc8ff11f5a984d82e36ec96d3653ba5162cfc53827d02cf6c18e808b9a
oi_test_2fa4d728947841cd,train,hard_negative,2fa4d728947841cd,test,Open Images Dataset V7,https://storage.googleapis.com/openimages/web/index.html,https://s3.amazonaws.com/open-images-dataset/test/2fa4d728947841cd.jpg,https://c6.staticflickr.com/8/7652/16598088979_2bd20c6dd2_o.jpg,https://www.flickr.com/photos/rikkisrefugeother/16598088979,https://creativecommons.org/licenses/by/2.0/,RikkisRefuge Other,https://www.flickr.com/people/rikkisrefugeother/,82-PileCowShit,Grass|Grassland|Meadow|Pasture,16187e25f9cd6e0d72a70efe89e48ff2b0c3b74aef46fcb5eda421c5a07ad962
oi_train_6d2b8fc7873e0227,train,hard_negative,6d2b8fc7873e0227,train,Open Images Dataset V7,https://storage.googleapis.com/openimages/web/index.html,https://s3.amazonaws.com/open-images-dataset/train/6d2b8fc7873e0227.jpg,https://farm8.staticflickr.com/375/20326150661_20b1b745d0_o.jpg,https://www.flickr.com/photos/ariercetinberk/20326150661,https://creativecommons.org/licenses/by/2.0/,German Car Specialists,https://www.flickr.com/people/ariercetinberk/,New front glass,Plastic bag,336a632b96fe43780f8cb3e6428bd82745daf3050c7e7a6bf3b3013bb653b2ed
oi_test_c3f40a1189c045a4,train,hard_negative,c3f40a1189c045a4,test,Open Images Dataset V7,https://storage.googleapis.com/openimages/web/index.html,https://s3.amazonaws.com/open-images-dataset/test/c3f40a1189c045a4.jpg,https://farm5.staticflickr.com/3442/3905212459_a66d4d1de9_o.jpg,https://www.flickr.com/photos/arthur_chapman/3905212459,https://creativecommons.org/licenses/by/2.0/,Arthur Chapman,https://www.flickr.com/people/arthur_chapman/,"Bear cutouts near Tok, Alaska",Pasture,42b4a7c7bfcfde0872a1118526c38ec2d917324e939b737ff087217b2e62576d
oi_train_6403e73ba10c0531,train,hard_negative,6403e73ba10c0531,train,Open Images Dataset V7,https://storage.googleapis.com/openimages/web/index.html,https://s3.amazonaws.com/open-images-dataset/train/6403e73ba10c0531.jpg,https://farm2.staticflickr.com/3215/2699764020_6a9fff67a3_o.jpg,https://www.flickr.com/photos/edkohler/2699764020/,https://creativecommons.org/licenses/by/2.0/,edkohler,https://www.flickr.com/people/edkohler/,W Chicago TP,Paper towel,be1b19d2268dbcd56f12c305830cd59c631ee3bfea0b220cc83cad839c36ce08
oi_train_02bf585ede8cbcb3,train,hard_negative,02bf585ede8cbcb3,train,Open Images Dataset V7,https://storage.googleapis.com/openimages/web/index.html,https://s3.amazonaws.com/open-images-dataset/train/02bf585ede8cbcb3.jpg,https://farm4.staticflickr.com/2924/14395354729_2720e53168_o.jpg,https://www.flickr.com/photos/foxtree1/14395354729,https://creativecommons.org/licenses/by/2.0/,Tim Schofield,https://www.flickr.com/people/foxtree1/,Gilles Simon vs Julien Benneteau,Tennis ball,f90ace2b02a32df33f3713ce145a13b11f63251078ccca877bbb311916853660
oi_test_597d3b70a44cdff2,train,hard_negative,597d3b70a44cdff2,test,Open Images Dataset V7,https://storage.googleapis.com/openimages/web/index.html,https://s3.amazonaws.com/open-images-dataset/test/597d3b70a44cdff2.jpg,https://farm3.staticflickr.com/3586/3522660706_b4483fde01_o.jpg,https://www.flickr.com/photos/29994113@N05/3522660706,https://creativecommons.org/licenses/by/2.0/,Amanda,https://www.flickr.com/people/29994113@N05/,"Angie, Amanda, & Dad on a Tractor",Lawn,547f0bb128b0200534ddb09a1dbce27317a5f81f07961d27ee43520e658a0f85
oi_test_0c1be464d6a90b72,train,hard_negative,0c1be464d6a90b72,test,Open Images Dataset V7,https://storage.googleapis.com/openimages/web/index.html,https://s3.amazonaws.com/open-images-dataset/test/0c1be464d6a90b72.jpg,https://farm3.staticflickr.com/5159/5851248457_1dea4b4621_o.jpg,https://www.flickr.com/photos/funcrush/5851248457,https://creativecommons.org/licenses/by/2.0/,Kim MyoungSung,https://www.flickr.com/people/funcrush/,"민들레, 회사 잔디밭...",Grass,8cb9b3588efbe557db1fd0df4970d943686f0bf8f2c856bd8e1e6e14f7c11951
oi_test_21b0d55464199d60,train,hard_negative,21b0d55464199d60,test,Open Images Dataset V7,https://storage.googleapis.com/openimages/web/index.html,https://s3.amazonaws.com/open-images-dataset/test/21b0d55464199d60.jpg,https://farm1.staticflickr.com/16/21750386_4da1ef3bb1_o.jpg,https://www.flickr.com/photos/kpjas/21750386,https://creativecommons.org/licenses/by/2.0/,Kpjas,https://www.flickr.com/people/kpjas/,Willow_bellflower_160605_kpjas,Meadow,436224b93a6ee1826c48296e8bd0dde52d2955951be4f013d3bcbb35e746df7c
oi_validation_2507e80994430733,train,hard_negative,2507e80994430733,validation,Open Images Dataset V7,https://storage.googleapis.com/openimages/web/index.html,https://s3.amazonaws.com/open-images-dataset/validation/2507e80994430733.jpg,https://farm4.staticflickr.com/53/158734072_41aa71be08_o.jpg,https://www.flickr.com/photos/creightonzomg/158734072,https://creativecommons.org/licenses/by/2.0/,David A,https://www.flickr.com/people/creightonzomg/,IMG_0173,Grass,cb27b577aa9452f4a1a948256c30e6020901467e882e0b54c2134105ca77c896
oi_validation_22ab8b3e6b6355fd,test,hard_negative,22ab8b3e6b6355fd,validation,Open Images Dataset V7,https://storage.googleapis.com/openimages/web/index.html,https://s3.amazonaws.com/open-images-dataset/validation/22ab8b3e6b6355fd.jpg,https://c6.staticflickr.com/8/7093/7170434979_58ee2558ff_o.jpg,https://www.flickr.com/photos/asw909/7170434979,https://creativecommons.org/licenses/by/2.0/,adam w,https://www.flickr.com/people/asw909/,Red river hog: Whipsnade Zoo: 09-June 2012,Grass|Meadow|Pasture,dfb25a62149f2554d360f13cd33ff597a18d646ed403a625c8e4c9761feb937b
oi_train_e50eb4c2824e8252,val,hard_negative,e50eb4c2824e8252,train,Open Images Dataset V7,https://storage.googleapis.com/openimages/web/index.html,https://s3.amazonaws.com/open-images-dataset/train/e50eb4c2824e8252.jpg,https://farm3.staticflickr.com/1235/1023542932_3ec5404379_o.jpg,https://www.flickr.com/photos/balladist/1023542932,https://creativecommons.org/licenses/by/2.0/,erin leigh mcconnell,https://www.flickr.com/people/balladist/,two out of four,Lamp|Light bulb,4d77455d56ff9d113ad6c0dd88388f96c0ad0900341ec3101fcc621311e72604
oi_train_10afe3c5ed8260c4,train,hard_negative,10afe3c5ed8260c4,train,Open Images Dataset V7,https://storage.googleapis.com/openimages/web/index.html,https://s3.amazonaws.com/open-images-dataset/train/10afe3c5ed8260c4.jpg,https://farm5.staticflickr.com/47/126557113_02a7a91fca_o.jpg,https://www.flickr.com/photos/a_mason/126557113,https://creativecommons.org/licenses/by/2.0/,Andrew Mason,https://www.flickr.com/people/a_mason/,poland.warsaw.067,Light bulb,78ebd19364ffaa6249464bd3b348dedbe41499dc78534627caaef85aa33e6827
oi_train_9edff38e5e5d557b,train,hard_negative,9edff38e5e5d557b,train,Open Images Dataset V7,https://storage.googleapis.com/openimages/web/index.html,https://s3.amazonaws.com/open-images-dataset/train/9edff38e5e5d557b.jpg,https://c4.staticflickr.com/2/1007/1423704963_111cd90182_o.jpg,https://www.flickr.com/photos/jpockele/1423704963,https://creativecommons.org/licenses/by/2.0/,Jannes Pockele,https://www.flickr.com/people/jpockele/,kale inktzwam (Coprinopsis atramentaria of Coprinus atramentarius),Flower|Mushroom,7412f52efcadc25850975a0eb0795d9a5a06bf25341069f850ab741484a35982
oi_train_48a3376ae485a0d0,test,hard_negative,48a3376ae485a0d0,train,Open Images Dataset V7,https://storage.googleapis.com/openimages/web/index.html,https://s3.amazonaws.com/open-images-dataset/train/48a3376ae485a0d0.jpg,https://farm1.staticflickr.com/43/122318090_91c7248665_o.jpg,https://www.flickr.com/photos/themarque/122318090,https://creativecommons.org/licenses/by/2.0/,Mark Walz,https://www.flickr.com/people/themarque/,The Still Life von Mark,Apple|Bottle,559eec0551dbef37345b5f2cf49e7a51258d7d60fb22faf44e8282397d96ab16
oi_train_5070e01f7a9f5690,train,hard_negative,5070e01f7a9f5690,train,Open Images Dataset V7,https://storage.googleapis.com/openimages/web/index.html,https://s3.amazonaws.com/open-images-dataset/train/5070e01f7a9f5690.jpg,https://farm1.staticflickr.com/5591/14987599190_9182641630_o.jpg,https://www.flickr.com/photos/jeepersmedia/14987599190,https://creativecommons.org/licenses/by/2.0/,Mike Mozart,https://www.flickr.com/people/jeepersmedia/,Bounty,Paper towel,917bd6d2d8a91e951643793d299854ef0593f4f4358f069006eb51c634767326
oi_train_f8b3585fe0a670f0,train,hard_negative,f8b3585fe0a670f0,train,Open Images Dataset V7,https://storage.googleapis.com/openimages/web/index.html,https://s3.amazonaws.com/open-images-dataset/train/f8b3585fe0a670f0.jpg,https://farm1.staticflickr.com/4147/5172767719_2f9c11dc19_o.jpg,https://www.flickr.com/photos/ltdan/5172767719,https://creativecommons.org/licenses/by/2.0/,Dan Dickinson,https://www.flickr.com/people/ltdan/,PEC wine haul 3,Bottle,95694570c0edb172a1aee6cb97722110912881add63b065987510384ef04af90
oi_train_85e84a4615f80b80,val,hard_negative,85e84a4615f80b80,train,Open Images Dataset V7,https://storage.googleapis.com/openimages/web/index.html,https://s3.amazonaws.com/open-images-dataset/train/85e84a4615f80b80.jpg,https://farm1.staticflickr.com/6141/6001758504_5e7c4e722a_o.jpg,https://www.flickr.com/photos/elisaself/6001758504,https://creativecommons.org/licenses/by/2.0/,Elisa Self,https://www.flickr.com/people/elisaself/,Cement Succulent Planters,Houseplant,2f881d522af6bb6aca2a0d82d61dacc0a18ddf3c20a12468e1f64002b557fa64
oi_train_785bc62e3692d0df,train,hard_negative,785bc62e3692d0df,train,Open Images Dataset V7,https://storage.googleapis.com/openimages/web/index.html,https://s3.amazonaws.com/open-images-dataset/train/785bc62e3692d0df.jpg,https://c8.staticflickr.com/3/2260/2511884553_6eb4ae576e_o.jpg,https://www.flickr.com/photos/cusegoyle/2511884553,https://creativecommons.org/licenses/by/2.0/,Michael Napoleon,https://www.flickr.com/people/cusegoyle/,Remote Control,Remote control,7bc47ff59f3e4c03e22ca3130fb4144514590ef28668b4f352385ade9887d101
oi_test_474b26fac93b21ea,train,hard_negative,474b26fac93b21ea,test,Open Images Dataset V7,https://storage.googleapis.com/openimages/web/index.html,https://s3.amazonaws.com/open-images-dataset/test/474b26fac93b21ea.jpg,https://c3.staticflickr.com/4/3104/2641903881_0e30988544_o.jpg,https://www.flickr.com/photos/thecarspy/2641903881,https://creativecommons.org/licenses/by/2.0/,The Car Spy,https://www.flickr.com/people/thecarspy/,VW Golf R32,Plant,2ad8c5cf6b0310628ae52108b1905060eb74346b51aba5cce58b01b2d15bb1bd
oi_train_0228135878aee48c,train,hard_negative,0228135878aee48c,train,Open Images Dataset V7,https://storage.googleapis.com/openimages/web/index.html,https://s3.amazonaws.com/open-images-dataset/train/0228135878aee48c.jpg,https://c5.staticflickr.com/1/177/441469285_ac63ae52d5_o.jpg,https://www.flickr.com/photos/diongillard/441469285,https://creativecommons.org/licenses/by/2.0/,dion gillard,https://www.flickr.com/people/diongillard/,Robbie W 6,Cricket ball,b37a07b29bea0b51467ab96bfe83660d68a498cb9e42d8e6e74356476c8b1518
oi_train_b2e1bf48605c92a9,train,hard_negative,b2e1bf48605c92a9,train,Open Images Dataset V7,https://storage.googleapis.com/openimages/web/index.html,https://s3.amazonaws.com/open-images-dataset/train/b2e1bf48605c92a9.jpg,https://c2.staticflickr.com/4/3789/9707318134_04ce9dc837_o.jpg,https://www.flickr.com/photos/nanpalmero/9707318134,https://creativecommons.org/licenses/by/2.0/,Nan Palmero,https://www.flickr.com/people/nanpalmero/,Lights 2,Light bulb,f34b1dd1ef23b11ce77877c4b0edf72c93caf1fce8c59d81620d6a20dbfceaf1
oi_test_a1cde88b01aabb81,train,hard_negative,a1cde88b01aabb81,test,Open Images Dataset V7,https://storage.googleapis.com/openimages/web/index.html,https://s3.amazonaws.com/open-images-dataset/test/a1cde88b01aabb81.jpg,https://farm2.staticflickr.com/112/312095148_489848d628_o.jpg,https://www.flickr.com/photos/internetlivre/312095148,https://creativecommons.org/licenses/by/2.0/,Internet Livre Sesc,https://www.flickr.com/people/internetlivre/,dom quixote de arame,Lawn,5920186170f31f40b6fc97203196e632205919d12cbbf40453dc16a50950924f
oi_train_cc98e09af2033655,test,hard_negative,cc98e09af2033655,train,Open Images Dataset V7,https://storage.googleapis.com/openimages/web/index.html,https://s3.amazonaws.com/open-images-dataset/train/cc98e09af2033655.jpg,https://farm6.staticflickr.com/8162/6985875512_784f6411d3_o.jpg,https://www.flickr.com/photos/benpbarnett/6985875512,https://creativecommons.org/licenses/by/2.0/,Ben Barnett,https://www.flickr.com/people/benpbarnett/,Chocks Away JB 011,Headphones,31ace9602b605f0ff2679ed77a4e76e81e79c30c9de7b1ce45a76b4fd2f8c262
oi_validation_573629a4d49be9d9,train,hard_negative,573629a4d49be9d9,validation,Open Images Dataset V7,https://storage.googleapis.com/openimages/web/index.html,https://s3.amazonaws.com/open-images-dataset/validation/573629a4d49be9d9.jpg,https://c2.staticflickr.com/2/1314/1031969945_d60f08648a_o.jpg,https://www.flickr.com/photos/qmnonic/1031969945,https://creativecommons.org/licenses/by/2.0/,Matt MacGillivray,https://www.flickr.com/people/qmnonic/,kick,Grass|Lawn,37623f1500b3aa914faac5099df743cbc80e42d642a70097feb07d01dd350024
oi_test_1ff0669530fe1142,train,hard_negative,1ff0669530fe1142,test,Open Images Dataset V7,https://storage.googleapis.com/openimages/web/index.html,https://s3.amazonaws.com/open-images-dataset/test/1ff0669530fe1142.jpg,https://farm3.staticflickr.com/5563/14669358454_5305507ce9_o.jpg,https://www.flickr.com/photos/danehav/14669358454,https://creativecommons.org/licenses/by/2.0/,Robin Danehav,https://www.flickr.com/people/danehav/,"En smålänsk solnedgång, nattade barn och en jävla massa myggor. Dock ett helt fantastiskt ställe vi hamnat på. #danehavsemester",Grassland|Meadow,1ba024debf4d9029cc4bdd6f48271691a907ae932c0c3f3f9091b5b4e02aa9e5
oi_train_2405190fb9ea8dd0,train,hard_negative,2405190fb9ea8dd0,train,Open Images Dataset V7,https://storage.googleapis.com/openimages/web/index.html,https://s3.amazonaws.com/open-images-dataset/train/2405190fb9ea8dd0.jpg,https://farm1.staticflickr.com/8691/17250659856_2cf745546a_o.jpg,https://www.flickr.com/photos/131965217@N07/17250659856,https://creativecommons.org/licenses/by/2.0/,Emerx team,https://www.flickr.com/people/131965217@N07/,RF remote control for LED strips,Remote control,bd91d5a907e38af2a999ab53707af4dd8552cb91785664ccd882fe6685a113b0
oi_train_fd8911005b99434f,test,hard_negative,fd8911005b99434f,train,Open Images Dataset V7,https://storage.googleapis.com/openimages/web/index.html,https://s3.amazonaws.com/open-images-dataset/train/fd8911005b99434f.jpg,https://c8.staticflickr.com/5/4049/4329335548_fb1cb65f6d_o.jpg,https://www.flickr.com/photos/elgrandee/4329335548,https://creativecommons.org/licenses/by/2.0/,El Gran Dee,https://www.flickr.com/people/elgrandee/,Bolsa de Tamales,Plastic bag,477fdf4386fc71f46d2282c07a8397a78e42ab1a0290fb460de3669f2cf54a76
oi_train_0028a855a27cf5ce,train,hard_negative,0028a855a27cf5ce,train,Open Images Dataset V7,https://storage.googleapis.com/openimages/web/index.html,https://s3.amazonaws.com/open-images-dataset/train/0028a855a27cf5ce.jpg,https://c7.staticflickr.com/4/3204/2981064161_4aba2fba23_o.jpg,https://www.flickr.com/photos/edkohler/2981064161,https://creativecommons.org/licenses/by/2.0/,edkohler,https://www.flickr.com/people/edkohler/,"Comfort Inn and Suites Las Cruces, NM",Paper towel,d832cd36d9a3b6673e3c5926dde81f19d709bbe8637e432b9fa8e04225e8cd54
oi_train_cbe0386846c45dff,train,hard_negative,cbe0386846c45dff,train,Open Images Dataset V7,https://storage.googleapis.com/openimages/web/index.html,https://s3.amazonaws.com/open-images-dataset/train/cbe0386846c45dff.jpg,https://c8.staticflickr.com/6/5764/21035297385_177cfeb2ce_o.jpg,https://www.flickr.com/photos/cristinacards/21035297385,https://creativecommons.org/licenses/by/2.0/,Cristina&#x27;s Cards - Brazil,https://www.flickr.com/people/cristinacards/,Saboneteira boa e barata. Fiz com vidro de leite de coco! A bombinha aproveitei de outra. Tempos de economia são os mais criativos!,Bottle|Soap dispenser,6eee63c0f4372c0baf68a270000b732a43064656b28bd21ecacc84abf0cc4dab
oi_test_8946e4b6f78cbc6b,train,hard_negative,8946e4b6f78cbc6b,test,Open Images Dataset V7,https://storage.googleapis.com/openimages/web/index.html,https://s3.amazonaws.com/open-images-dataset/test/8946e4b6f78cbc6b.jpg,https://c4.staticflickr.com/9/8177/8055483885_a4547cd266_o.jpg,https://www.flickr.com/photos/liferfe/8055483885/,https://creativecommons.org/licenses/by/2.0/,Jose Mesa,https://www.flickr.com/people/liferfe/,SDC10910,Grass|Meadow|Pasture,fb3d0dae578694ba8748f0808996f8359db83be763f4446f577555a43ef0b877
oi_train_e19650e56be924bb,train,hard_negative,e19650e56be924bb,train,Open Images Dataset V7,https://storage.googleapis.com/openimages/web/index.html,https://s3.amazonaws.com/open-images-dataset/train/e19650e56be924bb.jpg,https://c4.staticflickr.com/6/5290/5334267639_70d690da76_o.jpg,https://www.flickr.com/photos/paurian/5334267639,https://creativecommons.org/licenses/by/2.0/,paurian,https://www.flickr.com/people/paurian/,Aha,Light bulb,da6a67926a70d3de5501b9a1518eb1bff59b2720ee65a11abf9f9977f18e31ac
oi_train_0dc1d6adab7dae5c,val,hard_negative,0dc1d6adab7dae5c,train,Open Images Dataset V7,https://storage.googleapis.com/openimages/web/index.html,https://s3.amazonaws.com/open-images-dataset/train/0dc1d6adab7dae5c.jpg,https://c5.staticflickr.com/4/3930/15226279880_5ffd0dcaa2_o.jpg,https://www.flickr.com/photos/35142635@N05/15226279880,https://creativecommons.org/licenses/by/2.0/,S. Rae,https://www.flickr.com/people/35142635@N05/,Amanita,Mushroom,bd99e97539fd8bb0d2c88049c738ebc6f43306b2f9ecb10b4b29143d04a39d0b
oi_train_76671c5c058c44a1,train,hard_negative,76671c5c058c44a1,train,Open Images Dataset V7,https://storage.googleapis.com/openimages/web/index.html,https://s3.amazonaws.com/open-images-dataset/train/76671c5c058c44a1.jpg,https://farm2.staticflickr.com/5108/5590929188_a54bd448fd_o.jpg,https://www.flickr.com/photos/barcelonadecideix2011/5590929188,https://creativecommons.org/licenses/by/2.0/,Barcelona Decideix 2011,https://www.flickr.com/people/barcelonadecideix2011/,Maria Rosa Mateu,Houseplant,95df16fd3e365db8bfc922272990076b6b3b5bb09ee77299436cb95042c35caf
oi_train_d7007daf4b55d17b,train,hard_negative,d7007daf4b55d17b,train,Open Images Dataset V7,https://storage.googleapis.com/openimages/web/index.html,https://s3.amazonaws.com/open-images-dataset/train/d7007daf4b55d17b.jpg,https://c4.staticflickr.com/5/4140/4806054634_d0375af0de_o.jpg,https://www.flickr.com/photos/ptrkhmbrg/4806054634,https://creativecommons.org/licenses/by/2.0/,Patrik Hamberg,https://www.flickr.com/people/ptrkhmbrg/,"Trulsan, Trolle och Trollmor vinkar adjö",Tree,80acaad3c2dec4d46956873e01badd49db74e09d4043eec628ebe4d9c783fd46
oi_test_f71258f410b743af,train,hard_negative,f71258f410b743af,test,Open Images Dataset V7,https://storage.googleapis.com/openimages/web/index.html,https://s3.amazonaws.com/open-images-dataset/test/f71258f410b743af.jpg,https://c8.staticflickr.com/4/3007/2681209940_728e57ff02_o.jpg,https://www.flickr.com/photos/mdpettitt/2681209940,https://creativecommons.org/licenses/by/2.0/,Martin Pettitt,https://www.flickr.com/people/mdpettitt/,Oriental Small-Clawed Otter,Grassland,d169f0cefb0d322cef2e6d5ff9f064e3d24997081408b5279804756db18ea6d2
oi_test_40cb6009487b11fd,train,hard_negative,40cb6009487b11fd,test,Open Images Dataset V7,https://storage.googleapis.com/openimages/web/index.html,https://s3.amazonaws.com/open-images-dataset/test/40cb6009487b11fd.jpg,https://c6.staticflickr.com/7/6131/6001137799_e7a0537ba2_o.jpg,https://www.flickr.com/photos/computerhotline/6001137799,https://creativecommons.org/licenses/by/2.0/,Thomas Bresson,https://www.flickr.com/people/computerhotline/,Bos taurus,Grass|Grassland|Meadow|Pasture,53a89ed40250fb8449febaa689315c2561f61aba5a63d2bee7f11929f9a340e7
oi_train_4265a1e6f44f3e6d,train,hard_negative,4265a1e6f44f3e6d,train,Open Images Dataset V7,https://storage.googleapis.com/openimages/web/index.html,https://s3.amazonaws.com/open-images-dataset/train/4265a1e6f44f3e6d.jpg,https://c6.staticflickr.com/9/8335/8421922723_6704215b27_o.jpg,https://www.flickr.com/photos/linsinchen/8421922723,https://creativecommons.org/licenses/by/2.0/,Sinchen.Lin,https://www.flickr.com/people/linsinchen/,oblanc-nc3 耳罩式耳機,Headphones,416d79d8d749a63c4f0a192d940dd9b9e45087fae11d9220190787cb52f8ccdd
oi_test_2194a10d5a5c7d95,train,hard_negative,2194a10d5a5c7d95,test,Open Images Dataset V7,https://storage.googleapis.com/openimages/web/index.html,https://s3.amazonaws.com/open-images-dataset/test/2194a10d5a5c7d95.jpg,https://farm6.staticflickr.com/7162/6717046059_ea67f017da_o.jpg,https://www.flickr.com/photos/nicokaiser/6717046059,https://creativecommons.org/licenses/by/2.0/,Nico Kaiser,https://www.flickr.com/people/nicokaiser/,Llamas an der Laguna Colorada,Grassland|Pasture,f3186e480a4a02fc75a9c4f58f5d052ccb89c47f180884427d9984e868500042
oi_train_0022e09775235001,train,hard_negative,0022e09775235001,train,Open Images Dataset V7,https://storage.googleapis.com/openimages/web/index.html,https://s3.amazonaws.com/open-images-dataset/train/0022e09775235001.jpg,https://farm2.staticflickr.com/8061/8249160741_0934b9aed0_o.jpg,https://www.flickr.com/photos/gtzecosan/8249160741,https://creativecommons.org/licenses/by/2.0/,SuSanA Secretariat,https://www.flickr.com/people/gtzecosan/,Azalea Z pedestal view1 11.9.10,Paper towel,f5643ca54ca9d945cf6cb2acb306b7ad8ac9ae400f9c417cb548d4cf7b96b392
oi_validation_d135138c6e53f078,train,hard_negative,d135138c6e53f078,validation,Open Images Dataset V7,https://storage.googleapis.com/openimages/web/index.html,https://s3.amazonaws.com/open-images-dataset/validation/d135138c6e53f078.jpg,https://c1.staticflickr.com/4/3449/3871162546_120901a03e_o.jpg,https://www.flickr.com/photos/34149448@N08/3871162546,https://creativecommons.org/licenses/by/2.0/,Melissa Salmerón,https://www.flickr.com/people/34149448@N08/,Eolicaenlafronterahungaroaustriaca,Grassland,877765e561ae0cb185f4cc8afe90a357787938c6cea11a74f3731d4d4d49df89
oi_test_577f77b326ff65e7,train,hard_negative,577f77b326ff65e7,test,Open Images Dataset V7,https://storage.googleapis.com/openimages/web/index.html,https://s3.amazonaws.com/open-images-dataset/test/577f77b326ff65e7.jpg,https://farm8.staticflickr.com/2116/2459728022_26654fe698_o.jpg,https://www.flickr.com/photos/ramphoto/2459728022,https://creativecommons.org/licenses/by/2.0/,MICDS Photographer,https://www.flickr.com/people/ramphoto/,Women's Lacrosse v. Cor Jesu,Ball (Object)|Plant,e7f370e8227dca2cc5ca5bbe62f771eb9a30e370ce3a77ccfe66047597620fa5
oi_train_2177968de26108bb,train,hard_negative,2177968de26108bb,train,Open Images Dataset V7,https://storage.googleapis.com/openimages/web/index.html,https://s3.amazonaws.com/open-images-dataset/train/2177968de26108bb.jpg,https://c4.staticflickr.com/6/5037/14135316386_a3c2e2901e_o.jpg,https://www.flickr.com/photos/linsinchen/14135316386,https://creativecommons.org/licenses/by/2.0/,Sinchen.Lin,https://www.flickr.com/people/linsinchen/,logitech-g502,Computer mouse,2428a90c8475537a8e6dc339e6203f2a5248cafc92f93a5b103e7a813dac8b1d
oi_test_ca300af88da8ccbb,train,hard_negative,ca300af88da8ccbb,test,Open Images Dataset V7,https://storage.googleapis.com/openimages/web/index.html,https://s3.amazonaws.com/open-images-dataset/test/ca300af88da8ccbb.jpg,https://c4.staticflickr.com/3/2836/9992497614_3996b7bea1_o.jpg,https://www.flickr.com/photos/paparazzistudio/9992497614,https://creativecommons.org/licenses/by/2.0/,KIYOUNG KIM,https://www.flickr.com/people/paparazzistudio/,경기도 일산 호수공원,Grass|Grassland|Lawn|Meadow|Pasture,6178455b27066c89cbcc73ce3f1e4b5a2455c9cd869aa97799183ce0d11b4668
oi_train_34bb7230ad398c0a,train,hard_negative,34bb7230ad398c0a,train,Open Images Dataset V7,https://storage.googleapis.com/openimages/web/index.html,https://s3.amazonaws.com/open-images-dataset/train/34bb7230ad398c0a.jpg,https://c3.staticflickr.com/3/2794/4156535452_1abff094c7_o.jpg,https://www.flickr.com/photos/flashpro/4156535452,https://creativecommons.org/licenses/by/2.0/,flash.pro,https://www.flickr.com/people/flashpro/,Evening watching television,Remote control,06de786d4b8e09a4962d961a6d5618b93fcf70fa2113007790749e6dec8cc686
oi_train_49797469fbfdbc6c,val,hard_negative,49797469fbfdbc6c,train,Open Images Dataset V7,https://storage.googleapis.com/openimages/web/index.html,https://s3.amazonaws.com/open-images-dataset/train/49797469fbfdbc6c.jpg,https://c5.staticflickr.com/9/8817/16880124780_fb50da4a6d_o.jpg,https://www.flickr.com/photos/nickwebb/16880124780,https://creativecommons.org/licenses/by/2.0/,Nick Webb,https://www.flickr.com/people/nickwebb/,DSC_3082,Plant,bf570cbc297be0e4293316a9bb749cb102902079df797b7cb2ee416fbe135e63
oi_train_a24665b7465eccd2,test,hard_negative,a24665b7465eccd2,train,Open Images Dataset V7,https://storage.googleapis.com/openimages/web/index.html,https://s3.amazonaws.com/open-images-dataset/train/a24665b7465eccd2.jpg,https://farm3.staticflickr.com/186/379493557_cd384d3e56_o.jpg,https://www.flickr.com/photos/64336674@N00/379493557/,https://creativecommons.org/licenses/by/2.0/,thomas parisi,https://www.flickr.com/people/64336674@N00/,IMG_2786,Plant,00c395d3753e8efdc6b8acc024ca4a9c59b098da697b8abb08ce966193b84ba2
oi_validation_de4171fe28b2851d,test,hard_negative,de4171fe28b2851d,validation,Open Images Dataset V7,https://storage.googleapis.com/openimages/web/index.html,https://s3.amazonaws.com/open-images-dataset/validation/de4171fe28b2851d.jpg,https://c6.staticflickr.com/9/8206/8227100467_68467881e4_o.jpg,https://www.flickr.com/photos/prasad-om/8227100467,https://creativecommons.org/licenses/by/2.0/,Prasad Pillai,https://www.flickr.com/people/prasad-om/,Ngorongoro Crater.,Grassland,129128b0f95f9363a3113c169370b1e77f1a5479bdbe1d8e45143029bd68f81e
oi_test_20f0f0c5cb3bcd22,train,hard_negative,20f0f0c5cb3bcd22,test,Open Images Dataset V7,https://storage.googleapis.com/openimages/web/index.html,https://s3.amazonaws.com/open-images-dataset/test/20f0f0c5cb3bcd22.jpg,https://farm3.staticflickr.com/3163/3026265012_3641d9d7b7_o.jpg,https://www.flickr.com/photos/64354928@N00/3026265012,https://creativecommons.org/licenses/by/2.0/,DecafJnR,https://www.flickr.com/people/64354928@N00/,MVC-028S,Meadow|Pasture,51255160d151801fe9159769213b133e8bb47e0891b6952b46987d43f1a7f472
oi_test_289f9e4c23888624,val,hard_negative,289f9e4c23888624,test,Open Images Dataset V7,https://storage.googleapis.com/openimages/web/index.html,https://s3.amazonaws.com/open-images-dataset/test/289f9e4c23888624.jpg,https://farm5.staticflickr.com/85/219130947_6b7bcb94e5_o.jpg,https://www.flickr.com/photos/28683861@N00/219130947/,https://creativecommons.org/licenses/by/2.0/,strikeael,https://www.flickr.com/people/28683861@N00/,Marching band,Grass|Lawn,995015483d9175ec485f1505b076b86acebf385e1bfa4cb509bce9136a5ad47b
oi_train_c8e7c3c5544f2f96,test,hard_negative,c8e7c3c5544f2f96,train,Open Images Dataset V7,https://storage.googleapis.com/openimages/web/index.html,https://s3.amazonaws.com/open-images-dataset/train/c8e7c3c5544f2f96.jpg,https://farm7.staticflickr.com/5105/5702403502_cbc232a0c7_o.jpg,https://www.flickr.com/photos/baligraph/5702403502,https://creativecommons.org/licenses/by/2.0/,baligraph,https://www.flickr.com/people/baligraph/,&quot; I am Jehovah. That is my name&quot; in-crafted-coins,Coin,6990170cf704dba39e5628ff3db0c7b2fc2b63d1877c5f67837008999f31fc88
oi_train_0846c9f3e5d943bd,train,hard_negative,0846c9f3e5d943bd,train,Open Images Dataset V7,https://storage.googleapis.com/openimages/web/index.html,https://s3.amazonaws.com/open-images-dataset/train/0846c9f3e5d943bd.jpg,https://c6.staticflickr.com/9/8315/8003938017_24dc94115a_o.jpg,https://www.flickr.com/photos/jvcamerica/8003938017,https://creativecommons.org/licenses/by/2.0/,JVCAmerica,https://www.flickr.com/people/jvcamerica/,JVC HA-FR6-B,Headphones,ae10dfddca763f6eafdcbda9767ea35fa3959b0586cd78a319899115602a3589
oi_validation_0d9b0db8621044f9,train,hard_negative,0d9b0db8621044f9,validation,Open Images Dataset V7,https://storage.googleapis.com/openimages/web/index.html,https://s3.amazonaws.com/open-images-dataset/validation/0d9b0db8621044f9.jpg,https://c2.staticflickr.com/9/8428/7872013590_56ed4f59c3_o.jpg,https://www.flickr.com/photos/76526364@N06/7872013590,https://creativecommons.org/licenses/by/2.0/,GrahamPics1,https://www.flickr.com/people/76526364@N06/,Cadair Idris,Meadow,e9fd8f6778cc07aaf33b31b65ddb5f037503ed2edbc1de9033c36dc86ba0939f
oi_test_3aa9c33b750e6cb8,train,hard_negative,3aa9c33b750e6cb8,test,Open Images Dataset V7,https://storage.googleapis.com/openimages/web/index.html,https://s3.amazonaws.com/open-images-dataset/test/3aa9c33b750e6cb8.jpg,https://c1.staticflickr.com/5/4119/4773351738_55084557f2_o.jpg,https://www.flickr.com/photos/dayvidday/4773351738,https://creativecommons.org/licenses/by/2.0/,David Day,https://www.flickr.com/people/dayvidday/,DSC_0902,Lawn,df02cd91a30734649b976306f89eeae93e15a5198febca29fdf29f47cdf979fe
oi_train_c520160d2eb45976,val,hard_negative,c520160d2eb45976,train,Open Images Dataset V7,https://storage.googleapis.com/openimages/web/index.html,https://s3.amazonaws.com/open-images-dataset/train/c520160d2eb45976.jpg,https://farm7.staticflickr.com/4023/4212017655_5cdec81044_o.jpg,https://www.flickr.com/photos/blakespot/4212017655,https://creativecommons.org/licenses/by/2.0/,Blake Patterson,https://www.flickr.com/people/blakespot/,Atari SC1224 screen on my Acorn A5000,Computer mouse,3e8af8636afd639182fa5823005045775380cdcc39fec7da4a8ca6ddff16934e
oi_test_54523345d80c19dd,train,hard_negative,54523345d80c19dd,test,Open Images Dataset V7,https://storage.googleapis.com/openimages/web/index.html,https://s3.amazonaws.com/open-images-dataset/test/54523345d80c19dd.jpg,https://c6.staticflickr.com/5/4114/4783210702_a4822cb664_o.jpg,https://www.flickr.com/photos/npj/4783210702,https://creativecommons.org/licenses/by/2.0/,Nick Johnson,https://www.flickr.com/people/npj/,Second Iteration,Lawn,eeb46277abd99a5c6db45815871e19bf98f5b5938848aacc67f312fba6629fb6
oi_validation_890fb7cf89a435ba,test,hard_negative,890fb7cf89a435ba,validation,Open Images Dataset V7,https://storage.googleapis.com/openimages/web/index.html,https://s3.amazonaws.com/open-images-dataset/validation/890fb7cf89a435ba.jpg,https://c3.staticflickr.com/5/4120/4944438535_c4512069c1_o.jpg,https://www.flickr.com/photos/gavinmusic/4944438535,https://creativecommons.org/licenses/by/2.0/,Gavin St. Ours,https://www.flickr.com/people/gavinmusic/,Shadow of the house,Grass|Lawn,6add2d50b2a799e8b83a2253cc5eafee50d724a3234fac98c8b6dccf8b64937c
oi_train_6391357c49dd8312,train,hard_negative,6391357c49dd8312,train,Open Images Dataset V7,https://storage.googleapis.com/openimages/web/index.html,https://s3.amazonaws.com/open-images-dataset/train/6391357c49dd8312.jpg,https://farm3.staticflickr.com/4098/4781848331_5c6f03331f_o.jpg,https://www.flickr.com/photos/juliamoesia/4781848331,https://creativecommons.org/licenses/by/2.0/,Júlia Moésia,https://www.flickr.com/people/juliamoesia/,Untitled,Remote control,eae7edc448ef16338f65b2e5216ccee5f0126581c56ea10359113c8423d72570
oi_test_a7ac7015b1e8efb3,test,hard_negative,a7ac7015b1e8efb3,test,Open Images Dataset V7,https://storage.googleapis.com/openimages/web/index.html,https://s3.amazonaws.com/open-images-dataset/test/a7ac7015b1e8efb3.jpg,https://farm4.staticflickr.com/3915/14408006730_d84eec2696_o.jpg,https://www.flickr.com/photos/brian395/14408006730,https://creativecommons.org/licenses/by/2.0/,Brian Eager,https://www.flickr.com/people/brian395/,DSC02329 (Kopiraj),Grass|Grassland|Meadow|Pasture,addccf7f7a1846c9558fea6464f531b8eb1515f6bdaf7ed7a55fba12252ef7fd
oi_train_53740b1e045b603f,train,hard_negative,53740b1e045b603f,train,Open Images Dataset V7,https://storage.googleapis.com/openimages/web/index.html,https://s3.amazonaws.com/open-images-dataset/train/53740b1e045b603f.jpg,https://c8.staticflickr.com/5/4002/5125601828_c21e6505ee_o.jpg,https://www.flickr.com/photos/lab-sindikatua/5125601828,https://creativecommons.org/licenses/by/2.0/,LAB SINDIKATUA,https://www.flickr.com/people/lab-sindikatua/,2010.10.28 GREBA EGUNA IPARRALDEAN,Plastic bag,83c2d576453cf28e030254b6831c7c9359f44b25f1337351ea535578b50fddf4
oi_train_a67b5f8b7490d3a8,train,hard_negative,a67b5f8b7490d3a8,train,Open Images Dataset V7,https://storage.googleapis.com/openimages/web/index.html,https://s3.amazonaws.com/open-images-dataset/train/a67b5f8b7490d3a8.jpg,https://c1.staticflickr.com/8/7044/7133935763_de3f1591db_o.jpg,https://www.flickr.com/photos/armydre2008/7133935763,https://creativecommons.org/licenses/by/2.0/,frankieleon,https://www.flickr.com/people/armydre2008/,You Don't Understand Me,Common sunflower,e12b57c00786d9d5bd229adc3c95e4ed367feacfee7bb716d9fe1c1a6d7dbc71
oi_test_77de13c44673770b,train,hard_negative,77de13c44673770b,test,Open Images Dataset V7,https://storage.googleapis.com/openimages/web/index.html,https://s3.amazonaws.com/open-images-dataset/test/77de13c44673770b.jpg,https://c4.staticflickr.com/3/2837/13747267895_2cae447263_o.jpg,https://www.flickr.com/photos/london/13747267895,https://creativecommons.org/licenses/by/2.0/,Jon Rawlinson,https://www.flickr.com/people/london/,#mmm #donut #sprinkles haha,Doughnut,42f642564ad1ae9aaa097519b1efae7db808d3015debcaa6f990836f520757e3
oi_train_b4c58604010ca9e0,test,hard_negative,b4c58604010ca9e0,train,Open Images Dataset V7,https://storage.googleapis.com/openimages/web/index.html,https://s3.amazonaws.com/open-images-dataset/train/b4c58604010ca9e0.jpg,https://farm1.staticflickr.com/7453/16379621616_979595d23c_o.jpg,https://www.flickr.com/photos/50398299@N08/16379621616/,https://creativecommons.org/licenses/by/2.0/,Ashley Van Haeften,https://www.flickr.com/people/wikimediacommons/,Eques. Bernardinus LACMA 79.4.398 (1 of 2),Coin,aa3824d1fd1783790f2b2814e67d7020b4be8d2e16a8933685c9d44d09089439
oi_train_7b81cdce831b24d2,train,hard_negative,7b81cdce831b24d2,train,Open Images Dataset V7,https://storage.googleapis.com/openimages/web/index.html,https://s3.amazonaws.com/open-images-dataset/train/7b81cdce831b24d2.jpg,https://farm3.staticflickr.com/3280/2731213000_fcac8d91bb_o.jpg,https://www.flickr.com/photos/neychurluvr/2731213000,https://creativecommons.org/licenses/by/2.0/,{ pranav },https://www.flickr.com/people/neychurluvr/,candle light feeling shy :),Candle,e218513da864c2e3d498dad344f3531ae528a42508a41651a08e9b69200f4637
oi_train_2fb92f16967f779b,train,hard_negative,2fb92f16967f779b,train,Open Images Dataset V7,https://storage.googleapis.com/openimages/web/index.html,https://s3.amazonaws.com/open-images-dataset/train/2fb92f16967f779b.jpg,https://c4.staticflickr.com/8/7287/8926315724_da316d6648_o.jpg,https://www.flickr.com/photos/sebilden/8926315724,https://creativecommons.org/licenses/by/2.0/,David J,https://www.flickr.com/people/sebilden/,Mozza,Headphones,6f13291ee22a3b0182af9efdaf3509d98ad8dce78d7b7b407513c46b05562e86
oi_train_b5b937c7b597509c,test,hard_negative,b5b937c7b597509c,train,Open Images Dataset V7,https://storage.googleapis.com/openimages/web/index.html,https://s3.amazonaws.com/open-images-dataset/train/b5b937c7b597509c.jpg,https://c5.staticflickr.com/9/8455/7926810380_826bb76b7e_o.jpg,https://www.flickr.com/photos/shinyasuzuki/7926810380,https://creativecommons.org/licenses/by/2.0/,Shinya Suzuki,https://www.flickr.com/people/shinyasuzuki/,Agnieszka Radwanska vs Roberta Vinci,Tennis ball,d0f19bcb5794f2ef6391c589bcb5c3bb5f640bf372dafe00686a0feca5a52219
oi_test_1860ca756579258f,test,hard_negative,1860ca756579258f,test,Open Images Dataset V7,https://storage.googleapis.com/openimages/web/index.html,https://s3.amazonaws.com/open-images-dataset/test/1860ca756579258f.jpg,https://c8.staticflickr.com/7/6010/5932867293_b720a942b1_o.jpg,https://www.flickr.com/photos/sandipb/5932867293,https://creativecommons.org/licenses/by/2.0/,Sandip Bhattacharya,https://www.flickr.com/people/sandipb/,P1030677,Pasture,a0657476bc1a472d182acbf3933d8d7c28351f383e708ad7c4d79c505f537d70
oi_test_56647fa915ddf2f3,train,hard_negative,56647fa915ddf2f3,test,Open Images Dataset V7,https://storage.googleapis.com/openimages/web/index.html,https://s3.amazonaws.com/open-images-dataset/test/56647fa915ddf2f3.jpg,https://farm4.staticflickr.com/1075/907738156_f113750f19_o.jpg,https://www.flickr.com/photos/plindberg/907738156,https://creativecommons.org/licenses/by/2.0/,Peter Lindberg,https://www.flickr.com/people/plindberg/,Eg,Egg,2880362d97cc6cd484472ce426fb7f81da557e0992f80d8a3f25a046b605db21
oi_train_07815164363fed60,train,hard_negative,07815164363fed60,train,Open Images Dataset V7,https://storage.googleapis.com/openimages/web/index.html,https://s3.amazonaws.com/open-images-dataset/train/07815164363fed60.jpg,https://farm1.staticflickr.com/2607/4028491295_411fedfa23_o.jpg,https://www.flickr.com/photos/36199303@N04/4028491295,https://creativecommons.org/licenses/by/2.0/,Geoff Penaluna,https://www.flickr.com/people/36199303@N04/,Napoleon coin,Coin,bdd9b0f68337579a2a6cc05f28bce7ff0ced8f37c83f9bdb3425e5d009d1f919
oi_train_b0764f17ba4adf5b,val,hard_negative,b0764f17ba4adf5b,train,Open Images Dataset V7,https://storage.googleapis.com/openimages/web/index.html,https://s3.amazonaws.com/open-images-dataset/train/b0764f17ba4adf5b.jpg,https://c4.staticflickr.com/5/4004/4407467203_4c335dc212_o.jpg,https://www.flickr.com/photos/gpoo/4407467203,https://creativecommons.org/licenses/by/2.0/,Germán Poo-Caamaño,https://www.flickr.com/people/gpoo/,Ciencias empresariales,Plant,21ad6762c51d8bcb8001142153fb92867c78bfdbbd9b06e54f9b9227df8b52ef
oi_train_bbc5969d0a022c03,train,hard_negative,bbc5969d0a022c03,train,Open Images Dataset V7,https://storage.googleapis.com/openimages/web/index.html,https://s3.amazonaws.com/open-images-dataset/train/bbc5969d0a022c03.jpg,https://farm4.staticflickr.com/2086/2270505898_cd01e265f9_o.jpg,https://www.flickr.com/photos/davidht/2270505898,https://creativecommons.org/licenses/by/2.0/,David Hurt,https://www.flickr.com/people/davidht/,Bellsouth billiards,Ball (Object),223a889a236a1d7a75010b9fc0d5964ee00ee20f69949ef475c3749f00d999d1
oi_train_a67bd49146c2a420,train,hard_negative,a67bd49146c2a420,train,Open Images Dataset V7,https://storage.googleapis.com/openimages/web/index.html,https://s3.amazonaws.com/open-images-dataset/train/a67bd49146c2a420.jpg,https://farm1.staticflickr.com/7585/16571697277_16d918f1e9_o.jpg,https://www.flickr.com/photos/61626678@N07/16571697277,https://creativecommons.org/licenses/by/2.0/,Joan Carles Torres,https://www.flickr.com/people/61626678@N07/,"A l'estat espanyol no l'interessa recuperar la memòria històrica ni el patiment de les víctimes del franquisme... no, per l'estat espanyol, la dictadura franquista va ser temps de pau... #FotemElCamp #DUI ja!",Coin,eb3b6f36d48d927e63fda007b854c1a7e4464809c781ffba3635e2280c350a2a
oi_validation_06e011fbb8d24f19,train,hard_negative,06e011fbb8d24f19,validation,Open Images Dataset V7,https://storage.googleapis.com/openimages/web/index.html,https://s3.amazonaws.com/open-images-dataset/validation/06e011fbb8d24f19.jpg,https://c2.staticflickr.com/1/75/201886963_2f8fd92f05_o.jpg,https://www.flickr.com/photos/pascal-blachier/201886963,https://creativecommons.org/licenses/by/2.0/,*pascal*,https://www.flickr.com/people/pascal-blachier/,Cherchez l'intru,Lawn,38b8226bc5606f816cc3fc9c0e54b5f4d0278684988d860771b4bb049fef678f
oi_train_9b914fb851bc65a4,train,hard_negative,9b914fb851bc65a4,train,Open Images Dataset V7,https://storage.googleapis.com/openimages/web/index.html,https://s3.amazonaws.com/open-images-dataset/train/9b914fb851bc65a4.jpg,https://farm5.staticflickr.com/4087/4839418410_2f996bfff0_o.jpg,https://www.flickr.com/photos/leleuzis/4839418410,https://creativecommons.org/licenses/by/2.0/,Lelê Breveglieri,https://www.flickr.com/people/leleuzis/,Comprinha!,Cosmetics,e9c45c6201e6c0848e5b1e59dfeae9f7595824ff7bd97c51df6251d015558ccc
oi_test_01495549e1f4fd2e,train,hard_negative,01495549e1f4fd2e,test,Open Images Dataset V7,https://storage.googleapis.com/openimages/web/index.html,https://s3.amazonaws.com/open-images-dataset/test/01495549e1f4fd2e.jpg,https://c7.staticflickr.com/2/1421/5139689159_4ea9f20bee_o.jpg,https://www.flickr.com/photos/grannieskitchen/5139689159,https://creativecommons.org/licenses/by/2.0/,Grannies Kitchen,https://www.flickr.com/people/grannieskitchen/,Vintage Nu Jersey-Creme Company Soda Syphon / Seltzer Bottle Manufactured by British Syphon Co. Ltd.,Bottle|Soap dispenser,11d54e6aaf93d81cda9903992ace4ddfe8a69a4a9ba036857aec03cf0a645480
oi_test_ff9017811cf1342a,train,hard_negative,ff9017811cf1342a,test,Open Images Dataset V7,https://storage.googleapis.com/openimages/web/index.html,https://s3.amazonaws.com/open-images-dataset/test/ff9017811cf1342a.jpg,https://c3.staticflickr.com/6/5117/14059081467_ce412946c7_o.jpg,https://www.flickr.com/photos/connorjburton/14059081467,https://creativecommons.org/licenses/by/2.0/,Connor Burton,https://www.flickr.com/people/connorjburton/,DSC_0112,Tennis ball,ee4305b5a724c2f8d67b1ca548a068cd771d0cc65b975d3d24d9abd9a695b490
oi_train_0117e9fc6978eddb,train,hard_negative,0117e9fc6978eddb,train,Open Images Dataset V7,https://storage.googleapis.com/openimages/web/index.html,https://s3.amazonaws.com/open-images-dataset/train/0117e9fc6978eddb.jpg,https://c4.staticflickr.com/8/7165/6618889963_050330e5c8_o.jpg,https://www.flickr.com/photos/tamaleaver/6618889963,https://creativecommons.org/licenses/by/2.0/,Tama Leaver,https://www.flickr.com/people/tamaleaver/,Passionfruit!,Orange (fruit),ba0b71855462bb305a1b63d783f621f234197915640f9ed9b01580a61b3198df
oi_train_e79b59a8586f9a02,train,hard_negative,e79b59a8586f9a02,train,Open Images Dataset V7,https://storage.googleapis.com/openimages/web/index.html,https://s3.amazonaws.com/open-images-dataset/train/e79b59a8586f9a02.jpg,https://farm3.staticflickr.com/1225/1295738958_83d2e0c07a_o.jpg,https://www.flickr.com/photos/jefflen/1295738958,https://creativecommons.org/licenses/by/2.0/,Hungju Lu,https://www.flickr.com/people/jefflen/,睡,Computer mouse|Headphones,93a43533a3d7aa32d0398e9cabc45a973a2970a49ee55f2cb30cdf4d7fa94210
oi_test_dda3d338c0b4f334,train,hard_negative,dda3d338c0b4f334,test,Open Images Dataset V7,https://storage.googleapis.com/openimages/web/index.html,https://s3.amazonaws.com/open-images-dataset/test/dda3d338c0b4f334.jpg,https://farm5.staticflickr.com/3575/3565790828_3608772881_o.jpg,https://www.flickr.com/photos/nostri-imago/3565790828,https://creativecommons.org/licenses/by/2.0/,Cliff,https://www.flickr.com/people/nostri-imago/,Barley (Hordeum vulgare),Grassland|Meadow,53e26927391bbc0803a9f004734b0fa3ed64bd799a8a3c7b44be55d7715165c3
oi_test_e9e49a0824c8edf6,train,hard_negative,e9e49a0824c8edf6,test,Open Images Dataset V7,https://storage.googleapis.com/openimages/web/index.html,https://s3.amazonaws.com/open-images-dataset/test/e9e49a0824c8edf6.jpg,https://farm7.staticflickr.com/8395/8627513430_44c00ae57c_o.jpg,https://www.flickr.com/photos/56504847@N06/8627513430,https://creativecommons.org/licenses/by/2.0/,Sylvester S.,https://www.flickr.com/people/56504847@N06/,IMG_022107-Bearbeitet,Plastic bag,4bb42a05f3d90efb932290a128c6665cfa46cb1ef4424770cd0f2943b2d37eb5
oi_validation_2fef5d6ff379638a,train,hard_negative,2fef5d6ff379638a,validation,Open Images Dataset V7,https://storage.googleapis.com/openimages/web/index.html,https://s3.amazonaws.com/open-images-dataset/validation/2fef5d6ff379638a.jpg,https://c3.staticflickr.com/3/2400/2234296491_54f70fcb8e_o.jpg,https://www.flickr.com/photos/mcd/2234296491,https://creativecommons.org/licenses/by/2.0/,McDowell Crook,https://www.flickr.com/people/mcd/,New Hampshire,Grass|Grassland|Meadow,543488b295950b1cbc3fd97e349149110caf04bf32c83aa7d1bb1981c8043ab5
oi_train_4c061ea87669d646,train,hard_negative,4c061ea87669d646,train,Open Images Dataset V7,https://storage.googleapis.com/openimages/web/index.html,https://s3.amazonaws.com/open-images-dataset/train/4c061ea87669d646.jpg,https://farm7.staticflickr.com/4095/4926099294_a8e22f57a3_o.jpg,https://www.flickr.com/photos/bfishadow/4926099294,https://creativecommons.org/licenses/by/2.0/,bfishadow,https://www.flickr.com/people/bfishadow/,Woori Bank,Plant,fca15bce2c942df521bd44635a8916a112789ee89f24d1081b164e41211cf65e
oi_test_c0e238dad14e2833,train,hard_negative,c0e238dad14e2833,test,Open Images Dataset V7,https://storage.googleapis.com/openimages/web/index.html,https://s3.amazonaws.com/open-images-dataset/test/c0e238dad14e2833.jpg,https://farm4.staticflickr.com/5091/5528281858_f9f6f89538_o.jpg,https://www.flickr.com/photos/judemasti/5528281858,https://creativecommons.org/licenses/by/2.0/,smalljude,https://www.flickr.com/people/judemasti/,masked lapwing,Grass,587fac0e183593da842b943af2a482f22a54d0dc19a954f949e35c55364b8e03
oi_test_b702513471f6a112,train,hard_negative,b702513471f6a112,test,Open Images Dataset V7,https://storage.googleapis.com/openimages/web/index.html,https://s3.amazonaws.com/open-images-dataset/test/b702513471f6a112.jpg,https://farm3.staticflickr.com/2444/3621992227_291be0e854_o.jpg,https://www.flickr.com/photos/gordonflood/3621992227,https://creativecommons.org/licenses/by/2.0/,Gordon Flood,https://www.flickr.com/people/gordonflood/,IMG_9593,Grass|Grassland,968dab5275f8bcc5a32ef49ca7c367e1a1ea9b4d1482817a2aa846cb4646cef5
oi_train_64f67445f4f9fd48,train,hard_negative,64f67445f4f9fd48,train,Open Images Dataset V7,https://storage.googleapis.com/openimages/web/index.html,https://s3.amazonaws.com/open-images-dataset/train/64f67445f4f9fd48.jpg,https://c1.staticflickr.com/1/201/454021551_6151a738b9_o.jpg,https://www.flickr.com/photos/wandering_angel/454021551,https://creativecommons.org/licenses/by/2.0/,The Wandering Angel,https://www.flickr.com/people/wandering_angel/,Pagtirikan ng Kandila,Candle,814064d6b7bc6bffaf73a2f5acdd2bb32482bc7eefddbd4504cfa1c43d738d96
oi_train_41aeaf0e23f9ec62,train,hard_negative,41aeaf0e23f9ec62,train,Open Images Dataset V7,https://storage.googleapis.com/openimages/web/index.html,https://s3.amazonaws.com/open-images-dataset/train/41aeaf0e23f9ec62.jpg,https://farm3.staticflickr.com/537/20242838218_852c540212_o.jpg,https://www.flickr.com/photos/whileimautomaton/20242838218,https://creativecommons.org/licenses/by/2.0/,Kana Natsuno,https://www.flickr.com/people/whileimautomaton/,Hometown Dolpa Kyoto 12 — Loots 3,Plastic bag,ed151a333ddfade537aee3e324921fe5f08c3267fc047d82b95f3ae9d2e082db
oi_test_293b13bbacf2cf43,train,hard_negative,293b13bbacf2cf43,test,Open Images Dataset V7,https://storage.googleapis.com/openimages/web/index.html,https://s3.amazonaws.com/open-images-dataset/test/293b13bbacf2cf43.jpg,https://farm4.staticflickr.com/7191/6780952174_b3edce175b_o.jpg,https://www.flickr.com/photos/angryjuliemonday/6780952174,https://creativecommons.org/licenses/by/2.0/,AngryJulieMonday,https://www.flickr.com/people/angryjuliemonday/,This tropical ice tea @thelazydogcafe is sooo good right now!,Orange (fruit),b029bdf7dca7342e9425a388c30c4d6c2d3efdd970b38889fde37531ca87532e
oi_train_f17f274af0b988d1,val,hard_negative,f17f274af0b988d1,train,Open Images Dataset V7,https://storage.googleapis.com/openimages/web/index.html,https://s3.amazonaws.com/open-images-dataset/train/f17f274af0b988d1.jpg,https://farm2.staticflickr.com/2913/14077038221_e9ff701ab0_o.jpg,https://www.flickr.com/photos/claudiolobos/14077038221,https://creativecommons.org/licenses/by/2.0/,Claudio Lobos,https://www.flickr.com/people/claudiolobos/,IMG_9443,Plant,c2b5d71109b5564054f7abb9d4bf3a1c068553ed12fc6ef898a760ce717e2ab6
oi_test_ef0fa91ffeca19a0,train,hard_negative,ef0fa91ffeca19a0,test,Open Images Dataset V7,https://storage.googleapis.com/openimages/web/index.html,https://s3.amazonaws.com/open-images-dataset/test/ef0fa91ffeca19a0.jpg,https://farm1.staticflickr.com/5505/9572149564_24f42dab9a_o.jpg,https://www.flickr.com/photos/29442884@N03/9572149564,https://creativecommons.org/licenses/by/2.0/,Kajsa Hartig,https://www.flickr.com/people/29442884@N03/,"Âne, Pyrenées, Ariège, France.",Meadow|Pasture,3d166a240acd91ac6b7bd219477cf1cfcf34aaa22df3b5ce3655f1f54fd7640a
oi_validation_109856ab36a1f13d,train,hard_negative,109856ab36a1f13d,validation,Open Images Dataset V7,https://storage.googleapis.com/openimages/web/index.html,https://s3.amazonaws.com/open-images-dataset/validation/109856ab36a1f13d.jpg,https://c6.staticflickr.com/4/3205/3128502691_510a25fcaa_o.jpg,https://www.flickr.com/photos/clurr/3128502691,https://creativecommons.org/licenses/by/2.0/,claire rowland,https://www.flickr.com/people/clurr/,DSC_1377.jpg,Candle,b98afe9de73541a7f921b80b4a5b19af9e1e6de92738d12a10a69ee51db90e3c
oi_test_b28a23c49af2ce9f,train,hard_negative,b28a23c49af2ce9f,test,Open Images Dataset V7,https://storage.googleapis.com/openimages/web/index.html,https://s3.amazonaws.com/open-images-dataset/test/b28a23c49af2ce9f.jpg,https://c8.staticflickr.com/2/1243/1426637599_3816525f07_o.jpg,https://www.flickr.com/photos/spiral/1426637599,https://creativecommons.org/licenses/by/2.0/,spiraltri3e,https://www.flickr.com/people/spiral/,"Palolem, Goa, India.",Plant|Tree,3db753bdeab6dfe5fdc3fd38f93337a9c2f216d4cf8db74499eab8ddf8ae58a8
oi_train_4f737cf5b126e2fd,test,hard_negative,4f737cf5b126e2fd,train,Open Images Dataset V7,https://storage.googleapis.com/openimages/web/index.html,https://s3.amazonaws.com/open-images-dataset/train/4f737cf5b126e2fd.jpg,https://c6.staticflickr.com/1/29/63553413_b4e11c26ac_o.jpg,https://www.flickr.com/photos/plasticbag/63553413,https://creativecommons.org/licenses/by/2.0/,Tom Coates,https://www.flickr.com/people/plasticbag/,Where do you get soap?,Soap dispenser,afad4a2db3c533ea49fbe3ac1c089f340ce02ca8f6ae9e3e51cf32d89cd9b368
oi_train_1b035d5bf36b68e6,train,hard_negative,1b035d5bf36b68e6,train,Open Images Dataset V7,https://storage.googleapis.com/openimages/web/index.html,https://s3.amazonaws.com/open-images-dataset/train/1b035d5bf36b68e6.jpg,https://farm7.staticflickr.com/6183/6141001115_a7ee958bbf_o.jpg,https://www.flickr.com/photos/baclark/6141001115,https://creativecommons.org/licenses/by/2.0/,Bruce Clark,https://www.flickr.com/people/baclark/,IMG_1102,Flower|Houseplant|Tree,bc260a2e5fd7e7ad32e132ea47d2c544245f3044d975e78310a1728df05c8aaf
oi_train_3b759e4b3e15ebd7,val,hard_negative,3b759e4b3e15ebd7,train,Open Images Dataset V7,https://storage.googleapis.com/openimages/web/index.html,https://s3.amazonaws.com/open-images-dataset/train/3b759e4b3e15ebd7.jpg,https://farm8.staticflickr.com/528/19442217792_49903da882_o.jpg,https://www.flickr.com/photos/ursonate/19442217792,https://creativecommons.org/licenses/by/2.0/,charlene mcbride,https://www.flickr.com/people/ursonate/,IMAG0034.jpg,Tree,28c6c3800dc394b2a8496897d274427a5a3acbf255637756ee9fc7de5ca88f01
oi_train_989877e87c078064,train,hard_negative,989877e87c078064,train,Open Images Dataset V7,https://storage.googleapis.com/openimages/web/index.html,https://s3.amazonaws.com/open-images-dataset/train/989877e87c078064.jpg,https://farm5.staticflickr.com/5007/5312934587_df3656e086_o.jpg,https://www.flickr.com/photos/apium/5312934587,https://creativecommons.org/licenses/by/2.0/,apium,https://www.flickr.com/people/apium/,dec10 020 cranberries and candles,Candle,9d95d8da468a2289c748f5c542733b5624c3050c059dc8fdc7739bdffac1a135
oi_train_049925b785295d5b,train,hard_negative,049925b785295d5b,train,Open Images Dataset V7,https://storage.googleapis.com/openimages/web/index.html,https://s3.amazonaws.com/open-images-dataset/train/049925b785295d5b.jpg,https://c4.staticflickr.com/3/2312/2165614511_d1246fdea7_o.jpg,https://www.flickr.com/photos/dplanet/2165614511,https://creativecommons.org/licenses/by/2.0/,Dplanet::,https://www.flickr.com/people/dplanet/,Taxi Wars Remix Session_002,Headphones,5dfd0904d6cc8f3341b4bd8bdf23d960aaa77584d799c0d3763a0cc10409e40d
oi_train_307db30a67195351,train,hard_negative,307db30a67195351,train,Open Images Dataset V7,https://storage.googleapis.com/openimages/web/index.html,https://s3.amazonaws.com/open-images-dataset/train/307db30a67195351.jpg,https://farm2.staticflickr.com/3159/3035664744_607a607f41_o.jpg,https://www.flickr.com/photos/lienaa/3035664744,https://creativecommons.org/licenses/by/2.0/,Lienaa,https://www.flickr.com/people/lienaa/,Mandarin,Orange (fruit),ae13c9ef99f8c94c001292767ee8345219913c0695677511e125dcf5b35d7c7d
oi_train_70d4890ac04a702a,train,hard_negative,70d4890ac04a702a,train,Open Images Dataset V7,https://storage.googleapis.com/openimages/web/index.html,https://s3.amazonaws.com/open-images-dataset/train/70d4890ac04a702a.jpg,https://c3.staticflickr.com/4/3150/4555798339_bcb83b28e8_o.jpg,https://www.flickr.com/photos/iphotouploadedit/4555798339,https://creativecommons.org/licenses/by/2.0/,mysonisusingthisaccount,https://www.flickr.com/people/iphotouploadedit/,Apple on the Ground,Apple,9e96fbbd10823ab0949892a83838b58a4c3e368173427a6fc69c6445f8eb9995
oi_test_39328463c34a9a3e,test,hard_negative,39328463c34a9a3e,test,Open Images Dataset V7,https://storage.googleapis.com/openimages/web/index.html,https://s3.amazonaws.com/open-images-dataset/test/39328463c34a9a3e.jpg,https://c7.staticflickr.com/8/7159/6728781569_ef54a85306_o.jpg,https://www.flickr.com/photos/gudlyf/6728781569,https://creativecommons.org/licenses/by/2.0/,Keith McDuffee,https://www.flickr.com/people/gudlyf/,Day 19: Fries,Potato,6ec903874fdcbe5ece1e1fa249539ada193ef504a9569b953d5ce18f997c3e17
oi_validation_9a3d9f8ce483dc00,train,hard_negative,9a3d9f8ce483dc00,validation,Open Images Dataset V7,https://storage.googleapis.com/openimages/web/index.html,https://s3.amazonaws.com/open-images-dataset/validation/9a3d9f8ce483dc00.jpg,https://farm1.staticflickr.com/3845/15019419438_95329f224b_o.jpg,https://www.flickr.com/photos/syuu/15019419438,https://creativecommons.org/licenses/by/2.0/,Takuya ASADA,https://www.flickr.com/people/syuu/,IMGP0327.jpg,Meadow,d8f58ab1af61d738db88448c28c8666f9bde9756e88d7045db33aad562ce9588
oi_train_15e5dbcee8f63d23,train,hard_negative,15e5dbcee8f63d23,train,Open Images Dataset V7,https://storage.googleapis.com/openimages/web/index.html,https://s3.amazonaws.com/open-images-dataset/train/15e5dbcee8f63d23.jpg,https://farm4.staticflickr.com/4015/4570351683_7425516d0e_o.jpg,https://www.flickr.com/photos/raaphorst/4570351683,https://creativecommons.org/licenses/by/2.0/,Marco Raaphorst,https://www.flickr.com/people/raaphorst/,in De Oude Mol,Candle,5585d0e9ee2dfd2db34d0a60ed4885ed12858029273e5005c570fdf3b0fc768d
oi_test_7d3c8cb313214ead,train,hard_negative,7d3c8cb313214ead,test,Open Images Dataset V7,https://storage.googleapis.com/openimages/web/index.html,https://s3.amazonaws.com/open-images-dataset/test/7d3c8cb313214ead.jpg,https://c6.staticflickr.com/9/8219/8304386337_d176d7854a_o.jpg,https://www.flickr.com/photos/mishagl/8304386337,https://creativecommons.org/licenses/by/2.0/,Mike G,https://www.flickr.com/people/mishagl/,Chestnuts,Doughnut,9b170ada7738e71fbbafeb9ec5c6dbb9612b162bc2cfcce5563ef69cab50d1c8
oi_test_73d88e5d21cda91d,train,hard_negative,73d88e5d21cda91d,test,Open Images Dataset V7,https://storage.googleapis.com/openimages/web/index.html,https://s3.amazonaws.com/open-images-dataset/test/73d88e5d21cda91d.jpg,https://c6.staticflickr.com/4/3433/3312111390_0fc092ec3f_o.jpg,https://www.flickr.com/photos/ocparks/3312111390,https://creativecommons.org/licenses/by/2.0/,OCParks_CA,https://www.flickr.com/people/ocparks/,Bermuda Buttercup O'Neill Regional Park,Meadow,78d76e4bc255453c97333738435b5d785e09f30a4af22a652080ac300158cc69
oi_test_e2002cfda45dadc4,train,hard_negative,e2002cfda45dadc4,test,Open Images Dataset V7,https://storage.googleapis.com/openimages/web/index.html,https://s3.amazonaws.com/open-images-dataset/test/e2002cfda45dadc4.jpg,https://farm5.staticflickr.com/5141/5670719304_a21c697829_o.jpg,https://www.flickr.com/photos/mrbl00/5670719304,https://creativecommons.org/licenses/by/2.0/,Alexander Nilsson,https://www.flickr.com/people/mrbl00/,DSC_0175_2011-04-29_17-30-55,Grass|Meadow,936e7b141d0ad3b1354a958c16d2f9eec44ec0ac7128d903499120e7aa699333
oi_train_2013d6feca48fa0d,val,hard_negative,2013d6feca48fa0d,train,Open Images Dataset V7,https://storage.googleapis.com/openimages/web/index.html,https://s3.amazonaws.com/open-images-dataset/train/2013d6feca48fa0d.jpg,https://c6.staticflickr.com/8/7183/6881947596_d95f90a5c4_o.jpg,https://www.flickr.com/photos/39908901@N06/6881947596,https://creativecommons.org/licenses/by/2.0/,m01229,https://www.flickr.com/people/39908901@N06/,Bringing up the rear - True Blue Spa - 2007,Soap dispenser,019b5c6662a0eb3c176c3a2e9f063463cf2598383079f2c8f2c951af8690a68f
oi_train_bea218a77edd3da9,train,hard_negative,bea218a77edd3da9,train,Open Images Dataset V7,https://storage.googleapis.com/openimages/web/index.html,https://s3.amazonaws.com/open-images-dataset/train/bea218a77edd3da9.jpg,https://c2.staticflickr.com/1/33/103368807_cfcd7c08a5_o.jpg,https://www.flickr.com/photos/bigtallguy/103368807,https://creativecommons.org/licenses/by/2.0/,Paul Reynolds,https://www.flickr.com/people/bigtallguy/,Leather on Willow,Cricket ball,194c62cb5cf20d64bcfe998dc5b35aab1f7079da628716552eb8d0f56522b0c5
oi_train_f1a6d6b428ab71ca,test,hard_negative,f1a6d6b428ab71ca,train,Open Images Dataset V7,https://storage.googleapis.com/openimages/web/index.html,https://s3.amazonaws.com/open-images-dataset/train/f1a6d6b428ab71ca.jpg,https://c3.staticflickr.com/1/44/189740680_e2259235d6_o.jpg,https://www.flickr.com/photos/mshades/189740680,https://creativecommons.org/licenses/by/2.0/,Chris Gladis,https://www.flickr.com/people/mshades/,Moso Yama (孟宗山),Lamp,bceb83f4abc09e8bf334c59af6c3fb13914b299db00914e63704dadfaa954eee
oi_train_238bb047f1565e3c,train,hard_negative,238bb047f1565e3c,train,Open Images Dataset V7,https://storage.googleapis.com/openimages/web/index.html,https://s3.amazonaws.com/open-images-dataset/train/238bb047f1565e3c.jpg,https://c5.staticflickr.com/4/3185/2550931681_b3e71a92b5_o.jpg,https://www.flickr.com/photos/southernfoodwaysalliance/2550931681,https://creativecommons.org/licenses/by/2.0/,Southern Foodways Alliance,https://www.flickr.com/people/southernfoodwaysalliance/,pitmaster ed mitchell,Bottle|Plant,d89ea36d52293c12c927bd45d2c4481f32240efea08489c19e07f8935c4c39e2
oi_train_86997c006c3f1d71,train,hard_negative,86997c006c3f1d71,train,Open Images Dataset V7,https://storage.googleapis.com/openimages/web/index.html,https://s3.amazonaws.com/open-images-dataset/train/86997c006c3f1d71.jpg,https://farm2.staticflickr.com/3347/3536129634_c74b11e64a_o.jpg,https://www.flickr.com/photos/arndog/3536129634,https://creativecommons.org/licenses/by/2.0/,Arnold Gatilao,https://www.flickr.com/people/arndog/,Doughnuts,Doughnut,1e7ad12b79f1de526b02afb580d353d2f9fb505a4bf05323d81ed2e0b86a80fc
oi_test_f4eaac815e67091b,train,hard_negative,f4eaac815e67091b,test,Open Images Dataset V7,https://storage.googleapis.com/openimages/web/index.html,https://s3.amazonaws.com/open-images-dataset/test/f4eaac815e67091b.jpg,https://c4.staticflickr.com/7/6117/6335717051_3372af9fc7_o.jpg,https://www.flickr.com/photos/elzey/6335717051,https://creativecommons.org/licenses/by/2.0/,Richard Elzey,https://www.flickr.com/people/elzey/,End of the Trail,Pasture,809eeb8142df4f37fdd88026da56c3f4a01941002d53b11ddde6f39eff5d0dfa
oi_train_8cdf9b78f807fe23,train,hard_negative,8cdf9b78f807fe23,train,Open Images Dataset V7,https://storage.googleapis.com/openimages/web/index.html,https://s3.amazonaws.com/open-images-dataset/train/8cdf9b78f807fe23.jpg,https://farm4.staticflickr.com/3873/15026033058_e010ecd742_o.jpg,https://www.flickr.com/photos/grocerymaniaagain/15026033058,https://creativecommons.org/licenses/by/2.0/,Vintage Canadian Supermarkets and Discount Stores,https://www.flickr.com/people/grocerymaniaagain/,Steinberg's plastic bag for the 80s,Plastic bag,c85a4ba4bbbcfbaf708b69794b4c9a840b8b149555dacd721394c9e798eedc2c
oi_test_38050f3430ee705c,train,hard_negative,38050f3430ee705c,test,Open Images Dataset V7,https://storage.googleapis.com/openimages/web/index.html,https://s3.amazonaws.com/open-images-dataset/test/38050f3430ee705c.jpg,https://c5.staticflickr.com/3/2673/4034868117_4125690a09_o.jpg,https://www.flickr.com/photos/14646075@N03/4034868117,https://creativecommons.org/licenses/by/2.0/,digital cat,https://www.flickr.com/people/14646075@N03/,Saxifraga cotyledon - Schmal-blättricht Nabelkraut,Meadow,d8ea060a121196051d78e53dee1b013555ec89f39a5f345a2e8a8e58386413a2
oi_train_c35c7e43191fe0ea,train,hard_negative,c35c7e43191fe0ea,train,Open Images Dataset V7,https://storage.googleapis.com/openimages/web/index.html,https://s3.amazonaws.com/open-images-dataset/train/c35c7e43191fe0ea.jpg,https://c3.staticflickr.com/2/1020/1433857096_b9c6e9af4c_o.jpg,https://www.flickr.com/photos/crobj/1433857096,https://creativecommons.org/licenses/by/2.0/,Clyde Robinson,https://www.flickr.com/people/crobj/,look at the tea roses wsig,Rose,c5f637862981e23207035138077fd6cf3e4ebe8c36b8997285c2231405ebf023
oi_test_cab848d1ebd8a0c7,train,hard_negative,cab848d1ebd8a0c7,test,Open Images Dataset V7,https://storage.googleapis.com/openimages/web/index.html,https://s3.amazonaws.com/open-images-dataset/test/cab848d1ebd8a0c7.jpg,https://farm8.staticflickr.com/7465/15113320353_ac4c83b9c5_o.jpg,https://www.flickr.com/photos/39718079@N00/15113320353,https://creativecommons.org/licenses/by/2.0/,David Blaine,https://www.flickr.com/people/39718079@N00/,Untitled,Potato,5e9237f56b9b5c209ce1f54b350f5fb4b323487c4b1da4d7e3bc1eec66450f34
oi_train_727f6a2497619ff9,train,hard_negative,727f6a2497619ff9,train,Open Images Dataset V7,https://storage.googleapis.com/openimages/web/index.html,https://s3.amazonaws.com/open-images-dataset/train/727f6a2497619ff9.jpg,https://c2.staticflickr.com/8/7163/6556231981_c4cb27fdb1_o.jpg,https://www.flickr.com/photos/z0/6556231981,https://creativecommons.org/licenses/by/2.0/,Aranami,https://www.flickr.com/people/z0/,Tagg - The Pet Tracker (docking station rear),Computer mouse,155eb81d438df65fb875c4f9693103321a5e1cf4e21a21a06b6cd0592278963c
oi_test_e568b5df8eac5650,train,hard_negative,e568b5df8eac5650,test,Open Images Dataset V7,https://storage.googleapis.com/openimages/web/index.html,https://s3.amazonaws.com/open-images-dataset/test/e568b5df8eac5650.jpg,https://farm1.staticflickr.com/6140/5983176633_700f1a742d_o.jpg,https://www.flickr.com/photos/jpetitseigneur/5983176633/,https://creativecommons.org/licenses/by/2.0/,lecucurbitacee,https://www.flickr.com/people/jpetitseigneur/,[359] - Elevage de chèvre,Pasture,0e19cd676bb433d50df758139f4cb4b1e9fcb7e3d05d9ba3f6ec64e3efd1bebe
oi_train_1e6a61b6fcad32df,test,hard_negative,1e6a61b6fcad32df,train,Open Images Dataset V7,https://storage.googleapis.com/openimages/web/index.html,https://s3.amazonaws.com/open-images-dataset/train/1e6a61b6fcad32df.jpg,https://c8.staticflickr.com/3/2943/15408685651_247d9eb143_o.jpg,https://www.flickr.com/photos/craftscotland/15408685651,https://creativecommons.org/licenses/by/2.0/,Craft Scotland,https://www.flickr.com/people/craftscotland/,The Craft Scotland Conference 2014,Soap dispenser,ce11f42602b9826b27d13d28c78b0e43d99f521c10bca51ea9731eb61026689c
oi_train_ff8ac28dbdbdb760,test,hard_negative,ff8ac28dbdbdb760,train,Open Images Dataset V7,https://storage.googleapis.com/openimages/web/index.html,https://s3.amazonaws.com/open-images-dataset/train/ff8ac28dbdbdb760.jpg,https://farm1.staticflickr.com/7682/16543300284_e200f86566_o.jpg,https://www.flickr.com/photos/duncanh1/16543300284,https://creativecommons.org/licenses/by/2.0/,DncnH,https://www.flickr.com/people/duncanh1/,Cricket at Lord's,Cricket ball,ee44fcedc458e0d7a06447e6a89e76225819408324d407c029927e93db9bdca5
oi_train_f49291511e12bbe2,train,hard_negative,f49291511e12bbe2,train,Open Images Dataset V7,https://storage.googleapis.com/openimages/web/index.html,https://s3.amazonaws.com/open-images-dataset/train/f49291511e12bbe2.jpg,https://farm3.staticflickr.com/5298/5480446873_c049eb2421_o.jpg,https://www.flickr.com/photos/drtran/5480446873,https://creativecommons.org/licenses/by/2.0/,Al Pavangkanan,https://www.flickr.com/people/drtran/,Science experiment,Remote control,fcba1c9b056906e905da3b8ed715a171852faa431d4c12af2c266eecda09f20c
oi_train_18070fd95a700334,test,hard_negative,18070fd95a700334,train,Open Images Dataset V7,https://storage.googleapis.com/openimages/web/index.html,https://s3.amazonaws.com/open-images-dataset/train/18070fd95a700334.jpg,https://farm5.staticflickr.com/5124/5731129003_baf75267b1_o.jpg,https://www.flickr.com/photos/fungi-nis/5731129003,https://creativecommons.org/licenses/by/2.0/,GLJIVARSKO DRUSTVO NIS,https://www.flickr.com/people/fungi-nis/,HYGROPHORUS MARZUOLUS (F.:Fr.)Bresadola,Mushroom,95e6d52dc093755ebb07e5881cdc2f957d97fa1a55d886f57a6f47200e9f4fdb
oi_test_d4db9b3f5a13ed5e,val,hard_negative,d4db9b3f5a13ed5e,test,Open Images Dataset V7,https://storage.googleapis.com/openimages/web/index.html,https://s3.amazonaws.com/open-images-dataset/test/d4db9b3f5a13ed5e.jpg,https://c7.staticflickr.com/4/3221/2859469894_f5f6c96911_o.jpg,https://www.flickr.com/photos/alexmartin81/2859469894,https://creativecommons.org/licenses/by/2.0/,Alex Liivet,https://www.flickr.com/people/alexmartin81/,Boscombe Gardens,Grass|Lawn,b17d0dffeb0ff286f0da63cd88417efd9fc2452e526e0db976a274e8e1f84007
oi_train_88a5bdc4d5d9db2c,test,hard_negative,88a5bdc4d5d9db2c,train,Open Images Dataset V7,https://storage.googleapis.com/openimages/web/index.html,https://s3.amazonaws.com/open-images-dataset/train/88a5bdc4d5d9db2c.jpg,https://c5.staticflickr.com/4/3457/3977129666_d82ab6e745_o.jpg,https://www.flickr.com/photos/pagedooley/3977129666,https://creativecommons.org/licenses/by/2.0/,Kevin Dooley,https://www.flickr.com/people/pagedooley/,Son of Dracula,Apple,98bf9d6162867b2cad1dd2f1f0d4816238a8ced8ecded661aeac0c00ae0ca885
oi_train_a7703d5cca112235,train,hard_negative,a7703d5cca112235,train,Open Images Dataset V7,https://storage.googleapis.com/openimages/web/index.html,https://s3.amazonaws.com/open-images-dataset/train/a7703d5cca112235.jpg,https://farm6.staticflickr.com/8112/8616218677_49e87c1d02_o.jpg,https://www.flickr.com/photos/egoant/8616218677,https://creativecommons.org/licenses/by/2.0/,Aaron,https://www.flickr.com/people/egoant/,A big bag of loot for the Ransack dungeon,Coin,1673f967521bfc96fa63a644f3a6dbbf77d45897cb7e7bb210ebfd19b8d3ef36
oi_train_6ebe85841a953e00,train,hard_negative,6ebe85841a953e00,train,Open Images Dataset V7,https://storage.googleapis.com/openimages/web/index.html,https://s3.amazonaws.com/open-images-dataset/train/6ebe85841a953e00.jpg,https://farm1.staticflickr.com/4094/4789475190_e791c92d3e_o.jpg,https://www.flickr.com/photos/mike_nelson/4789475190,https://creativecommons.org/licenses/by/2.0/,Mike Nelson,https://www.flickr.com/people/mike_nelson/,Day 38: Emo Rocker,Headphones,bc57c3986cf2e86243a5940a2859ed3a7b6ea89096ff180562459207cbc0ce7c
oi_test_fb95b3f8cf29b596,train,hard_negative,fb95b3f8cf29b596,test,Open Images Dataset V7,https://storage.googleapis.com/openimages/web/index.html,https://s3.amazonaws.com/open-images-dataset/test/fb95b3f8cf29b596.jpg,https://farm7.staticflickr.com/2142/2048437745_7271d5aad2_o.jpg,https://www.flickr.com/photos/jeffpearce/2048437745,https://creativecommons.org/licenses/by/2.0/,Jeff Pearce,https://www.flickr.com/people/jeffpearce/,IMG_6962,Ball (Object)|Plant,ef0b333ddd7466c5ef74f3cab8ad77f2b5f72065d16093048695b55c069bfdbb
oi_test_8e62e0a43569ffe1,train,hard_negative,8e62e0a43569ffe1,test,Open Images Dataset V7,https://storage.googleapis.com/openimages/web/index.html,https://s3.amazonaws.com/open-images-dataset/test/8e62e0a43569ffe1.jpg,https://farm2.staticflickr.com/2528/3686484594_30e9c5f98a_o.jpg,https://www.flickr.com/photos/bobistraveling/3686484594/,https://creativecommons.org/licenses/by/2.0/,bobistraveling,https://www.flickr.com/people/bobistraveling/,Marsh land Mattamuskeet Wildlife Refuge NC 0545,Grass|Grassland|Meadow,b5ec9112b5e22a534383b186fedc9cf9d708838708f55e0174899b19959a7acc
oi_train_9d0195b6e1858c1a,train,hard_negative,9d0195b6e1858c1a,train,Open Images Dataset V7,https://storage.googleapis.com/openimages/web/index.html,https://s3.amazonaws.com/open-images-dataset/train/9d0195b6e1858c1a.jpg,https://c3.staticflickr.com/1/45/188526419_44133618a0_o.jpg,https://www.flickr.com/photos/cambodia4kidsorg/188526419,https://creativecommons.org/licenses/by/2.0/,Cambodia4kids.org Beth Kanter,https://www.flickr.com/people/cambodia4kidsorg/,Photo by JL,Flower|Tree,1181aee993725f1bd203d99c00ed5fce773a134b3dd8ad44589894a3356397f2
oi_train_292292a86ffea987,train,hard_negative,292292a86ffea987,train,Open Images Dataset V7,https://storage.googleapis.com/openimages/web/index.html,https://s3.amazonaws.com/open-images-dataset/train/292292a86ffea987.jpg,https://farm8.staticflickr.com/7473/15894340699_a27fd12e8f_o.jpg,https://www.flickr.com/photos/variationblogr/15894340699,https://creativecommons.org/licenses/by/2.0/,Travis,https://www.flickr.com/people/variationblogr/,長谷寺_36,Tree,88ce5509e4c13b6fb24ba091c5a5d230dbe9f721a7b57b4e3d02c2257d30eac2
oi_train_07b413d65226a56f,train,hard_negative,07b413d65226a56f,train,Open Images Dataset V7,https://storage.googleapis.com/openimages/web/index.html,https://s3.amazonaws.com/open-images-dataset/train/07b413d65226a56f.jpg,https://c8.staticflickr.com/8/7346/16414220049_007f084055_o.jpg,https://www.flickr.com/photos/swampa/16414220049,https://creativecommons.org/licenses/by/2.0/,Steve Collis,https://www.flickr.com/people/swampa/,Foster,Cricket ball,d9b2fe7def34afa67c83412523fb732b7942cbf0bf00448a72153e584a5a4a21
oi_validation_fa6800d1eb440c5c,test,hard_negative,fa6800d1eb440c5c,validation,Open Images Dataset V7,https://storage.googleapis.com/openimages/web/index.html,https://s3.amazonaws.com/open-images-dataset/validation/fa6800d1eb440c5c.jpg,https://c5.staticflickr.com/4/3484/3793228088_fce374f2f8_o.jpg,https://www.flickr.com/photos/hikingsantamaria/3793228088,https://creativecommons.org/licenses/by/2.0/,CLUBE TREKKING SANTA MARIA RS BRASIL,https://www.flickr.com/people/hikingsantamaria/,protetoravon,Cosmetics,dafe3a8bca870340fcbfae98ec99ae8689a3ad3e162f23a30493caf4cf165a73
oi_train_cb748cd5026be3aa,train,hard_negative,cb748cd5026be3aa,train,Open Images Dataset V7,https://storage.googleapis.com/openimages/web/index.html,https://s3.amazonaws.com/open-images-dataset/train/cb748cd5026be3aa.jpg,https://c3.staticflickr.com/4/3042/2995877165_c936376656_o.jpg,https://www.flickr.com/photos/galant/2995877165/,https://creativecommons.org/licenses/by/2.0/,thebittenword.com,https://www.flickr.com/people/galant/,Clagett Farm CSA 2008 Week 18,Potato,499c458196bb5cde9c04fe5007d35a3de152b0859ef6f7a4ebdadca3d34eaf82
oi_train_e1b9a6ab8b50b858,train,hard_negative,e1b9a6ab8b50b858,train,Open Images Dataset V7,https://storage.googleapis.com/openimages/web/index.html,https://s3.amazonaws.com/open-images-dataset/train/e1b9a6ab8b50b858.jpg,https://c1.staticflickr.com/5/4014/4488353827_d7d26babcd_o.jpg,https://www.flickr.com/photos/cavenagh/4488353827,https://creativecommons.org/licenses/by/2.0/,Sam Cavenagh,https://www.flickr.com/people/cavenagh/,Hawthorn Brewing Co - Premium Pale Ale,Bottle,23acae17e9ee5f45f44276a69137f109760ba6ae5e65edf0568aa4c6d19b933a
oi_test_62515d5b07f24bb3,train,hard_negative,62515d5b07f24bb3,test,Open Images Dataset V7,https://storage.googleapis.com/openimages/web/index.html,https://s3.amazonaws.com/open-images-dataset/test/62515d5b07f24bb3.jpg,https://farm4.staticflickr.com/2798/4114458733_c083809e96_o.jpg,https://www.flickr.com/photos/44741695@N05/4114458733/,https://creativecommons.org/licenses/by/2.0/,Ursula Donner,https://www.flickr.com/people/44741695@N05/,Der Teich,Grass|Grassland|Meadow|Pasture,d58c278d19a31771191c7ca6d52271c29287f16591ce49426a8f165337770824
oi_train_745380525701b0c7,train,hard_negative,745380525701b0c7,train,Open Images Dataset V7,https://storage.googleapis.com/openimages/web/index.html,https://s3.amazonaws.com/open-images-dataset/train/745380525701b0c7.jpg,https://farm8.staticflickr.com/124/361451000_b829533bda_o.jpg,https://www.flickr.com/photos/mihalorel/361451000,https://creativecommons.org/licenses/by/2.0/,Михал Орела,https://www.flickr.com/people/mihalorel/,ябълка,Apple,7816433ff6a5159669c6c266f68df9ef62a897247039a8430e85b2528fcc57d1
oi_train_fa2ef2820d7bcfe4,train,hard_negative,fa2ef2820d7bcfe4,train,Open Images Dataset V7,https://storage.googleapis.com/openimages/web/index.html,https://s3.amazonaws.com/open-images-dataset/train/fa2ef2820d7bcfe4.jpg,https://farm5.staticflickr.com/44/154301435_7fee609b44_o.jpg,https://www.flickr.com/photos/soham_pablo/154301435,https://creativecommons.org/licenses/by/2.0/,Soham Banerjee,https://www.flickr.com/people/soham_pablo/,Narrow Gali,Houseplant,a23a41eff325262cb62c4416e81fa5a20a141ac69a82ae60a99f1717e39490fb
oi_test_a2bc25bd4d4145b9,val,hard_negative,a2bc25bd4d4145b9,test,Open Images Dataset V7,https://storage.googleapis.com/openimages/web/index.html,https://s3.amazonaws.com/open-images-dataset/test/a2bc25bd4d4145b9.jpg,https://c2.staticflickr.com/1/284/19539657631_590db16e12_o.jpg,https://www.flickr.com/photos/119453863@N02/19539657631,https://creativecommons.org/licenses/by/2.0/,Kevin Gibbons,https://www.flickr.com/people/kevinmgibbons/,papoli-10,Grass|Meadow|Pasture,70a775ec22b3b348f40da601dfdbdd2f5b5e34166988221aa728db2c119ae97c
oi_train_7cad0697599e2bda,train,hard_negative,7cad0697599e2bda,train,Open Images Dataset V7,https://storage.googleapis.com/openimages/web/index.html,https://s3.amazonaws.com/open-images-dataset/train/7cad0697599e2bda.jpg,https://c3.staticflickr.com/3/2691/4489551445_967fc794ce_o.jpg,https://www.flickr.com/photos/brendan-c/4489551445,https://creativecommons.org/licenses/by/2.0/,Brendan C,https://www.flickr.com/people/brendan-c/,Easter Egg Hiding Spot,Egg|Plant,92d3d2e50a431086dee9e8dfe79eab0979d8c8f74d56c2e20eef1392b0d03c46
oi_train_051dbb7af903fbba,test,hard_negative,051dbb7af903fbba,train,Open Images Dataset V7,https://storage.googleapis.com/openimages/web/index.html,https://s3.amazonaws.com/open-images-dataset/train/051dbb7af903fbba.jpg,https://c3.staticflickr.com/4/3781/12866931843_dfeeb34605_o.jpg,https://www.flickr.com/photos/12629657@N08/12866931843,https://creativecommons.org/licenses/by/2.0/,Chuck Lynd,https://www.flickr.com/people/12629657@N08/,IMAG0001,Mushroom,e365e62eda84127aa593a87006205b2a89ff28ddea7b2c81e94de784de8ba506
oi_train_a621b8f934b1a0fe,train,hard_negative,a621b8f934b1a0fe,train,Open Images Dataset V7,https://storage.googleapis.com/openimages/web/index.html,https://s3.amazonaws.com/open-images-dataset/train/a621b8f934b1a0fe.jpg,https://c7.staticflickr.com/4/3129/2790519948_d91e97783c_o.jpg,https://www.flickr.com/photos/sandipb/2790519948,https://creativecommons.org/licenses/by/2.0/,Sandip Bhattacharya,https://www.flickr.com/people/sandipb/,IMG_8963,Candle,c9746f46550a1c05a740db120240e56958e0a7dc2026ff0fcd5dcb5121dc9a4b
oi_train_322c4770e69d7cc5,train,hard_negative,322c4770e69d7cc5,train,Open Images Dataset V7,https://storage.googleapis.com/openimages/web/index.html,https://s3.amazonaws.com/open-images-dataset/train/322c4770e69d7cc5.jpg,https://farm6.staticflickr.com/1271/1310462532_02a6404ca5_o.jpg,https://www.flickr.com/photos/zack-attack/1310462532,https://creativecommons.org/licenses/by/2.0/,zack Mccarthy,https://www.flickr.com/people/zack-attack/,tetherball,Ball (Object),7345a5237a235f7dd29f7d4809440043ec6a5f65bf6bb41752214da8756fec25
oi_train_efcc369a3ec35478,val,hard_negative,efcc369a3ec35478,train,Open Images Dataset V7,https://storage.googleapis.com/openimages/web/index.html,https://s3.amazonaws.com/open-images-dataset/train/efcc369a3ec35478.jpg,https://c1.staticflickr.com/1/131/324307457_7250803f44_o.jpg,https://www.flickr.com/photos/shoshanah/324307457,https://creativecommons.org/licenses/by/2.0/,Shoshanah,https://www.flickr.com/people/shoshanah/,And just the menorah,Candle,0ff668b6b4b5c738fe21911cebb66976d17b2d2e4a742a7470a6392e9b780b93
oi_train_50fbcc86523f446e,train,hard_negative,50fbcc86523f446e,train,Open Images Dataset V7,https://storage.googleapis.com/openimages/web/index.html,https://s3.amazonaws.com/open-images-dataset/train/50fbcc86523f446e.jpg,https://c7.staticflickr.com/9/8449/8053680519_5c37e63455_o.jpg,https://www.flickr.com/photos/sebilden/8053680519,https://creativecommons.org/licenses/by/2.0/,David J,https://www.flickr.com/people/sebilden/,Untitled,Headphones,f284d28b2b75b69cb6a92726f93000be396331a5de00dbced5ec8a480721bdaf
oi_train_17b085e41c4747f2,test,hard_negative,17b085e41c4747f2,train,Open Images Dataset V7,https://storage.googleapis.com/openimages/web/index.html,https://s3.amazonaws.com/open-images-dataset/train/17b085e41c4747f2.jpg,https://farm3.staticflickr.com/4107/5191695903_d04cb3be03_o.jpg,https://www.flickr.com/photos/mollenborg/5191695903,https://creativecommons.org/licenses/by/2.0/,Kristian Mollenborg,https://www.flickr.com/people/mollenborg/,Indendørs fodbold,Ball (Object),b65a7d0d17ced7b33d8ad0cf2ba4b87b91e03eb811609e051878a06f835a0cf0
oi_validation_55311cf721c5f2e6,train,hard_negative,55311cf721c5f2e6,validation,Open Images Dataset V7,https://storage.googleapis.com/openimages/web/index.html,https://s3.amazonaws.com/open-images-dataset/validation/55311cf721c5f2e6.jpg,https://farm7.staticflickr.com/5272/7381584308_9f446af9c8_o.jpg,https://www.flickr.com/photos/harlequeen/7381584308,https://creativecommons.org/licenses/by/2.0/,Neil McIntosh,https://www.flickr.com/people/harlequeen/,Sleepy goats,Pasture,b5eb4ef806d5a59096fe10bdff063b5c2e14f886e2194717b6611951f960ae33
oi_test_a2039fa9d012146a,train,hard_negative,a2039fa9d012146a,test,Open Images Dataset V7,https://storage.googleapis.com/openimages/web/index.html,https://s3.amazonaws.com/open-images-dataset/test/a2039fa9d012146a.jpg,https://c3.staticflickr.com/6/5070/5769709795_1068f9b885_o.jpg,https://www.flickr.com/photos/brad_holt/5769709795,https://creativecommons.org/licenses/by/2.0/,Brad Holt,https://www.flickr.com/people/brad_holt/,"Grant's First Birthday Party! 24 May 2011.  It was a camping theme, if that's not obvious. ;-)  The guys are trying VERY hard to put that little car together!  it was a hit once they did though!",Ball (Object),4d04da4b042393de335a9ea69426b089dfe9709f7207ec6768b35dde1f0c4d00
oi_train_02ef95d1f8e547e2,train,hard_negative,02ef95d1f8e547e2,train,Open Images Dataset V7,https://storage.googleapis.com/openimages/web/index.html,https://s3.amazonaws.com/open-images-dataset/train/02ef95d1f8e547e2.jpg,https://farm3.staticflickr.com/154/355846540_48533775d3_o.jpg,https://www.flickr.com/photos/junglejims/355846540,https://creativecommons.org/licenses/by/2.0/,Jungle Jim&#x27;s International Market,https://www.flickr.com/people/junglejims/,GMA LIVE at Jungle Jim's 0455,Plastic bag,8c2b1847ee57653dd170c521320848ec820b5d4a062d7c297475d60a3f815f73
oi_train_3a8bd02dc6294dd4,train,hard_negative,3a8bd02dc6294dd4,train,Open Images Dataset V7,https://storage.googleapis.com/openimages/web/index.html,https://s3.amazonaws.com/open-images-dataset/train/3a8bd02dc6294dd4.jpg,https://farm5.staticflickr.com/3697/11734164904_8df512b71f_o.jpg,https://www.flickr.com/photos/wwarby/11734164904,https://creativecommons.org/licenses/by/2.0/,William Warby,https://www.flickr.com/people/wwarby/,Tasty Treat,Coin,1292529c5b253250352412fc8adcd70e88fa1e3b206656f7567b52a2221fef1d
oi_train_626c7a1d2d54a061,train,hard_negative,626c7a1d2d54a061,train,Open Images Dataset V7,https://storage.googleapis.com/openimages/web/index.html,https://s3.amazonaws.com/open-images-dataset/train/626c7a1d2d54a061.jpg,https://farm2.staticflickr.com/184/383641909_cf85a741e8_o.jpg,https://www.flickr.com/photos/hvassaleiti/383641909,https://creativecommons.org/licenses/by/2.0/,Jökull Auðunsson,https://www.flickr.com/people/hvassaleiti/,Making Turkish meatballs with tomatoe sauce,Paper towel,685feb2b1334e9422bc2a7a9d4c69bf826d2417bb20fb6830f45095b03fc3d7e
oi_validation_2744bcd8bb93c182,train,hard_negative,2744bcd8bb93c182,validation,Open Images Dataset V7,https://storage.googleapis.com/openimages/web/index.html,https://s3.amazonaws.com/open-images-dataset/validation/2744bcd8bb93c182.jpg,https://farm3.staticflickr.com/4/4301537_14df8120b2_o.jpg,https://www.flickr.com/photos/crystalina/4301537,https://creativecommons.org/licenses/by/2.0/,~crystalina~,https://www.flickr.com/people/crystalina/,Worn to shreds,Grass,1837d656874e6461aff20071dd303e9e40a28715ce0623037df6a0dc91696c62
oi_train_2041e1cf4ff140be,test,hard_negative,2041e1cf4ff140be,train,Open Images Dataset V7,https://storage.googleapis.com/openimages/web/index.html,https://s3.amazonaws.com/open-images-dataset/train/2041e1cf4ff140be.jpg,https://c7.staticflickr.com/8/7453/10229453223_6eca677c8c_o.jpg,https://www.flickr.com/photos/librariesrock/10229453223,https://creativecommons.org/licenses/by/2.0/,Carol VanHook,https://www.flickr.com/people/librariesrock/,Mellow Yellow,Candle,e14ce8b8e4b903649b9925eac25a158a7f83167dd1eaca575178cafc5badb8d9
oi_train_b25f9f14482e473d,val,hard_negative,b25f9f14482e473d,train,Open Images Dataset V7,https://storage.googleapis.com/openimages/web/index.html,https://s3.amazonaws.com/open-images-dataset/train/b25f9f14482e473d.jpg,https://c6.staticflickr.com/9/8347/8166310284_d6fac87686_o.jpg,https://www.flickr.com/photos/senjaopettaa/8166310284,https://creativecommons.org/licenses/by/2.0/,Senja Opettaa,https://www.flickr.com/people/senjaopettaa/,Tohtori ja professori kannattavat mokailua ja yhteisöllisyyttä,Houseplant,52bf37010b5fb1a3e40bcaea56dc7cde34f1ab60a5d5976046dee67db1b959e8
oi_train_8756ed6b7023e749,test,hard_negative,8756ed6b7023e749,train,Open Images Dataset V7,https://storage.googleapis.com/openimages/web/index.html,https://s3.amazonaws.com/open-images-dataset/train/8756ed6b7023e749.jpg,https://c2.staticflickr.com/5/4016/4429528424_ecc4965483_o.jpg,https://www.flickr.com/photos/54031665@N00/4429528424,https://creativecommons.org/licenses/by/2.0/,Gislane Lima,https://www.flickr.com/people/54031665@N00/,lavabo,Soap dispenser,6e7ffc8106f25f77d8abcb98beff6a208042fdf45954048921642e0965fc899e
oi_test_fa6c50a7b42d7125,train,hard_negative,fa6c50a7b42d7125,test,Open Images Dataset V7,https://storage.googleapis.com/openimages/web/index.html,https://s3.amazonaws.com/open-images-dataset/test/fa6c50a7b42d7125.jpg,https://farm6.staticflickr.com/60/179681243_3ede9065eb_o.jpg,https://www.flickr.com/photos/shadid/179681243,https://creativecommons.org/licenses/by/2.0/,Salim Shadid,https://www.flickr.com/people/shadid/,France Brazil,Grass|Grassland|Lawn,6e3c720e31ec9123f4e220327d54405761b831c7cddaf587f34212734aa0218a
oi_train_771ff9dc1e88f81a,train,hard_negative,771ff9dc1e88f81a,train,Open Images Dataset V7,https://storage.googleapis.com/openimages/web/index.html,https://s3.amazonaws.com/open-images-dataset/train/771ff9dc1e88f81a.jpg,https://c3.staticflickr.com/8/7021/6671142677_c93cac69ce_o.jpg,https://www.flickr.com/photos/flippoker/6671142677,https://creativecommons.org/licenses/by/2.0/,Edwin Torres,https://www.flickr.com/people/flippoker/,Single tennis ball,Tennis ball,4958f7f0ed407d4f41d1ea35db83e59f4f40ed9685ec2beb555a5be562e10de7
oi_train_ee400ff58efb09d7,train,hard_negative,ee400ff58efb09d7,train,Open Images Dataset V7,https://storage.googleapis.com/openimages/web/index.html,https://s3.amazonaws.com/open-images-dataset/train/ee400ff58efb09d7.jpg,https://farm8.staticflickr.com/4019/4283726700_259da7b4fe_o.jpg,https://www.flickr.com/photos/gcfairch/4283726700,https://creativecommons.org/licenses/by/2.0/,Geoffrey Fairchild,https://www.flickr.com/people/gcfairch/,IMG_5351,Lamp,49121c5f9a891c0c1b631a29b7801bc8937e3c62f05877efd2ee05e0e08b7d33
oi_test_4ccc214b0a558778,train,hard_negative,4ccc214b0a558778,test,Open Images Dataset V7,https://storage.googleapis.com/openimages/web/index.html,https://s3.amazonaws.com/open-images-dataset/test/4ccc214b0a558778.jpg,https://c1.staticflickr.com/1/139/407015030_bf07a65c4f_o.jpg,https://www.flickr.com/photos/alxkueyar/407015030,https://creativecommons.org/licenses/by/2.0/,Alejandro Cuellar,https://www.flickr.com/people/alxkueyar/,DSCF6009,Rose,7035f3b6381b6dac7dce148814ab19c477ecbda32bb9f244e5e27bc415d22941
oi_train_c983c54b64b75772,train,hard_negative,c983c54b64b75772,train,Open Images Dataset V7,https://storage.googleapis.com/openimages/web/index.html,https://s3.amazonaws.com/open-images-dataset/train/c983c54b64b75772.jpg,https://farm3.staticflickr.com/3149/3092976831_bfc10be4b2_o.jpg,https://www.flickr.com/photos/14646075@N03/3092976831,https://creativecommons.org/licenses/by/2.0/,digital cat,https://www.flickr.com/people/14646075@N03/,Neues Schloss Herrenchiemsee,Tree,fb9122e542cfb5b64ead520bd8ae4ad0c08b5230f59b3b63b45e76c8dffee673
oi_train_51516fef7a5fbf59,train,hard_negative,51516fef7a5fbf59,train,Open Images Dataset V7,https://storage.googleapis.com/openimages/web/index.html,https://s3.amazonaws.com/open-images-dataset/train/51516fef7a5fbf59.jpg,https://c2.staticflickr.com/8/7359/12657931443_847068fef0_o.jpg,https://www.flickr.com/photos/andrewcavell/12657931443/,https://creativecommons.org/licenses/by/2.0/,Andrew Cavell,https://www.flickr.com/people/andrewcavell/,Untitled,Lamp,50e7c4815296a856c3c918683391dabcfe5a66adf1d33c06994f7c9047719abc
oi_train_281bab64256c05a8,test,hard_negative,281bab64256c05a8,train,Open Images Dataset V7,https://storage.googleapis.com/openimages/web/index.html,https://s3.amazonaws.com/open-images-dataset/train/281bab64256c05a8.jpg,https://c1.staticflickr.com/3/2865/12101751005_0ee9ec60b6_o.jpg,https://www.flickr.com/photos/99781513@N04/12101751005,https://creativecommons.org/licenses/by/2.0/,Scott Lewis,https://www.flickr.com/people/99781513@N04/,Creepalmofhandbulb,Light bulb,2e0b9870c6dbf1098b14776a4d59796a934840fb10dda8d4876a89a3fe0a88ab
oi_test_c61f166a5addf169,test,hard_negative,c61f166a5addf169,test,Open Images Dataset V7,https://storage.googleapis.com/openimages/web/index.html,https://s3.amazonaws.com/open-images-dataset/test/c61f166a5addf169.jpg,https://c2.staticflickr.com/6/5044/5219291287_f95814039a_o.jpg,https://www.flickr.com/photos/theodorescott/5219291287,https://creativecommons.org/licenses/by/2.0/,Theodore Scott,https://www.flickr.com/people/theodorescott/,Iowa Wind Turbines,Grassland,d715fad4604e3693c375a52e4421a0a4f0c1c5d0598338980b495b5266fdfe91
oi_validation_74e3108201e0048f,train,hard_negative,74e3108201e0048f,validation,Open Images Dataset V7,https://storage.googleapis.com/openimages/web/index.html,https://s3.amazonaws.com/open-images-dataset/validation/74e3108201e0048f.jpg,https://c8.staticflickr.com/7/6149/5960212987_4134510bf0_o.jpg,https://www.flickr.com/photos/raver_mikey/5960212987,https://creativecommons.org/licenses/by/2.0/,Mikey,https://www.flickr.com/people/raver_mikey/,Summer is here,Grass|Meadow,486898465e5631fb9553be3784d752bffec114f8ab5a4383dd27af58aaf1e76c
oi_train_03dcd57a58305caa,train,hard_negative,03dcd57a58305caa,train,Open Images Dataset V7,https://storage.googleapis.com/openimages/web/index.html,https://s3.amazonaws.com/open-images-dataset/train/03dcd57a58305caa.jpg,https://c3.staticflickr.com/6/5127/5294583314_b6243ab5d6_o.jpg,https://www.flickr.com/photos/dannyman/5294583314,https://creativecommons.org/licenses/by/2.0/,Danny Howard,https://www.flickr.com/people/dannyman/,VTA: Wrong Kind of Change,Coin,762c68b379c93e9d45057125e119820fa018d69b809fb6be25c091a8b720af00
oi_test_6ba813d62f036273,val,hard_negative,6ba813d62f036273,test,Open Images Dataset V7,https://storage.googleapis.com/openimages/web/index.html,https://s3.amazonaws.com/open-images-dataset/test/6ba813d62f036273.jpg,https://farm4.staticflickr.com/8564/16388364569_260d6cb220_o.jpg,https://www.flickr.com/photos/kokotoni/16388364569,https://creativecommons.org/licenses/by/2.0/,Simon O&#x27;Brien,https://www.flickr.com/people/kokotoni/,DSC_1663.jpg,Grass,04219e7c7d634cf7af94e7b87388265f7ecd9e389644b3506a5c8622bb581db3
oi_train_3f64f31e7ac529e4,train,hard_negative,3f64f31e7ac529e4,train,Open Images Dataset V7,https://storage.googleapis.com/openimages/web/index.html,https://s3.amazonaws.com/open-images-dataset/train/3f64f31e7ac529e4.jpg,https://farm5.staticflickr.com/2237/2536902421_d5715164ee_o.jpg,https://www.flickr.com/photos/60588258@N00/2536902421,https://creativecommons.org/licenses/by/2.0/,Brian Turner,https://www.flickr.com/people/60588258@N00/,Only In the Art Building,Paper towel,45252d45effa5d1d87622b98670737e077a917af357c569bf06a2b8b179259df
oi_train_6ae71294ce92913e,val,hard_negative,6ae71294ce92913e,train,Open Images Dataset V7,https://storage.googleapis.com/openimages/web/index.html,https://s3.amazonaws.com/open-images-dataset/train/6ae71294ce92913e.jpg,https://c7.staticflickr.com/1/21/27149273_d752e25665_o.jpg,https://www.flickr.com/photos/calliope/27149273/,https://creativecommons.org/licenses/by/2.0/,liz west,https://www.flickr.com/people/calliope/,citrus,Orange (fruit),22a8ec1c849bb5980eda87b536c65bdaea207b5f655adb373a3a84f20c2504d5
oi_test_55c0670af563f64a,train,hard_negative,55c0670af563f64a,test,Open Images Dataset V7,https://storage.googleapis.com/openimages/web/index.html,https://s3.amazonaws.com/open-images-dataset/test/55c0670af563f64a.jpg,https://c3.staticflickr.com/1/34/94511909_1d46729557_o.jpg,https://www.flickr.com/photos/mattandkim/94511909,https://creativecommons.org/licenses/by/2.0/,Shever,https://www.flickr.com/people/mattandkim/,Hartebeest in Tsavo West,Grassland|Meadow|Pasture,eadb4ec6c13546329e1b651793745d3f6bd8c209832e4411aa3b9c7d86a34883
oi_validation_74f942c5fb1403b9,train,hard_negative,74f942c5fb1403b9,validation,Open Images Dataset V7,https://storage.googleapis.com/openimages/web/index.html,https://s3.amazonaws.com/open-images-dataset/validation/74f942c5fb1403b9.jpg,https://c2.staticflickr.com/6/5229/5637422248_6876df5c0a_o.jpg,https://www.flickr.com/photos/stenlylam/5637422248,https://creativecommons.org/licenses/by/2.0/,Stenly Lam,https://www.flickr.com/people/stenlylam/,Deer,Grassland,9995ed64c894fb28caa5b581be8945de15ed7310e60320f0dc21ff11e33a8896
oi_train_002646e30c3939ed,train,hard_negative,002646e30c3939ed,train,Open Images Dataset V7,https://storage.googleapis.com/openimages/web/index.html,https://s3.amazonaws.com/open-images-dataset/train/002646e30c3939ed.jpg,https://c6.staticflickr.com/4/3915/15084954822_092015a990_o.jpg,https://www.flickr.com/photos/uair01/15084954822,https://creativecommons.org/licenses/by/2.0/,P K,https://www.flickr.com/people/uair01/,balls in the city - basel vitra,Lamp,7d7873028e00256d5e4ec4f4081b1977e0c16f04561deaee0bf1e7daa1f5e8d9
oi_test_d4771901827ff974,train,hard_negative,d4771901827ff974,test,Open Images Dataset V7,https://storage.googleapis.com/openimages/web/index.html,https://s3.amazonaws.com/open-images-dataset/test/d4771901827ff974.jpg,https://farm5.staticflickr.com/3875/14536536972_96c0c5d8cf_o.jpg,https://www.flickr.com/photos/statefarm/14536536972,https://creativecommons.org/licenses/by/2.0/,State Farm,https://www.flickr.com/people/statefarm/,Kathy in front of house,Grass|Lawn,1eb9d504032806f465faa2cc74b6bbdadd839247cdf3d4eefa66964c3acaa9e8
oi_train_e7a8eec07a69f4b2,train,hard_negative,e7a8eec07a69f4b2,train,Open Images Dataset V7,https://storage.googleapis.com/openimages/web/index.html,https://s3.amazonaws.com/open-images-dataset/train/e7a8eec07a69f4b2.jpg,https://farm3.staticflickr.com/7347/15900433904_82aef03156_o.jpg,https://www.flickr.com/photos/donabelandewen/15900433904,https://creativecommons.org/licenses/by/2.0/,Ewen Roberts,https://www.flickr.com/people/donabelandewen/,Plumerias in Feb 2015,Houseplant,49691cfef4afd570d237ae014e8c7d475c1525c1e66da2996aab4cf72b7e71cf
oi_train_73f089853d893eb7,train,hard_negative,73f089853d893eb7,train,Open Images Dataset V7,https://storage.googleapis.com/openimages/web/index.html,https://s3.amazonaws.com/open-images-dataset/train/73f089853d893eb7.jpg,https://farm8.staticflickr.com/3427/3773841896_2be438a076_o.jpg,https://www.flickr.com/photos/alishav/3773841896,https://creativecommons.org/licenses/by/2.0/,Alisha Vargas,https://www.flickr.com/people/alishav/,101_1228,Egg,0bf1e676dd8fd22f30bdbf3d52db51466bda6d8f19752d175f3f985774b9dd87
oi_test_75d500b00e92b959,train,hard_negative,75d500b00e92b959,test,Open Images Dataset V7,https://storage.googleapis.com/openimages/web/index.html,https://s3.amazonaws.com/open-images-dataset/test/75d500b00e92b959.jpg,https://c2.staticflickr.com/1/89/248308784_66ad1fbd13_o.jpg,https://www.flickr.com/photos/alastairb/248308784,https://creativecommons.org/licenses/by/2.0/,Alastair Burt,https://www.flickr.com/people/alastairb/,Fungus flowers on rotten branch,Mushroom,a36936000d38060db523b9cb0751a891e439acb13b56942b661aa782dc78737f
oi_train_8be16de84ccb2f35,train,hard_negative,8be16de84ccb2f35,train,Open Images Dataset V7,https://storage.googleapis.com/openimages/web/index.html,https://s3.amazonaws.com/open-images-dataset/train/8be16de84ccb2f35.jpg,https://farm6.staticflickr.com/4129/5098655920_7caa72555d_o.jpg,https://www.flickr.com/photos/sillysocks/5098655920,https://creativecommons.org/licenses/by/2.0/,Barbara Ann Spengler,https://www.flickr.com/people/sillysocks/,Happy Birthday Flowers from Jeb & Anne....,Rose,970654139086d2bbc613a49faedcfccb792fa6d21032ff64d8fe4f35965bbbde
oi_train_ab0515d200d37bfa,train,hard_negative,ab0515d200d37bfa,train,Open Images Dataset V7,https://storage.googleapis.com/openimages/web/index.html,https://s3.amazonaws.com/open-images-dataset/train/ab0515d200d37bfa.jpg,https://c3.staticflickr.com/8/7327/15791995694_169306eaf6_o.jpg,https://www.flickr.com/photos/marlondias/15791995694,https://creativecommons.org/licenses/by/2.0/,Marlon Dias,https://www.flickr.com/people/marlondias/,Photo,Common sunflower,a0cf44798772cd1b0964127385c27553b5c8f166d24fa6cfbcc2daa3ee7e6e76
oi_test_d6105aadb944c99a,train,hard_negative,d6105aadb944c99a,test,Open Images Dataset V7,https://storage.googleapis.com/openimages/web/index.html,https://s3.amazonaws.com/open-images-dataset/test/d6105aadb944c99a.jpg,https://c3.staticflickr.com/4/3248/2926162553_9ae333fe3f_o.jpg,https://www.flickr.com/photos/cotallo-nonocot/2926162553,https://creativecommons.org/licenses/by/2.0/,Jose Antonio Cotallo López,https://www.flickr.com/people/cotallo-nonocot/,BERREA MONFRAGÜE 2008,Grassland,406195744412c743e1da23ff79ceca9da0b3c9626e5ef5fbe194dab722d4469b
oi_train_d712559723ee76a5,train,hard_negative,d712559723ee76a5,train,Open Images Dataset V7,https://storage.googleapis.com/openimages/web/index.html,https://s3.amazonaws.com/open-images-dataset/train/d712559723ee76a5.jpg,https://farm6.staticflickr.com/8010/6960781284_02cb1116cf_o.jpg,https://www.flickr.com/photos/franklinparklibrary/6960781284,https://creativecommons.org/licenses/by/2.0/,Franklin Park Library,https://www.flickr.com/people/franklinparklibrary/,IMG_1629,Paper towel,3b309a556c6521774f803bc7c4ec51aa91beb867950734cbcf735796fc35ff10
oi_train_0c12e7344197c6b7,test,hard_negative,0c12e7344197c6b7,train,Open Images Dataset V7,https://storage.googleapis.com/openimages/web/index.html,https://s3.amazonaws.com/open-images-dataset/train/0c12e7344197c6b7.jpg,https://farm8.staticflickr.com/5667/21238678718_7bc8b694be_o.jpg,https://www.flickr.com/photos/kerotab/21238678718,https://creativecommons.org/licenses/by/2.0/,Kristin,https://www.flickr.com/people/kerotab/,Got so excited when I pulled out the eye shadow trio out of my @ipsy bag! #ipsy #SeptemberGlamBag,Cosmetics,487400574e0d6d1e7bac60dc739d20db7de164633ab99ea9df43404a3bbf9150
oi_train_77744ffa0a79aa98,train,hard_negative,77744ffa0a79aa98,train,Open Images Dataset V7,https://storage.googleapis.com/openimages/web/index.html,https://s3.amazonaws.com/open-images-dataset/train/77744ffa0a79aa98.jpg,https://c1.staticflickr.com/2/1211/5125335357_da2eb6b4be_o.jpg,https://www.flickr.com/photos/bioforest_onlus/5125335357,https://creativecommons.org/licenses/by/2.0/,Paola Brisotto,https://www.flickr.com/people/bioforest_onlus/,Operazione Got Owaga,Plant,0874410113ea67c41528115874051bbc0e40ccacfe4209a174807eb8342d3e90
oi_train_098f6ced8f4d335e,train,hard_negative,098f6ced8f4d335e,train,Open Images Dataset V7,https://storage.googleapis.com/openimages/web/index.html,https://s3.amazonaws.com/open-images-dataset/train/098f6ced8f4d335e.jpg,https://c7.staticflickr.com/7/6101/6270729603_9154692e53_o.jpg,https://www.flickr.com/photos/jon-clark/6270729603,https://creativecommons.org/licenses/by/2.0/,Jon Lee Clark,https://www.flickr.com/people/jon-clark/,"Punta Cana, Dominican Republic at Barcelo",Flower,123e0725cd9679f828c6a80f5353c2d198940147d97f735f92b9d6f8499fe879
oi_train_3d54d59a8aa70bf6,train,hard_negative,3d54d59a8aa70bf6,train,Open Images Dataset V7,https://storage.googleapis.com/openimages/web/index.html,https://s3.amazonaws.com/open-images-dataset/train/3d54d59a8aa70bf6.jpg,https://farm7.staticflickr.com/4026/4421006103_e58c1608f1_o.jpg,https://www.flickr.com/photos/57768042@N00/4421006103,https://creativecommons.org/licenses/by/2.0/,Sydney Oats,https://www.flickr.com/people/57768042@N00/,Eucalyptus crucis. Leaves & Flower Buds,Plant,f4b582c70fc091ca30b96f333322903c5e112aaf881fe0cc28654efb232cb936
oi_train_0696182780890d61,train,hard_negative,0696182780890d61,train,Open Images Dataset V7,https://storage.googleapis.com/openimages/web/index.html,https://s3.amazonaws.com/open-images-dataset/train/0696182780890d61.jpg,https://farm2.staticflickr.com/1080/5159656286_a5102bb186_o.jpg,https://www.flickr.com/photos/jesusbet/5159656286,https://creativecommons.org/licenses/by/2.0/,Jesus Sanchez,https://www.flickr.com/people/jesusbet/,2010-11-07 14.22.28,Potato,dc2378ee24385ee02db47917f4efba9547beba36cf5382188efaef022f9750cb
oi_validation_adec511aae01f657,train,hard_negative,adec511aae01f657,validation,Open Images Dataset V7,https://storage.googleapis.com/openimages/web/index.html,https://s3.amazonaws.com/open-images-dataset/validation/adec511aae01f657.jpg,https://farm8.staticflickr.com/133/358903421_7823c2ce81_o.jpg,https://www.flickr.com/photos/leandrociuffo/358903421,https://creativecommons.org/licenses/by/2.0/,Leandro Neumann Ciuffo,https://www.flickr.com/people/leandrociuffo/,Bonaire - Caribe,Grassland,70896465da67105c0d17706a20b1e83d55875475a0f5d65643afc91f6e30f3e8
oi_test_70c7cece24e9e005,train,hard_negative,70c7cece24e9e005,test,Open Images Dataset V7,https://storage.googleapis.com/openimages/web/index.html,https://s3.amazonaws.com/open-images-dataset/test/70c7cece24e9e005.jpg,https://farm6.staticflickr.com/3667/11388742465_f0959c92f2_o.jpg,https://www.flickr.com/photos/oxlaey/11388742465,https://creativecommons.org/licenses/by/2.0/,OXLAEY.com,https://www.flickr.com/people/oxlaey/,IMG_0995,Grass|Grassland|Meadow|Pasture,55c0842e6888afe8a38a545e5e5dbe2874b2e3673a7ce418973147aed4ca28ee
oi_train_1171e64fd8263839,train,hard_negative,1171e64fd8263839,train,Open Images Dataset V7,https://storage.googleapis.com/openimages/web/index.html,https://s3.amazonaws.com/open-images-dataset/train/1171e64fd8263839.jpg,https://c2.staticflickr.com/2/1440/1471073584_ed8f280c0f_o.jpg,https://www.flickr.com/photos/thomaspix/1471073584,https://creativecommons.org/licenses/by/2.0/,Thomas Kriese,https://www.flickr.com/people/thomaspix/,Eggs from two different chickens,Egg,50e12cc6f9496bdaa897f8db019efe7d766bda976f68bf9f425d17281f545aad
oi_test_a2737ed94203bbb9,val,hard_negative,a2737ed94203bbb9,test,Open Images Dataset V7,https://storage.googleapis.com/openimages/web/index.html,https://s3.amazonaws.com/open-images-dataset/test/a2737ed94203bbb9.jpg,https://c2.staticflickr.com/9/8760/17037761907_5fa340cd8c_o.jpg,https://www.flickr.com/photos/131943776@N02/17037761907,https://creativecommons.org/licenses/by/2.0/,Mirco Mohr,https://www.flickr.com/people/131943776@N02/,Künstlicher See,Grass|Grassland,43470c0454fc157676a4530e2d264c07ff0c6091fd091215043f11f5fda1ed43
oi_train_a6784561f779474f,val,hard_negative,a6784561f779474f,train,Open Images Dataset V7,https://storage.googleapis.com/openimages/web/index.html,https://s3.amazonaws.com/open-images-dataset/train/a6784561f779474f.jpg,https://c8.staticflickr.com/7/6132/5980955927_7f1b29b17f_o.jpg,https://www.flickr.com/photos/kathrynmgreen/5980955927,https://creativecommons.org/licenses/by/2.0/,Kathryn,https://www.flickr.com/people/kathrynmgreen/,Gas Lamp,Lamp|Tree,987847ba53d9d6573f249e2a6846f68da21bb796895db7a9a5e68e68ebea4270
oi_train_5cf336a74e1d449d,train,hard_negative,5cf336a74e1d449d,train,Open Images Dataset V7,https://storage.googleapis.com/openimages/web/index.html,https://s3.amazonaws.com/open-images-dataset/train/5cf336a74e1d449d.jpg,https://c6.staticflickr.com/3/2674/3764801159_a017cfe48a_o.jpg,https://www.flickr.com/photos/gareth1953/3764801159,https://creativecommons.org/licenses/by/2.0/,Gareth Williams,https://www.flickr.com/people/gareth1953/,Edgbaston - Aug 2005 - Eng v Aus - Andrew Flintoff - Six!,Cricket ball,aaec3e2690b1ce851f2d7c74b54117feaf78e9556bb2e3b84e2751f55f920634
oi_test_9a9e9c161ee33556,train,hard_negative,9a9e9c161ee33556,test,Open Images Dataset V7,https://storage.googleapis.com/openimages/web/index.html,https://s3.amazonaws.com/open-images-dataset/test/9a9e9c161ee33556.jpg,https://farm7.staticflickr.com/2422/3849897058_bb575e4afd_o.jpg,https://www.flickr.com/photos/ufoncz/3849897058,https://creativecommons.org/licenses/by/2.0/,ufoncz,https://www.flickr.com/people/ufoncz/,Yellowstone buffalos,Grassland|Meadow|Pasture,8ffbd0253038809b7e9122f93701659582b5f4844133685d1989607c55af455d
oi_train_75711b11ce24ea52,train,hard_negative,75711b11ce24ea52,train,Open Images Dataset V7,https://storage.googleapis.com/openimages/web/index.html,https://s3.amazonaws.com/open-images-dataset/train/75711b11ce24ea52.jpg,https://farm3.staticflickr.com/7636/16867007485_942351ecb8_o.jpg,https://www.flickr.com/photos/flickrchickr/16867007485,https://creativecommons.org/licenses/by/2.0/,LiteWriting aka Loreen72,https://www.flickr.com/people/flickrchickr/,Week 2 with Dip French. Last Dip mani lasted THREE weeks and I could have gone one more if I wanted to! Not acryllic....my nails!!!! Love this stuff!! #mani #manicure #frenchmanicure #dipmani,Cosmetics,24947e24bda6fcf453adb4e4b2cde250435b7d96ea2c38320cc605150f8ca716
oi_train_207c3b3fc70c1734,train,hard_negative,207c3b3fc70c1734,train,Open Images Dataset V7,https://storage.googleapis.com/openimages/web/index.html,https://s3.amazonaws.com/open-images-dataset/train/207c3b3fc70c1734.jpg,https://farm5.staticflickr.com/8515/8501943258_7f013ba964_o.jpg,https://www.flickr.com/photos/dozr5fc/8501943258,https://creativecommons.org/licenses/by/2.0/,Dozr NoLimit,https://www.flickr.com/people/dozr5fc/,Тюнер Viasat Strong 7700 - 150 грн.,Remote control,11dbb81db693783b5d175e66436305ef478d81d8f3cd089f75c0e17c723bc7d9
oi_train_d3fa6cc8e3006150,train,hard_negative,d3fa6cc8e3006150,train,Open Images Dataset V7,https://storage.googleapis.com/openimages/web/index.html,https://s3.amazonaws.com/open-images-dataset/train/d3fa6cc8e3006150.jpg,https://farm1.staticflickr.com/2449/3744129107_2d2480a944_o.jpg,https://www.flickr.com/photos/madebymark/3744129107/,https://creativecommons.org/licenses/by/2.0/,Mark McElroy,https://www.flickr.com/people/madebymark/,P1020544,Potato,0072ee9125a5325a1106b86e8cfae191c26dac6317370e9e14ae98ef175843d5
oi_validation_dbc5e5e7be47f482,train,hard_negative,dbc5e5e7be47f482,validation,Open Images Dataset V7,https://storage.googleapis.com/openimages/web/index.html,https://s3.amazonaws.com/open-images-dataset/validation/dbc5e5e7be47f482.jpg,https://farm3.staticflickr.com/2332/1509716527_3ac74f17fa_o.jpg,https://www.flickr.com/photos/stoichiometry/1509716527,https://creativecommons.org/licenses/by/2.0/,Matthew Romack,https://www.flickr.com/people/stoichiometry/,Gap by the bridge,Lawn,7f3b24313d6d0e0cad763c9d3641e8a77bc20b6b80dddb6de33b43d8c82d4044
oi_train_b7dfa49dcaef8e25,train,hard_negative,b7dfa49dcaef8e25,train,Open Images Dataset V7,https://storage.googleapis.com/openimages/web/index.html,https://s3.amazonaws.com/open-images-dataset/train/b7dfa49dcaef8e25.jpg,https://farm6.staticflickr.com/7082/13944448603_6de100a4bf_o.jpg,https://www.flickr.com/photos/49580580@N02/13944448603,https://creativecommons.org/licenses/by/2.0/,Thomas Shahan,https://www.flickr.com/people/49580580@N02/,United States of America - One Cent - 1904 - Indian Head Penny,Coin,56db21e17b4cd7bd0dbe13e3f89690aa8399eadc67d2d097daef6b80d5357638
oi_train_a9779e83ef1b26db,train,hard_negative,a9779e83ef1b26db,train,Open Images Dataset V7,https://storage.googleapis.com/openimages/web/index.html,https://s3.amazonaws.com/open-images-dataset/train/a9779e83ef1b26db.jpg,https://c4.staticflickr.com/5/4028/4475897899_0ffb75c663_o.jpg,https://www.flickr.com/photos/new-pastpresentfuture/4475897899,https://creativecommons.org/licenses/by/2.0/,Leopard Print,https://www.flickr.com/people/new-pastpresentfuture/,Jasmine,Cosmetics,7b0914878c43406ca5218744829f61d0c624d40bbc39f094a119637322072c87
oi_train_82d45a210badcafb,train,hard_negative,82d45a210badcafb,train,Open Images Dataset V7,https://storage.googleapis.com/openimages/web/index.html,https://s3.amazonaws.com/open-images-dataset/train/82d45a210badcafb.jpg,https://c4.staticflickr.com/5/4003/4449988882_bd8dec404e_o.jpg,https://www.flickr.com/photos/kitkaphotogirl/4449988882,https://creativecommons.org/licenses/by/2.0/,Christine Majul,https://www.flickr.com/people/kitkaphotogirl/,Under the mushroom,Mushroom|Tree,ea988c47f13b036f678eada7fb5053f2ebd7c8ee0c2ec1aa153519f0145f33d6
oi_validation_a382e559b760c916,train,hard_negative,a382e559b760c916,validation,Open Images Dataset V7,https://storage.googleapis.com/openimages/web/index.html,https://s3.amazonaws.com/open-images-dataset/validation/a382e559b760c916.jpg,https://farm7.staticflickr.com/8687/16276563593_15b5fb745f_o.jpg,https://www.flickr.com/photos/schnappi/16276563593,https://creativecommons.org/licenses/by/2.0/,Graham C99,https://www.flickr.com/people/schnappi/,Vientiane 14,Grass|Grassland|Meadow|Pasture,9f9b283bf9eddaf4724f6b4b5b349209a8586ec0a7e22a5e4173961c6bece13e
oi_train_12fc77f9340b3eed,train,hard_negative,12fc77f9340b3eed,train,Open Images Dataset V7,https://storage.googleapis.com/openimages/web/index.html,https://s3.amazonaws.com/open-images-dataset/train/12fc77f9340b3eed.jpg,https://c6.staticflickr.com/9/8787/16448696613_908c43cbc7_o.jpg,https://www.flickr.com/photos/maryannemorgan/16448696613,https://creativecommons.org/licenses/by/2.0/,Mary Anne Morgan,https://www.flickr.com/people/maryannemorgan/,4T3A6627,Rose,f7fb79708f6b76255c8de97f5adf5d9953f0314b90ca92883f5a04599cbdc5cd
oi_train_7498299e2baa2d0d,train,hard_negative,7498299e2baa2d0d,train,Open Images Dataset V7,https://storage.googleapis.com/openimages/web/index.html,https://s3.amazonaws.com/open-images-dataset/train/7498299e2baa2d0d.jpg,https://c6.staticflickr.com/7/6016/5879866927_e097331072_o.jpg,https://www.flickr.com/photos/aidanwojtas/5879866927,https://creativecommons.org/licenses/by/2.0/,Aidan,https://www.flickr.com/people/aidanwojtas/,Android eating Apple,Apple,3360866c33671b1d21408ff3889476c0a594706ab02e1a87dec27c4c606ac6cf
oi_train_f54e3c8eb90597b0,train,hard_negative,f54e3c8eb90597b0,train,Open Images Dataset V7,https://storage.googleapis.com/openimages/web/index.html,https://s3.amazonaws.com/open-images-dataset/train/f54e3c8eb90597b0.jpg,https://farm1.staticflickr.com/1/207056_039db4c9e9_o.jpg,https://www.flickr.com/photos/newslighter/207056,https://creativecommons.org/licenses/by/2.0/,Dan,https://www.flickr.com/people/newslighter/,Lovely lavatory,Paper towel,fa13afdf2014ba66f1aaea2a36c64d13082d5f704cf6251e750ef466967d5f3a
oi_train_0595e554a2b5d1da,train,hard_negative,0595e554a2b5d1da,train,Open Images Dataset V7,https://storage.googleapis.com/openimages/web/index.html,https://s3.amazonaws.com/open-images-dataset/train/0595e554a2b5d1da.jpg,https://c3.staticflickr.com/1/291/18750837978_03721d7700_o.jpg,https://www.flickr.com/photos/130236570@N08/18750837978,https://creativecommons.org/licenses/by/2.0/,jorge andres chavarro salazar,https://www.flickr.com/people/130236570@N08/,INSIDE THE IMAGE,Light bulb,31750473b576fa506ee4b0ee1ae2dbae1d56f876d10be0a562578c5a1df5cf47
oi_train_0f453e031e6751f0,train,hard_negative,0f453e031e6751f0,train,Open Images Dataset V7,https://storage.googleapis.com/openimages/web/index.html,https://s3.amazonaws.com/open-images-dataset/train/0f453e031e6751f0.jpg,https://farm1.staticflickr.com/3826/12951087713_e951a4859f_o.jpg,https://www.flickr.com/photos/lafoodie/12951087713,https://creativecommons.org/licenses/by/2.0/,L.A. Foodie,https://www.flickr.com/people/lafoodie/,Have a sunny side up day! I just cooked myself up two sunny side up #eggs with #brie #cheese on fresh #baked white #bread toast!,Egg,ed3bb8fef6aa915e728d4ad90829c3f5d001e79330df55ea70d81f828aceb5a9
oi_train_53668d73ab22fbd1,train,hard_negative,53668d73ab22fbd1,train,Open Images Dataset V7,https://storage.googleapis.com/openimages/web/index.html,https://s3.amazonaws.com/open-images-dataset/train/53668d73ab22fbd1.jpg,https://farm2.staticflickr.com/3032/2645854925_74c32a2f5e_o.jpg,https://www.flickr.com/photos/everythinghq/2645854925,https://creativecommons.org/licenses/by/2.0/,schoolofeverything,https://www.flickr.com/people/everythinghq/,Whut?,Flower|Houseplant,c2f9829cb230fa6f223c6949cc30069e64647f1a3e59ddff9e7be9033df6f718
oi_test_fcca6755b490d98f,test,hard_negative,fcca6755b490d98f,test,Open Images Dataset V7,https://storage.googleapis.com/openimages/web/index.html,https://s3.amazonaws.com/open-images-dataset/test/fcca6755b490d98f.jpg,https://c8.staticflickr.com/6/5350/18005898095_e29ab75b22_o.jpg,https://www.flickr.com/photos/miroslavzachoval/18005898095,https://creativecommons.org/licenses/by/2.0/,Miroslav Zachoval,https://www.flickr.com/people/miroslavzachoval/,green land,Grass|Grassland,08d631200bd81c078ba7dc042eeddb8c4fdfc739b55512e6239b62bf9b41800c
oi_train_862d75fa66f7acd8,train,hard_negative,862d75fa66f7acd8,train,Open Images Dataset V7,https://storage.googleapis.com/openimages/web/index.html,https://s3.amazonaws.com/open-images-dataset/train/862d75fa66f7acd8.jpg,https://c1.staticflickr.com/7/6163/6165178239_d2a2331d64_o.jpg,https://www.flickr.com/photos/rusty_clark/6165178239,https://creativecommons.org/licenses/by/2.0/,Rusty Clark - On the Air M-F 8am-noon,https://www.flickr.com/people/rusty_clark/,Bascom Lodge at Mt Greylock Summit,Common sunflower|Houseplant,7d5888291f4322a5c1e171feb4112c2734427f5dc40a297c3bbb99db03d5065f
oi_train_32bbac76a146243d,val,hard_negative,32bbac76a146243d,train,Open Images Dataset V7,https://storage.googleapis.com/openimages/web/index.html,https://s3.amazonaws.com/open-images-dataset/train/32bbac76a146243d.jpg,https://c6.staticflickr.com/6/5168/5325699776_ec560a3041_o.jpg,https://www.flickr.com/photos/mufan96/5325699776,https://creativecommons.org/licenses/by/2.0/,evan courtney,https://www.flickr.com/people/mufan96/,Communion,Candle,67b7374cb113abfdd2512f0546fafd58cb886a06e49b8757775f400d6f68db2e
oi_test_d3f61babcf8f823d,train,hard_negative,d3f61babcf8f823d,test,Open Images Dataset V7,https://storage.googleapis.com/openimages/web/index.html,https://s3.amazonaws.com/open-images-dataset/test/d3f61babcf8f823d.jpg,https://c6.staticflickr.com/7/6088/6075128891_2637b130e6_o.jpg,https://www.flickr.com/photos/viajebolivia/6075128891,https://creativecommons.org/licenses/by/2.0/,Viaje a Bolivia,https://www.flickr.com/people/viajebolivia/,Tractor llevando las cajas de caña al ingenio,Grass|Lawn|Meadow|Pasture,68e7b425dfb7729fea9133a252df8754ce909993afe0677f49f8d33a4ec9ece6
oi_test_3a75198b0dffb389,train,hard_negative,3a75198b0dffb389,test,Open Images Dataset V7,https://storage.googleapis.com/openimages/web/index.html,https://s3.amazonaws.com/open-images-dataset/test/3a75198b0dffb389.jpg,https://c2.staticflickr.com/9/8293/7531524600_a695393924_o.jpg,https://www.flickr.com/photos/jefelegran/7531524600,https://creativecommons.org/licenses/by/2.0/,Jefe Le Gran,https://www.flickr.com/people/jefelegran/,Blocking Traffic,Grassland|Meadow|Pasture,72e4a0f435b5c35514a9f60c2ffe76ac5c39572f561f94954b71430ce39e3775
oi_test_13d58db06463ba77,train,hard_negative,13d58db06463ba77,test,Open Images Dataset V7,https://storage.googleapis.com/openimages/web/index.html,https://s3.amazonaws.com/open-images-dataset/test/13d58db06463ba77.jpg,https://farm8.staticflickr.com/2607/3903573012_796bed38d1_o.jpg,https://www.flickr.com/photos/pphillips1987/3903573012,https://creativecommons.org/licenses/by/2.0/,Paul,https://www.flickr.com/people/pphillips1987/,_MG_0591,Grass|Meadow,fa3951fae86df3a2028ad841e3ff5477d8ec884e968bb40032d75124fc59bdbd
oi_validation_904ec7162c3b4281,train,hard_negative,904ec7162c3b4281,validation,Open Images Dataset V7,https://storage.googleapis.com/openimages/web/index.html,https://s3.amazonaws.com/open-images-dataset/validation/904ec7162c3b4281.jpg,https://farm2.staticflickr.com/5472/14443120689_0885b688bd_o.jpg,https://www.flickr.com/photos/topbulb/14443120689,https://creativecommons.org/licenses/by/2.0/,Top Bulb,https://www.flickr.com/people/topbulb/,EAD Coded Incandescent Light Bulb,Light bulb,c3f308a2e2ca50719d8f59f9cda3198351aa7fdcbe6d88d5f024a255fb0bbc4a
oi_train_cacd3d2d904ec21d,train,hard_negative,cacd3d2d904ec21d,train,Open Images Dataset V7,https://storage.googleapis.com/openimages/web/index.html,https://s3.amazonaws.com/open-images-dataset/train/cacd3d2d904ec21d.jpg,https://c6.staticflickr.com/1/653/21101681742_0a39d08004_o.jpg,https://www.flickr.com/photos/wamkat/21101681742,https://creativecommons.org/licenses/by/2.0/,wam kat,https://www.flickr.com/people/wamkat/,WPD (Weitzgrunder Presse Dienst) - Heute (03.09.2015) [ http://bit.ly/1LizWbn Der wam hatte gesagt es ist sicher kein atompilz aber was es stattdessen ist weißt er natürlich nicht,Mushroom,177ec6c7d396026f38869c2da2e9e9f8fa324e04a4a9e8d41830c52d03a000a4
oi_validation_02f425f1a60f96ff,train,hard_negative,02f425f1a60f96ff,validation,Open Images Dataset V7,https://storage.googleapis.com/openimages/web/index.html,https://s3.amazonaws.com/open-images-dataset/validation/02f425f1a60f96ff.jpg,https://c8.staticflickr.com/4/3794/9672696721_d437de016b_o.jpg,https://www.flickr.com/photos/katefisher/9672696721,https://creativecommons.org/licenses/by/2.0/,Kate Fisher,https://www.flickr.com/people/katefisher/,Rosemary Garlic Breakfast Potatoes,Potato,008b53628898311dc56411f0585e20c4ee730025d4477f8602c195601cc0cf9c
oi_test_22c11d10e12699ef,train,hard_negative,22c11d10e12699ef,test,Open Images Dataset V7,https://storage.googleapis.com/openimages/web/index.html,https://s3.amazonaws.com/open-images-dataset/test/22c11d10e12699ef.jpg,https://c8.staticflickr.com/1/119/300552538_b2bd13569c_o.jpg,https://www.flickr.com/photos/wonderferret/300552538,https://creativecommons.org/licenses/by/2.0/,wonderferret,https://www.flickr.com/people/wonderferret/,Giant 'shrooms,Mushroom|Tree,07540b0132690709825883913d4bde4ed1b2a7c788c28072d3929a8d55612bd0
oi_validation_c5da3bcf435f6cfd,train,hard_negative,c5da3bcf435f6cfd,validation,Open Images Dataset V7,https://storage.googleapis.com/openimages/web/index.html,https://s3.amazonaws.com/open-images-dataset/validation/c5da3bcf435f6cfd.jpg,https://c6.staticflickr.com/7/6200/6134258040_8021cc4797_o.jpg,https://www.flickr.com/photos/jgoge123/6134258040,https://creativecommons.org/licenses/by/2.0/,Josué Goge,https://www.flickr.com/people/jgoge123/,Cuernos!,Grass|Grassland|Meadow|Pasture,93d200cf645d2ded435053011c75fa81ac889e5b5c8fd75ef73229f1a3cb5c0d
oi_train_4fa912e4699e04b1,train,hard_negative,4fa912e4699e04b1,train,Open Images Dataset V7,https://storage.googleapis.com/openimages/web/index.html,https://s3.amazonaws.com/open-images-dataset/train/4fa912e4699e04b1.jpg,https://farm2.staticflickr.com/7159/6596318207_91232db95b_o.jpg,https://www.flickr.com/photos/jvcamerica/6596318207,https://creativecommons.org/licenses/by/2.0/,JVCAmerica,https://www.flickr.com/people/jvcamerica/,JVC KD-R530,Remote control,8468b923e46dc68c10129591dfb64131aef9c6e7bea08e74aac40aadd07abe1d
oi_test_a553673e64f737e9,train,hard_negative,a553673e64f737e9,test,Open Images Dataset V7,https://storage.googleapis.com/openimages/web/index.html,https://s3.amazonaws.com/open-images-dataset/test/a553673e64f737e9.jpg,https://c2.staticflickr.com/6/5534/11109669323_964db9a1f2_o.jpg,https://www.flickr.com/photos/befuddledsenses/11109669323,https://creativecommons.org/licenses/by/2.0/,Luke Jones,https://www.flickr.com/people/befuddledsenses/,Cornucopia,Apple,dd5aa97d6f26239ebb59798ee71f2d67f61573a1f1a67006fdd857c3e4da5d3a
oi_train_d3b64f4c90cacae2,train,hard_negative,d3b64f4c90cacae2,train,Open Images Dataset V7,https://storage.googleapis.com/openimages/web/index.html,https://s3.amazonaws.com/open-images-dataset/train/d3b64f4c90cacae2.jpg,https://farm3.staticflickr.com/4066/4497974766_db5a8a7059_o.jpg,https://www.flickr.com/photos/8604504@N03/4497974766,https://creativecommons.org/licenses/by/2.0/,Justin Otto,https://www.flickr.com/people/8604504@N03/,Passed!,Bottle,30ce7dbe03b93d1105c02cf6e386f9b4cd00ad8ad19b12f72a28c49c503c9a87
oi_test_9cb18db470d1cce2,train,hard_negative,9cb18db470d1cce2,test,Open Images Dataset V7,https://storage.googleapis.com/openimages/web/index.html,https://s3.amazonaws.com/open-images-dataset/test/9cb18db470d1cce2.jpg,https://farm3.staticflickr.com/5072/6941990310_92899bb7a4_o.jpg,https://www.flickr.com/photos/theghostofgraingertown/6941990310,https://creativecommons.org/licenses/by/2.0/,William Mewes,https://www.flickr.com/people/theghostofgraingertown/,281 Trafalgar Road,Lawn,f0e995f2f1ce20f7dab4beb52358fb26efa1157627789c856db9373aee7d7868
oi_train_1ed1a4cd697b2e92,test,hard_negative,1ed1a4cd697b2e92,train,Open Images Dataset V7,https://storage.googleapis.com/openimages/web/index.html,https://s3.amazonaws.com/open-images-dataset/train/1ed1a4cd697b2e92.jpg,https://farm3.staticflickr.com/8013/7475551928_2a038cffd0_o.jpg,https://www.flickr.com/photos/nailart_/7475551928,https://creativecommons.org/licenses/by/2.0/,Nail art_,https://www.flickr.com/people/nailart_/,Love!,Cosmetics,41331c43afc42993e732fee8ade6c74c356fd4384a6fd2f395a6cf8f17181941
oi_train_23ee1140a71575e1,train,hard_negative,23ee1140a71575e1,train,Open Images Dataset V7,https://storage.googleapis.com/openimages/web/index.html,https://s3.amazonaws.com/open-images-dataset/train/23ee1140a71575e1.jpg,https://farm2.staticflickr.com/209/524552909_8dcedf35b6_o.jpg,https://www.flickr.com/photos/luzbonita/524552909,https://creativecommons.org/licenses/by/2.0/,Luz Bratcher,https://www.flickr.com/people/luzbonita/,IMG_0668.JPG,Plastic bag,42a7263881cf78793c4ba6d7ee9cb7eddefe767804c39d12c30c929bd422a65b
oi_test_b1e53a2ce61df1cb,train,hard_negative,b1e53a2ce61df1cb,test,Open Images Dataset V7,https://storage.googleapis.com/openimages/web/index.html,https://s3.amazonaws.com/open-images-dataset/test/b1e53a2ce61df1cb.jpg,https://c4.staticflickr.com/4/3935/15441934181_d21baf678a_o.jpg,https://www.flickr.com/photos/o_0/15441934181,https://creativecommons.org/licenses/by/2.0/,Guilhem Vellut,https://www.flickr.com/people/o_0/,"Smiling sheep @ Combe aux Puaires @ Hike to Lac des Chambres, Pointe de Bellegarde & Lac de la Vogealle",Grass|Meadow|Pasture,7bfa623dd05dc22a0176712add806d2ddbae04aa12491284b55e8b876516ac78
oi_validation_694fae862931296e,train,hard_negative,694fae862931296e,validation,Open Images Dataset V7,https://storage.googleapis.com/openimages/web/index.html,https://s3.amazonaws.com/open-images-dataset/validation/694fae862931296e.jpg,https://c7.staticflickr.com/8/7598/16150241794_69beea6e49_o.jpg,https://www.flickr.com/photos/tracyhunter/16150241794,https://creativecommons.org/licenses/by/2.0/,Tracy Hunter,https://www.flickr.com/people/tracyhunter/,Botswana Safari,Grassland|Pasture,77266ee067ca4e632694ae9502b5ab8f90d54b3bb8867a5fbcf7ce2024372e1d
oi_test_3b157f4874030e07,train,hard_negative,3b157f4874030e07,test,Open Images Dataset V7,https://storage.googleapis.com/openimages/web/index.html,https://s3.amazonaws.com/open-images-dataset/test/3b157f4874030e07.jpg,https://farm8.staticflickr.com/3111/5787971874_c10ec1b2e6_o.jpg,https://www.flickr.com/photos/mecklenburg/5787971874,https://creativecommons.org/licenses/by/2.0/,Thomas Kohler,https://www.flickr.com/people/mecklenburg/,Landwirtschaft,Grassland|Meadow,2ab022029f9a5804d0907646db0277c5fbdb9c23bcfded26530044646ae1bf3f
oi_test_457ff1b17f74721a,train,hard_negative,457ff1b17f74721a,test,Open Images Dataset V7,https://storage.googleapis.com/openimages/web/index.html,https://s3.amazonaws.com/open-images-dataset/test/457ff1b17f74721a.jpg,https://c3.staticflickr.com/5/4135/4753099502_6729a3822e_o.jpg,https://www.flickr.com/photos/wandrus/4753099502,https://creativecommons.org/licenses/by/2.0/,William Andrus,https://www.flickr.com/people/wandrus/,Goat,Grass|Meadow|Pasture,be1831442e1c4f1f06468a358bd4ef4f717ab53ca7de8d893537d419c81870e4
oi_train_003bfa647c199309,train,hard_negative,003bfa647c199309,train,Open Images Dataset V7,https://storage.googleapis.com/openimages/web/index.html,https://s3.amazonaws.com/open-images-dataset/train/003bfa647c199309.jpg,https://c2.staticflickr.com/2/1386/534837568_4ba1770196_o.jpg,https://www.flickr.com/photos/marcp/534837568,https://creativecommons.org/licenses/by/2.0/,Marc.Pentermann,https://www.flickr.com/people/marcp/,Gizeh Werbung,Plastic bag,3456880066d2b32275e953ce72d5bc0ed163772d9990c7339b151ffdc37e52b5
oi_train_cd0f4f22b151ba5e,train,hard_negative,cd0f4f22b151ba5e,train,Open Images Dataset V7,https://storage.googleapis.com/openimages/web/index.html,https://s3.amazonaws.com/open-images-dataset/train/cd0f4f22b151ba5e.jpg,https://c7.staticflickr.com/5/4118/4921663410_f50097ba38_o.jpg,https://www.flickr.com/photos/hiddenloop/4921663410,https://creativecommons.org/licenses/by/2.0/,Matthew Hutchinson,https://www.flickr.com/people/hiddenloop/,Worktop,Computer mouse,071596ae5052bc2f714caa42a7628eb83a9223cccf2595646bb4719b9882e553
oi_train_030701dcf70872d8,val,hard_negative,030701dcf70872d8,train,Open Images Dataset V7,https://storage.googleapis.com/openimages/web/index.html,https://s3.amazonaws.com/open-images-dataset/train/030701dcf70872d8.jpg,https://c1.staticflickr.com/3/2473/3805873864_1da2cf6268_o.jpg,https://www.flickr.com/photos/donnieray/3805873864,https://creativecommons.org/licenses/by/2.0/,Donnie Ray Jones,https://www.flickr.com/people/donnieray/,The three stooges,Tennis ball,8d3656b7afde31e5262d78abe51c87efed8fa1e5bd257ac3582d80f1f96cebfe
oi_train_89ef02e0ab033b62,val,hard_negative,89ef02e0ab033b62,train,Open Images Dataset V7,https://storage.googleapis.com/openimages/web/index.html,https://s3.amazonaws.com/open-images-dataset/train/89ef02e0ab033b62.jpg,https://farm3.staticflickr.com/1303/1076931247_254b20f6a5_o.jpg,https://www.flickr.com/photos/stevendepolo/1076931247,https://creativecommons.org/licenses/by/2.0/,Steven Depolo,https://www.flickr.com/people/stevendepolo/,101_2336,Rose,77c490d0f0cf1a9ccaef3edeacba7825c3af3946f225eb4d4dcaa2d59f7f2b20
oi_train_bb3e107d468b6546,train,hard_negative,bb3e107d468b6546,train,Open Images Dataset V7,https://storage.googleapis.com/openimages/web/index.html,https://s3.amazonaws.com/open-images-dataset/train/bb3e107d468b6546.jpg,https://farm7.staticflickr.com/7071/7099020997_63c22606fd_o.jpg,https://www.flickr.com/photos/policyexchange/7099020997,https://creativecommons.org/licenses/by/2.0/,Policy Exchange,https://www.flickr.com/people/policyexchange/,Moira McKerracher of the UK Commission on Employment & Skills and Ingeus's Vinny Pattison at Labour Market 2020,Bottle,cc83990aad2cbb87396d9b2c09d670352c35e4f2121b9acc3fd59cd1d79de516
oi_train_201984ce941541cd,train,hard_negative,201984ce941541cd,train,Open Images Dataset V7,https://storage.googleapis.com/openimages/web/index.html,https://s3.amazonaws.com/open-images-dataset/train/201984ce941541cd.jpg,https://c6.staticflickr.com/5/4094/4797232792_60aa605e9f_o.jpg,https://www.flickr.com/photos/joanafonso/4797232792,https://creativecommons.org/licenses/by/2.0/,Joana Afonso ❤ ℒℯ Vℯrƞis,https://www.flickr.com/people/joanafonso/,22 - &quot;What Do U think?!&quot; Essence,Cosmetics,ce6bdb9f982da325bcf98c17698c08cbe252a8a9a621f4107381b600f5659f87
oi_validation_41eac01bc6b866b7,train,hard_negative,41eac01bc6b866b7,validation,Open Images Dataset V7,https://storage.googleapis.com/openimages/web/index.html,https://s3.amazonaws.com/open-images-dataset/validation/41eac01bc6b866b7.jpg,https://farm8.staticflickr.com/2132/5758383536_fa7dca5ced_o.jpg,https://www.flickr.com/photos/oxfameastafrica/5758383536,https://creativecommons.org/licenses/by/2.0/,Oxfam East Africa,https://www.flickr.com/people/oxfameastafrica/,SomalilandDrought006,Grassland,f94c17713fd6e2a8b844d0db8cf278ef6e5e245c45d97e5912892d06e307cec0
oi_test_cfaa30bcbf5d0574,train,hard_negative,cfaa30bcbf5d0574,test,Open Images Dataset V7,https://storage.googleapis.com/openimages/web/index.html,https://s3.amazonaws.com/open-images-dataset/test/cfaa30bcbf5d0574.jpg,https://farm5.staticflickr.com/3559/3571136482_39fc7791be_o.jpg,https://www.flickr.com/photos/atoach/3571136482,https://creativecommons.org/licenses/by/2.0/,Tim Green,https://www.flickr.com/people/atoach/,Angora goat,Grass|Pasture,7e3415225521bc98ba63b4effe40010034db271ca0e6a10a410396ed3df3cfef
oi_train_1fb86c4c5bc179b5,train,hard_negative,1fb86c4c5bc179b5,train,Open Images Dataset V7,https://storage.googleapis.com/openimages/web/index.html,https://s3.amazonaws.com/open-images-dataset/train/1fb86c4c5bc179b5.jpg,https://farm6.staticflickr.com/3100/3228696706_cbfc4057ef_o.jpg,https://www.flickr.com/photos/brettandsatit/3228696706,https://creativecommons.org/licenses/by/2.0/,brett marlow,https://www.flickr.com/people/brettandsatit/,Rafael Nadal Champion Australian Open 2009 Melbourne,Tennis ball,c7a61a3a0b02ac0110102a5209c2d1a0dc77514e9b3585e83414ce8fb701a86e
oi_train_4d158a80586e6695,train,hard_negative,4d158a80586e6695,train,Open Images Dataset V7,https://storage.googleapis.com/openimages/web/index.html,https://s3.amazonaws.com/open-images-dataset/train/4d158a80586e6695.jpg,https://farm6.staticflickr.com/8595/16035340484_5017d425a3_o.jpg,https://www.flickr.com/photos/applesnpearsau/16035340484,https://creativecommons.org/licenses/by/2.0/,Apple and Pear Australia Ltd,https://www.flickr.com/people/applesnpearsau/,Ganny Smith apples at Sydney Markets DSC_9836-web,Apple,54569b438c96464d9e7c02a36f109d5dd4979c11b2bd641a17be78867c0dcbbd
oi_train_4147150f2092db1b,train,hard_negative,4147150f2092db1b,train,Open Images Dataset V7,https://storage.googleapis.com/openimages/web/index.html,https://s3.amazonaws.com/open-images-dataset/train/4147150f2092db1b.jpg,https://c4.staticflickr.com/9/8435/7782665820_f0bc4b5bf0_o.jpg,https://www.flickr.com/photos/jared422/7782665820,https://creativecommons.org/licenses/by/2.0/,Jared,https://www.flickr.com/people/jared422/,Christmas - Santa Sign - Erin,Plastic bag,52a3f37446c545faaea68e05b6d247fe87f8a83a123e7bde2ffaa6fc9fae08d7
oi_train_05c691af591c6bd9,train,hard_negative,05c691af591c6bd9,train,Open Images Dataset V7,https://storage.googleapis.com/openimages/web/index.html,https://s3.amazonaws.com/open-images-dataset/train/05c691af591c6bd9.jpg,https://c2.staticflickr.com/3/2598/3735755125_cc2cde1869_o.jpg,https://www.flickr.com/photos/wheatfields/3735755125,https://creativecommons.org/licenses/by/2.0/,allispossible.org.uk,https://www.flickr.com/people/wheatfields/,My potato harvest,Potato,7a51c065833a09e5555418f55da991bcc7ac9732fc2281094e580e81bb044951
oi_test_e46a104d69dff657,train,hard_negative,e46a104d69dff657,test,Open Images Dataset V7,https://storage.googleapis.com/openimages/web/index.html,https://s3.amazonaws.com/open-images-dataset/test/e46a104d69dff657.jpg,https://farm8.staticflickr.com/184/370328451_483499f340_o.jpg,https://www.flickr.com/photos/afdiplotti/370328451,https://creativecommons.org/licenses/by/2.0/,Andrés Diplotti,https://www.flickr.com/people/afdiplotti/,"El cruce, Pergamino",Grassland,69fd53a2ff3c41f0fc81d27e5a614f2283011f1296e7c9c629264dc202af7aea
oi_test_8af9e58cf73b124c,train,hard_negative,8af9e58cf73b124c,test,Open Images Dataset V7,https://storage.googleapis.com/openimages/web/index.html,https://s3.amazonaws.com/open-images-dataset/test/8af9e58cf73b124c.jpg,https://c5.staticflickr.com/3/2867/10129965034_19ea1e0631_o.jpg,https://www.flickr.com/photos/cityfoodsters/10129965034,https://creativecommons.org/licenses/by/2.0/,City Foodsters,https://www.flickr.com/people/cityfoodsters/,"Open Faced Fried Egg Sandwich - Ham, topped with green tomatoes",Egg,0539f3289cea83130ab7120a3e9dc0a84001c58136248948dc25f857a7c92a2c
oi_validation_40f307db34b087b0,val,hard_negative,40f307db34b087b0,validation,Open Images Dataset V7,https://storage.googleapis.com/openimages/web/index.html,https://s3.amazonaws.com/open-images-dataset/validation/40f307db34b087b0.jpg,https://farm1.staticflickr.com/40/96269158_8b4c6ec816_o.jpg,https://www.flickr.com/photos/sjoe/96269158,https://creativecommons.org/licenses/by/2.0/,sjoe,https://www.flickr.com/people/sjoe/,IMG_2957,Grass|Grassland|Meadow|Pasture,cf6316c16e8fab89aa2bac45b9f13d2e573c1f2b63f833f116f691e5b79d9c94
oi_test_e917cb8abb3854ae,train,hard_negative,e917cb8abb3854ae,test,Open Images Dataset V7,https://storage.googleapis.com/openimages/web/index.html,https://s3.amazonaws.com/open-images-dataset/test/e917cb8abb3854ae.jpg,https://c7.staticflickr.com/6/5579/14816104891_b0982fe7ec_o.jpg,https://www.flickr.com/photos/boblinsdell/14816104891,https://creativecommons.org/licenses/by/2.0/,Robert Linsdell,https://www.flickr.com/people/boblinsdell/,"St. Andrews, Manitoba (501086)",Lawn,c125c35268717adf635e455ef51cd285092bf8264e261471633b8645fdf879e0
oi_test_79864dd5d3a104b2,train,hard_negative,79864dd5d3a104b2,test,Open Images Dataset V7,https://storage.googleapis.com/openimages/web/index.html,https://s3.amazonaws.com/open-images-dataset/test/79864dd5d3a104b2.jpg,https://farm3.staticflickr.com/2846/11495143354_f57b6b39f2_o.jpg,https://www.flickr.com/photos/110342926@N07/11495143354,https://creativecommons.org/licenses/by/2.0/,Philip Male,https://www.flickr.com/people/110342926@N07/,3=9-10 (7),Grass|Grassland|Meadow,530e92c11f093ed73f14885057aaf6c1c5656220280339aa92a170d39554b9fd
oi_train_2b188c41dd579d36,train,hard_negative,2b188c41dd579d36,train,Open Images Dataset V7,https://storage.googleapis.com/openimages/web/index.html,https://s3.amazonaws.com/open-images-dataset/train/2b188c41dd579d36.jpg,https://farm7.staticflickr.com/7158/6466292001_aaff31eabd_o.jpg,https://www.flickr.com/photos/losmocanos/6466292001/,https://creativecommons.org/licenses/by/2.0/,LosMocanos.com,https://www.flickr.com/people/losmocanos/,DSC_1909,Bottle,69cc842e101f2c8629e70f3866dedf7051a4fae58b0f6596723713672fb46159
oi_train_9c89c49a9d3a3588,train,hard_negative,9c89c49a9d3a3588,train,Open Images Dataset V7,https://storage.googleapis.com/openimages/web/index.html,https://s3.amazonaws.com/open-images-dataset/train/9c89c49a9d3a3588.jpg,https://c1.staticflickr.com/8/7013/6469270853_9301f5b950_o.jpg,https://www.flickr.com/photos/jontintinjordan/6469270853,https://creativecommons.org/licenses/by/2.0/,jon jordan,https://www.flickr.com/people/jontintinjordan/,"We call him Anthony, Anthony Usher to you",Bottle,21acf31fe6e33751362321b21c4bbea7cc42d4e0f56db030ba1c64179900bf68
oi_test_d52f21d42028e389,train,hard_negative,d52f21d42028e389,test,Open Images Dataset V7,https://storage.googleapis.com/openimages/web/index.html,https://s3.amazonaws.com/open-images-dataset/test/d52f21d42028e389.jpg,https://c2.staticflickr.com/8/7265/7589288434_17f15af570_o.jpg,https://www.flickr.com/photos/hydropower/7589288434,https://creativecommons.org/licenses/by/2.0/,International Hydropower Association,https://www.flickr.com/people/hydropower/,RusHydro - IHA Sustainability Partnership Protocol Training,Grassland|Meadow,1e62635d5c510d0c4dc2cbd25fe031dd3b97be90fa46a978ad3716d5aa172117
oi_train_c70efb830dec9b5d,train,hard_negative,c70efb830dec9b5d,train,Open Images Dataset V7,https://storage.googleapis.com/openimages/web/index.html,https://s3.amazonaws.com/open-images-dataset/train/c70efb830dec9b5d.jpg,https://c6.staticflickr.com/7/6047/6381754319_1f633d4d2e_o.jpg,https://www.flickr.com/photos/lovemaegan/6381754319,https://creativecommons.org/licenses/by/2.0/,Maegan Tintari,https://www.flickr.com/people/lovemaegan/,nude nails with gold glitter specs,Bottle|Cosmetics,0389e3aba19d5f11615142585dbb0b5d30dcc018460916884fb31f94debe5eb5
oi_train_9fd3753158d39b64,train,hard_negative,9fd3753158d39b64,train,Open Images Dataset V7,https://storage.googleapis.com/openimages/web/index.html,https://s3.amazonaws.com/open-images-dataset/train/9fd3753158d39b64.jpg,https://farm5.staticflickr.com/3840/14541842886_b2174af680_o.jpg,https://www.flickr.com/photos/linsinchen/14541842886,https://creativecommons.org/licenses/by/2.0/,Sinchen.Lin,https://www.flickr.com/people/linsinchen/,blueberry-music-light,Remote control,43356098df07286658e6b4c85d1f0b04715e6b8ae39c3dfee53231ec9e676415
oi_train_01227620f4f19472,val,hard_negative,01227620f4f19472,train,Open Images Dataset V7,https://storage.googleapis.com/openimages/web/index.html,https://s3.amazonaws.com/open-images-dataset/train/01227620f4f19472.jpg,https://farm3.staticflickr.com/6080/6076238393_c7a33c7f7a_o.jpg,https://www.flickr.com/photos/luigi_and_linda/6076238393,https://creativecommons.org/licenses/by/2.0/,Luigi Guarino,https://www.flickr.com/people/luigi_and_linda/,Mombasa food market,Potato,f7f0b43e6ae440ad3a2c746e10dc1ef90743c1da397272de6ff511f2442239b8
oi_validation_ab3ec6f1f4f6b3d3,train,hard_negative,ab3ec6f1f4f6b3d3,validation,Open Images Dataset V7,https://storage.googleapis.com/openimages/web/index.html,https://s3.amazonaws.com/open-images-dataset/validation/ab3ec6f1f4f6b3d3.jpg,https://farm4.staticflickr.com/8463/8111898457_e56579a487_o.jpg,https://www.flickr.com/photos/ma_shimaro/8111898457,https://creativecommons.org/licenses/by/2.0/,ma_shimaro,https://www.flickr.com/people/ma_shimaro/,栗きんとん,Potato,50aab197b79a3d40e4ee304a03d520cb3031d97c5356238f3d3e4687d09a73e7
oi_train_1f8088fb15165268,train,hard_negative,1f8088fb15165268,train,Open Images Dataset V7,https://storage.googleapis.com/openimages/web/index.html,https://s3.amazonaws.com/open-images-dataset/train/1f8088fb15165268.jpg,https://c1.staticflickr.com/8/7342/16406518949_cebf6c96b4_o.jpg,https://www.flickr.com/photos/md903152/16406518949,https://creativecommons.org/licenses/by/2.0/,HO JJ,https://www.flickr.com/people/md903152/,Contax Carl Zeiss S-Planar T* 60mm f/2.8 AEG,Flower,0725ef0ddd0dbb66fdc7b17090bd57282f9eb976983125e809346f054cb91d79
oi_validation_cd03da2314dce7f3,train,hard_negative,cd03da2314dce7f3,validation,Open Images Dataset V7,https://storage.googleapis.com/openimages/web/index.html,https://s3.amazonaws.com/open-images-dataset/validation/cd03da2314dce7f3.jpg,https://farm4.staticflickr.com/4139/4735269628_59df6dce71_o.jpg,https://www.flickr.com/photos/uncle-leo/4735269628,https://creativecommons.org/licenses/by/2.0/,Leo-setä,https://www.flickr.com/people/uncle-leo/,Strömfors,Plant|Rose,6c4aa18c694c4ad7af5e0046adcfb0a80f56212a0093139b95a0ad62c3d37954
oi_train_c3253a72004a7f5b,train,hard_negative,c3253a72004a7f5b,train,Open Images Dataset V7,https://storage.googleapis.com/openimages/web/index.html,https://s3.amazonaws.com/open-images-dataset/train/c3253a72004a7f5b.jpg,https://c4.staticflickr.com/1/87/233548740_10812093e5_o.jpg,https://www.flickr.com/photos/scottthompson/233548740,https://creativecommons.org/licenses/by/2.0/,Scott Thompson,https://www.flickr.com/people/scottthompson/,P8290208,Ball (Object),b6bdd235e7e792be6403a83f27e73f847ca475f54358044dad109bb79946a87b
oi_test_cbfe8950e026a1e4,train,hard_negative,cbfe8950e026a1e4,test,Open Images Dataset V7,https://storage.googleapis.com/openimages/web/index.html,https://s3.amazonaws.com/open-images-dataset/test/cbfe8950e026a1e4.jpg,https://farm5.staticflickr.com/3338/3554203977_2c910532dd_o.jpg,https://www.flickr.com/photos/mariya_umama_wethemba_monastery/3554203977,https://creativecommons.org/licenses/by/2.0/,Randy OHC,https://www.flickr.com/people/mariya_umama_wethemba_monastery/,Untitled,Grass|Grassland|Meadow|Pasture,18544bc4f909e55c34190b24db73e76f1ca6dacd07880c7ccc3ff268452a8f03
oi_test_b81424d480206108,train,hard_negative,b81424d480206108,test,Open Images Dataset V7,https://storage.googleapis.com/openimages/web/index.html,https://s3.amazonaws.com/open-images-dataset/test/b81424d480206108.jpg,https://c1.staticflickr.com/9/8495/8304570578_238be483aa_o.jpg,https://www.flickr.com/photos/29882791@N02/8304570578,https://creativecommons.org/licenses/by/2.0/,Ettore Balocchi,https://www.flickr.com/people/29882791@N02/,Asteraceae - Coleostephus myconis,Meadow,c10b47c0966772eb4912d07f9bc481f6de0165f05b38b5f78523422b9db09cfe
oi_test_c8e517a88f9211eb,train,hard_negative,c8e517a88f9211eb,test,Open Images Dataset V7,https://storage.googleapis.com/openimages/web/index.html,https://s3.amazonaws.com/open-images-dataset/test/c8e517a88f9211eb.jpg,https://c4.staticflickr.com/9/8596/16713054405_8c20cd7760_o.jpg,https://www.flickr.com/photos/vernieman/16713054405,https://creativecommons.org/licenses/by/2.0/,Vernon Chan,https://www.flickr.com/people/vernieman/,Nara Kurumi (6) vs Magda Linette #WTA #BMWMalaysianOpen2015 #BMW,Tennis ball,8c041258ec053ea3d349f49a29c5b300b9f2154030e9cd43bc85bf97f7ad4b4d
oi_validation_f7d8449e6d574541,test,hard_negative,f7d8449e6d574541,validation,Open Images Dataset V7,https://storage.googleapis.com/openimages/web/index.html,https://s3.amazonaws.com/open-images-dataset/validation/f7d8449e6d574541.jpg,https://farm2.staticflickr.com/4137/4924754542_1bf6d8cd9d_o.jpg,https://www.flickr.com/photos/cwsteeds/4924754542,https://creativecommons.org/licenses/by/2.0/,Clinton Steeds,https://www.flickr.com/people/cwsteeds/,Nosey Neigh-bor,Pasture,addfe101f1d22ca751a959970475885ec9baea6cd28a21c581fdca0a69c4e4ec
oi_train_12df181d760f818d,train,hard_negative,12df181d760f818d,train,Open Images Dataset V7,https://storage.googleapis.com/openimages/web/index.html,https://s3.amazonaws.com/open-images-dataset/train/12df181d760f818d.jpg,https://c6.staticflickr.com/6/5339/17640755598_8c633e2dce_o.jpg,https://www.flickr.com/photos/jcbarros71/17640755598,https://creativecommons.org/licenses/by/2.0/,J. C. Barros,https://www.flickr.com/people/jcbarros71/,Razer_Kabuto_01,Computer mouse,3df00098f7c8be54b9ba96ed682e4ee45ab7cbdbfd0616d9bf6ba3c7e7c11490
oi_test_ababeecff8ff48c6,val,hard_negative,ababeecff8ff48c6,test,Open Images Dataset V7,https://storage.googleapis.com/openimages/web/index.html,https://s3.amazonaws.com/open-images-dataset/test/ababeecff8ff48c6.jpg,https://farm7.staticflickr.com/56/179722007_21d906bb0d_o.jpg,https://www.flickr.com/photos/jono2k5/179722007,https://creativecommons.org/licenses/by/2.0/,Jonathan Oakley,https://www.flickr.com/people/jono2k5/,DSCF5942,Meadow,b59c937e537f4491ad612fd2f31e47bbc100c9aa23469e3d06d90e4b6ff4c4f7
oi_train_c2919a86ed6cc6e7,train,hard_negative,c2919a86ed6cc6e7,train,Open Images Dataset V7,https://storage.googleapis.com/openimages/web/index.html,https://s3.amazonaws.com/open-images-dataset/train/c2919a86ed6cc6e7.jpg,https://farm8.staticflickr.com/2579/4051848803_7fa0747017_o.jpg,https://www.flickr.com/photos/fdctsevilla/4051848803,https://creativecommons.org/licenses/by/2.0/,Fondo Antiguo de la Universidad de Sevilla,https://www.flickr.com/people/fdctsevilla/,&quot;Aparato Cloez y Gabriolet. Descomposición del ácido carbónico por las plantas acuáticas puestas al sol&quot;.,Bottle,e6398ada4ccf6588b4f2f6bcb56fed87e0f4f8e56ca70061cf3f6e11000a5038
oi_test_a85678404bf84e6e,train,hard_negative,a85678404bf84e6e,test,Open Images Dataset V7,https://storage.googleapis.com/openimages/web/index.html,https://s3.amazonaws.com/open-images-dataset/test/a85678404bf84e6e.jpg,https://c7.staticflickr.com/1/9/11212422_2cae8f92ac_o.jpg,https://www.flickr.com/photos/alisdair/11212422,https://creativecommons.org/licenses/by/2.0/,alisdair,https://www.flickr.com/people/alisdair/,Escapee Pigeon,Lawn,6d3aead2e73e2f8814cc0f689399544fe94cb755ed223cdeeb87e1d4ebcdcead
oi_test_ec85f5fd2f5392bf,train,hard_negative,ec85f5fd2f5392bf,test,Open Images Dataset V7,https://storage.googleapis.com/openimages/web/index.html,https://s3.amazonaws.com/open-images-dataset/test/ec85f5fd2f5392bf.jpg,https://c8.staticflickr.com/4/3500/3704170562_6e26908700_o.jpg,https://www.flickr.com/photos/johnniemojo/3704170562,https://creativecommons.org/licenses/by/2.0/,John Richards,https://www.flickr.com/people/johnniemojo/,Ashes 2009 Cardiff Day 1 OUCH,Cricket ball,a011ccd2891f91a6598e23816be29796331df27605076de3d003ade88fc932fe
oi_train_530a06b40de9df73,train,hard_negative,530a06b40de9df73,train,Open Images Dataset V7,https://storage.googleapis.com/openimages/web/index.html,https://s3.amazonaws.com/open-images-dataset/train/530a06b40de9df73.jpg,https://farm4.staticflickr.com/7366/9265722832_fe667eee74_o.jpg,https://www.flickr.com/photos/35334437@N05/9265722832,https://creativecommons.org/licenses/by/2.0/,VanLap Hoàng,https://www.flickr.com/people/35334437@N05/,Dã quỳ - cúc Nitobe - Tithonia diversifolia (2),Common sunflower,6afb33d3ccd9367ca2f9fd5fa869bacfb89759d7a043a6455e2261acf276add4
oi_train_1f58e4a4fe417136,train,hard_negative,1f58e4a4fe417136,train,Open Images Dataset V7,https://storage.googleapis.com/openimages/web/index.html,https://s3.amazonaws.com/open-images-dataset/train/1f58e4a4fe417136.jpg,https://farm7.staticflickr.com/2123/1616137200_a8fa98267c_o.jpg,https://www.flickr.com/photos/jamescridland/1616137200,https://creativecommons.org/licenses/by/2.0/,James Cridland,https://www.flickr.com/people/jamescridland/,"Orange World, Mildura, Australia",Bottle,98a5619a3fded35774089f63fd2df823b8228642ad45f0bf68658f69e22f80ca
oi_train_cc5c018eeefd40a4,train,hard_negative,cc5c018eeefd40a4,train,Open Images Dataset V7,https://storage.googleapis.com/openimages/web/index.html,https://s3.amazonaws.com/open-images-dataset/train/cc5c018eeefd40a4.jpg,https://farm5.staticflickr.com/514/18553715383_e863d007f2_o.jpg,https://www.flickr.com/photos/70360263@N03/18553715383,https://creativecommons.org/licenses/by/2.0/,Kim Singdahlsen,https://www.flickr.com/people/70360263@N03/,A Little Kindness,Flower,7415f6f44e29d8f688d696018455fe19303781bd7830ee452612549f8067a440
oi_test_7b9eda009c9d259b,train,hard_negative,7b9eda009c9d259b,test,Open Images Dataset V7,https://storage.googleapis.com/openimages/web/index.html,https://s3.amazonaws.com/open-images-dataset/test/7b9eda009c9d259b.jpg,https://c4.staticflickr.com/9/8100/8659062196_2a93235814_o.jpg,https://www.flickr.com/photos/larskasper/8659062196,https://creativecommons.org/licenses/by/2.0/,Lars Kasper,https://www.flickr.com/people/larskasper/,Pheasant | Fasan,Grassland,8443be112dac7e23ad5af0677e033967be4515cc5e58f0db933d37ae37230107
oi_train_056dad1b674e3e75,test,hard_negative,056dad1b674e3e75,train,Open Images Dataset V7,https://storage.googleapis.com/openimages/web/index.html,https://s3.amazonaws.com/open-images-dataset/train/056dad1b674e3e75.jpg,https://farm6.staticflickr.com/7205/6844870599_925c2a1ab3_o.jpg,https://www.flickr.com/photos/-elleinad-/6844870599,https://creativecommons.org/licenses/by/2.0/,Danielle Buma,https://www.flickr.com/people/-elleinad-/,12.10.2012,Flower,b887e0f6629d8da7ca6549319ef9ccadcab44a8cb06a17edcf7107bd3e3c6042
oi_train_f6714fdb4171eae7,test,hard_negative,f6714fdb4171eae7,train,Open Images Dataset V7,https://storage.googleapis.com/openimages/web/index.html,https://s3.amazonaws.com/open-images-dataset/train/f6714fdb4171eae7.jpg,https://farm8.staticflickr.com/3797/11669860933_25777defaa_o.jpg,https://www.flickr.com/photos/x1brett/11669860933,https://creativecommons.org/licenses/by/2.0/,brett jordan,https://www.flickr.com/people/x1brett/,"Googly Eye Eggs, 30-12-13",Egg,ba2045fda83442e2b0ab400562142e7248c42bcff26ac6e8a479fc60b4dbe785
oi_train_2fbc6689e88fe87d,train,hard_negative,2fbc6689e88fe87d,train,Open Images Dataset V7,https://storage.googleapis.com/openimages/web/index.html,https://s3.amazonaws.com/open-images-dataset/train/2fbc6689e88fe87d.jpg,https://c6.staticflickr.com/4/3908/14597037418_2341fdb7b5_o.jpg,https://www.flickr.com/photos/gotovan/14597037418,https://creativecommons.org/licenses/by/2.0/,GoToVan,https://www.flickr.com/people/gotovan/,Krispy Kreme in Delta,Doughnut,158c0dc20ca57dbc0f7e780c2e34539e39023e39bd7d84da4357bb573c0a3ae5
oi_train_0693024886cd1e46,train,hard_negative,0693024886cd1e46,train,Open Images Dataset V7,https://storage.googleapis.com/openimages/web/index.html,https://s3.amazonaws.com/open-images-dataset/train/0693024886cd1e46.jpg,https://farm7.staticflickr.com/8226/8442414525_b07fa827d7_o.jpg,https://www.flickr.com/photos/8053388@N06/8442414525,https://creativecommons.org/licenses/by/2.0/,ataelw,https://www.flickr.com/people/8053388@N06/,sDSC_0008,Tennis ball,79005ddbe5cc67285a4ccbdc04c4cf9dcfcf57e7bac60da7021869accc05e614
oi_train_43819a5709ba7a97,train,hard_negative,43819a5709ba7a97,train,Open Images Dataset V7,https://storage.googleapis.com/openimages/web/index.html,https://s3.amazonaws.com/open-images-dataset/train/43819a5709ba7a97.jpg,https://farm8.staticflickr.com/2/2048123_8fe4067b91_o.jpg,https://www.flickr.com/photos/jam343/2048123,https://creativecommons.org/licenses/by/2.0/,jam343,https://www.flickr.com/people/jam343/,oranges...,Orange (fruit),41eae762853c73cd1118c6e069ab7a473b44f734637868974e11ec632a67298d
oi_test_ae828ae443e74141,train,hard_negative,ae828ae443e74141,test,Open Images Dataset V7,https://storage.googleapis.com/openimages/web/index.html,https://s3.amazonaws.com/open-images-dataset/test/ae828ae443e74141.jpg,https://farm2.staticflickr.com/3227/2813057797_83f9798849_o.jpg,https://www.flickr.com/photos/mikeemesser/2813057797,https://creativecommons.org/licenses/by/2.0/,Michael Eisenriegler,https://www.flickr.com/people/mikeemesser/,"Landscape, Altai",Grassland,f0ab5c5502a6b53acaea55dec0cf8acfe1727482518b51a98d179ef98ce38c94
oi_validation_ee4095f17c45178e,train,hard_negative,ee4095f17c45178e,validation,Open Images Dataset V7,https://storage.googleapis.com/openimages/web/index.html,https://s3.amazonaws.com/open-images-dataset/validation/ee4095f17c45178e.jpg,https://c7.staticflickr.com/6/5201/5329404462_94907492f2_o.jpg,https://www.flickr.com/photos/paul_irish/5329404462,https://creativecommons.org/licenses/by/2.0/,Paul Irish,https://www.flickr.com/people/paul_irish/,another saturday morning. The Jelly Donut.,Doughnut,203a04e2061069bb4f08f486ccb0eef9c9c9a23ac6866516b355dfd52ed6b976
oi_test_7b61177677967007,train,hard_negative,7b61177677967007,test,Open Images Dataset V7,https://storage.googleapis.com/openimages/web/index.html,https://s3.amazonaws.com/open-images-dataset/test/7b61177677967007.jpg,https://farm8.staticflickr.com/61/172673815_8c3d7147e0_o.jpg,https://www.flickr.com/photos/marcus_hansson/172673815,https://creativecommons.org/licenses/by/2.0/,Marcus Hansson,https://www.flickr.com/people/marcus_hansson/,Zzzzzzzzzzzz,Grass,28f14fbdd34ac20abee5a9fe7c5a870de295b64e33079394f3d65dd550778d99
oi_train_bc751c5a46e47b7f,train,hard_negative,bc751c5a46e47b7f,train,Open Images Dataset V7,https://storage.googleapis.com/openimages/web/index.html,https://s3.amazonaws.com/open-images-dataset/train/bc751c5a46e47b7f.jpg,https://c8.staticflickr.com/3/2281/2320971284_6c73dcdec5_o.jpg,https://www.flickr.com/photos/jimmiehomeschoolmom/2320971284,https://creativecommons.org/licenses/by/2.0/,Jimmie,https://www.flickr.com/people/jimmiehomeschoolmom/,Ancient Chinese coins -- fakes,Coin,e25fbbb279f1714a4f82dda07c9859096aabdeca9f217ede302e4278138ee3c6
oi_test_4ada3ffd2955a0a7,train,hard_negative,4ada3ffd2955a0a7,test,Open Images Dataset V7,https://storage.googleapis.com/openimages/web/index.html,https://s3.amazonaws.com/open-images-dataset/test/4ada3ffd2955a0a7.jpg,https://farm8.staticflickr.com/7219/7230624714_a1f2611b66_o.jpg,https://www.flickr.com/photos/lorenkerns/7230624714,https://creativecommons.org/licenses/by/2.0/,Loren Kerns,https://www.flickr.com/people/lorenkerns/,20120519-067,Grass|Lawn,2edccc93e2ad16a57ccd416443e1854818615fe93c9cc7df9e0cbd1c8740575c
oi_test_4bbb2164e12af1bb,test,hard_negative,4bbb2164e12af1bb,test,Open Images Dataset V7,https://storage.googleapis.com/openimages/web/index.html,https://s3.amazonaws.com/open-images-dataset/test/4bbb2164e12af1bb.jpg,https://c4.staticflickr.com/8/7324/8809555080_0a4008acc8_o.jpg,https://www.flickr.com/photos/bagsgroove/8809555080,https://creativecommons.org/licenses/by/2.0/,bagsgroove,https://www.flickr.com/people/bagsgroove/,A Fine Perch,Grass|Meadow|Pasture,4b7c4486bebea5e5497a4bd04c23ed118cafd2fe88426187056b4e04702c4441
oi_test_6b04268d7ab8ce7e,val,hard_negative,6b04268d7ab8ce7e,test,Open Images Dataset V7,https://storage.googleapis.com/openimages/web/index.html,https://s3.amazonaws.com/open-images-dataset/test/6b04268d7ab8ce7e.jpg,https://c7.staticflickr.com/4/3511/3716701922_0b5ffc4e79_o.jpg,https://www.flickr.com/photos/davehamster/3716701922,https://creativecommons.org/licenses/by/2.0/,David Merrett,https://www.flickr.com/people/davehamster/,Kune Kune Piglets,Grass|Grassland|Meadow|Pasture,fe31681982a34756a34ad3ff880abf3aaf7b2ca39d6fc30529c4cab6e7f14013
oi_train_02e319c2c9b88ea2,val,hard_negative,02e319c2c9b88ea2,train,Open Images Dataset V7,https://storage.googleapis.com/openimages/web/index.html,https://s3.amazonaws.com/open-images-dataset/train/02e319c2c9b88ea2.jpg,https://farm3.staticflickr.com/3551/3852497208_421e8dac3f_o.jpg,https://www.flickr.com/photos/gareth1953/3852497208,https://creativecommons.org/licenses/by/2.0/,Gareth Williams,https://www.flickr.com/people/gareth1953/,Edgbaston E v A 2009 - Nathan Hauritz Bowling,Cricket ball,0f2b5992f3975ae62c1b231211c72177d59c0b8111f07c3d5a1efe8c18a3ede1
oi_test_669c9f220c6b6214,val,hard_negative,669c9f220c6b6214,test,Open Images Dataset V7,https://storage.googleapis.com/openimages/web/index.html,https://s3.amazonaws.com/open-images-dataset/test/669c9f220c6b6214.jpg,https://farm5.staticflickr.com/5347/9426434278_8634162220_o.jpg,https://www.flickr.com/photos/chefranden/9426434278,https://creativecommons.org/licenses/by/2.0/,Randen Pederson,https://www.flickr.com/people/chefranden/,Summer Job,Grass|Lawn,908c06e608a6fffd85192fb820a08c5160d2466bc045beea8559f70690307729
oi_train_34319eb0222da5dc,test,hard_negative,34319eb0222da5dc,train,Open Images Dataset V7,https://storage.googleapis.com/openimages/web/index.html,https://s3.amazonaws.com/open-images-dataset/train/34319eb0222da5dc.jpg,https://c5.staticflickr.com/3/2350/2161729343_9a92ff5a5b_o.jpg,https://www.flickr.com/photos/jetalone/2161729343,https://creativecommons.org/licenses/by/2.0/,Hajime NAKANO,https://www.flickr.com/people/jetalone/,Lunch @ Laemdin Market  昼飯＠ラムディーン市場(サムイ島),Egg,8558415ad4077faf82563f41d8d6d662b71ab5565fdb8a30ea4254fbc0f40227
oi_train_9e2c8af443c68866,val,hard_negative,9e2c8af443c68866,train,Open Images Dataset V7,https://storage.googleapis.com/openimages/web/index.html,https://s3.amazonaws.com/open-images-dataset/train/9e2c8af443c68866.jpg,https://farm7.staticflickr.com/4105/5008884128_a460fbb1af_o.jpg,https://www.flickr.com/photos/jvcamerica/5008884128,https://creativecommons.org/licenses/by/2.0/,JVCAmerica,https://www.flickr.com/people/jvcamerica/,JVC HA-FX22,Headphones,2648df2cc56dcd170300e5c1aba4063681cdfc3f58e5ee68f48cab364533a4c6
oi_test_81ff2039724935e1,train,hard_negative,81ff2039724935e1,test,Open Images Dataset V7,https://storage.googleapis.com/openimages/web/index.html,https://s3.amazonaws.com/open-images-dataset/test/81ff2039724935e1.jpg,https://farm2.staticflickr.com/1106/5123997320_892eb5357e_o.jpg,https://www.flickr.com/photos/nickhell/5123997320,https://creativecommons.org/licenses/by/2.0/,nickhell_,https://www.flickr.com/people/nickhell/,Cow,Grass|Grassland|Meadow|Pasture,5fe479682c3ab0056c26e1bab224ff3ea5cc368d27bf8eefe98dab885e90957e
oi_train_6aa8feef061ac824,train,hard_negative,6aa8feef061ac824,train,Open Images Dataset V7,https://storage.googleapis.com/openimages/web/index.html,https://s3.amazonaws.com/open-images-dataset/train/6aa8feef061ac824.jpg,https://farm5.staticflickr.com/5104/5626851008_1019683f2d_o.jpg,https://www.flickr.com/photos/55704539@N00/5626851008,https://creativecommons.org/licenses/by/2.0/,h_5y1m141,https://www.flickr.com/people/55704539@N00/,練馬の貫井のパン屋さんのドーナツ。見た目以上にモチモチで美味い,Doughnut,00f0fd8a460410dd277848dcc48604ffebb6442740276e723ab6725e3581d6d1
oi_train_0cfa33a3889d8e85,test,hard_negative,0cfa33a3889d8e85,train,Open Images Dataset V7,https://storage.googleapis.com/openimages/web/index.html,https://s3.amazonaws.com/open-images-dataset/train/0cfa33a3889d8e85.jpg,https://farm6.staticflickr.com/2617/4039966418_c98fa731e1_o.jpg,https://www.flickr.com/photos/crobj/4039966418,https://creativecommons.org/licenses/by/2.0/,Clyde Robinson,https://www.flickr.com/people/crobj/,Fall Roses Crop,Rose,c66fa8b7d6822b848dddfe39c991e7e3554cb0cfb0b6591e35cb3358ef831ce2
oi_train_73621ef17bd7bcac,train,hard_negative,73621ef17bd7bcac,train,Open Images Dataset V7,https://storage.googleapis.com/openimages/web/index.html,https://s3.amazonaws.com/open-images-dataset/train/73621ef17bd7bcac.jpg,https://c5.staticflickr.com/4/3032/2809056774_eeca9737c9_o.jpg,https://www.flickr.com/photos/nsalt/2809056774,https://creativecommons.org/licenses/by/2.0/,Nick Saltmarsh,https://www.flickr.com/people/nsalt/,Mouserrons in grass,Mushroom|Plant,6906a023d270b184c7ab1d39f207f0be4d8f0ff63b3e25dffc501b3c20780a30
oi_validation_4753438ac427d322,train,hard_negative,4753438ac427d322,validation,Open Images Dataset V7,https://storage.googleapis.com/openimages/web/index.html,https://s3.amazonaws.com/open-images-dataset/validation/4753438ac427d322.jpg,https://farm3.staticflickr.com/6090/6040413212_11c31efbb3_o.jpg,https://www.flickr.com/photos/yisris/6040413212,https://creativecommons.org/licenses/by/2.0/,yisris,https://www.flickr.com/people/yisris/,"Riverside flowers at the river Nakatsu, Morioka",Flower,bae4a67594bc191569b275a2287d84e6aa7b14b7348a9271370b64b1b9abaa7a
oi_validation_aaf216849638c15d,train,hard_negative,aaf216849638c15d,validation,Open Images Dataset V7,https://storage.googleapis.com/openimages/web/index.html,https://s3.amazonaws.com/open-images-dataset/validation/aaf216849638c15d.jpg,https://c6.staticflickr.com/4/3781/18817272206_6c808fd5dc_o.jpg,https://www.flickr.com/photos/bigtored/18817272206,https://creativecommons.org/licenses/by/2.0/,Phil Parker,https://www.flickr.com/people/bigtored/,Soccer Balls,Grass,8d04212769f9a9747bb2d85d44bf141d2b52b9aa9ae36cbf785d8cc6d1791f99
oi_validation_63842fa1609b74ea,train,hard_negative,63842fa1609b74ea,validation,Open Images Dataset V7,https://storage.googleapis.com/openimages/web/index.html,https://s3.amazonaws.com/open-images-dataset/validation/63842fa1609b74ea.jpg,https://c3.staticflickr.com/4/3157/2525237726_9104d58ce9_o.jpg,https://www.flickr.com/photos/vmario/2525237726,https://creativecommons.org/licenses/by/2.0/,Mariusz Chilmon,https://www.flickr.com/people/vmario/,Mak,Grass|Meadow,d607341d8a357854e1071840b1a23950411f4c71adb7626b090e0dd1898f23bf
oi_test_7f00e660a2392055,train,hard_negative,7f00e660a2392055,test,Open Images Dataset V7,https://storage.googleapis.com/openimages/web/index.html,https://s3.amazonaws.com/open-images-dataset/test/7f00e660a2392055.jpg,https://farm6.staticflickr.com/6176/6239758929_4f8fa2e047_o.jpg,https://www.flickr.com/photos/jessicatam/6239758929,https://creativecommons.org/licenses/by/2.0/,jessicahtam,https://www.flickr.com/people/jessicatam/,Sunflowers,Common sunflower|Flower,9304338ff609bb88235d039e7f0106def2ae635110989a78648fae1f3d5195a6
oi_test_23cf19f86b16676d,train,hard_negative,23cf19f86b16676d,test,Open Images Dataset V7,https://storage.googleapis.com/openimages/web/index.html,https://s3.amazonaws.com/open-images-dataset/test/23cf19f86b16676d.jpg,https://c6.staticflickr.com/3/2578/3891401304_0cde333b06_o.jpg,https://www.flickr.com/photos/35043861@N08/3891401304,https://creativecommons.org/licenses/by/2.0/,Mulberry24,https://www.flickr.com/people/35043861@N08/,Morning Glory: Purple,Flower,a12808c4adfea18102de11e4e4c1fb9e01ddfd7b5168a7d15843b252cef14df9
oi_test_8a600803cb5b36cb,train,hard_negative,8a600803cb5b36cb,test,Open Images Dataset V7,https://storage.googleapis.com/openimages/web/index.html,https://s3.amazonaws.com/open-images-dataset/test/8a600803cb5b36cb.jpg,https://c4.staticflickr.com/9/8484/8238963903_a5aa80b3ca_o.jpg,https://www.flickr.com/photos/56785346@N00/8238963903,https://creativecommons.org/licenses/by/2.0/,Mário Simoes,https://www.flickr.com/people/56785346@N00/,Cavalier King Charles Spaniel,Grass,681b509f77312a8f74ca663003502193d6b7973e29d9af2e591e67b4c58e9eec
oi_train_b6ae755894c44532,val,hard_negative,b6ae755894c44532,train,Open Images Dataset V7,https://storage.googleapis.com/openimages/web/index.html,https://s3.amazonaws.com/open-images-dataset/train/b6ae755894c44532.jpg,https://farm3.staticflickr.com/140/363974930_c73e0e3527_o.jpg,https://www.flickr.com/photos/joebeone/363974930,https://creativecommons.org/licenses/by/2.0/,Joe Hall,https://www.flickr.com/people/joebeone/,Christmas tree soap dispenser,Soap dispenser,31e560ca543920072ed792d390c0f9def24f163be8e927b69bd8f6b221c69113
oi_train_08c832e881577432,train,hard_negative,08c832e881577432,train,Open Images Dataset V7,https://storage.googleapis.com/openimages/web/index.html,https://s3.amazonaws.com/open-images-dataset/train/08c832e881577432.jpg,https://farm3.staticflickr.com/4083/4970492346_75d76b996e_o.jpg,https://www.flickr.com/photos/popculturegeek/4970492346,https://creativecommons.org/licenses/by/2.0/,The Conmunity -  Pop Culture Geek,https://www.flickr.com/people/popculturegeek/,LOST Auction - Vincent's items,Tennis ball,714723867f0b0f197fd4bf1764b3447f2c48877f8d8ed7650260e592f85e3cfb
oi_validation_479241827b4e9f60,train,hard_negative,479241827b4e9f60,validation,Open Images Dataset V7,https://storage.googleapis.com/openimages/web/index.html,https://s3.amazonaws.com/open-images-dataset/validation/479241827b4e9f60.jpg,https://farm1.staticflickr.com/6010/5964193480_cdb608de0a_o.jpg,https://www.flickr.com/photos/11172034@N08/5964193480,https://creativecommons.org/licenses/by/2.0/,Hannah  Gilbert,https://www.flickr.com/people/11172034@N08/,Alpaca Birth,Grassland|Pasture,d4075982f3d5ac246558ccb452d80f68867c07291a8ce9d3a0266981a7c70898
oi_train_17ef4016f350ecc1,train,hard_negative,17ef4016f350ecc1,train,Open Images Dataset V7,https://storage.googleapis.com/openimages/web/index.html,https://s3.amazonaws.com/open-images-dataset/train/17ef4016f350ecc1.jpg,https://farm2.staticflickr.com/7209/6859267567_6c62b7a963_o.jpg,https://www.flickr.com/photos/jephey/6859267567,https://creativecommons.org/licenses/by/2.0/,Jeffrey,https://www.flickr.com/people/jephey/,DSC02124,Headphones,b2b39869a2782dca7d35eb391f01f0a63e018dcece54083225698ccc8fe7acb9
oi_test_fe9fdddae106a477,train,hard_negative,fe9fdddae106a477,test,Open Images Dataset V7,https://storage.googleapis.com/openimages/web/index.html,https://s3.amazonaws.com/open-images-dataset/test/fe9fdddae106a477.jpg,https://farm8.staticflickr.com/3408/3606046572_9361b49dd0_o.jpg,https://www.flickr.com/photos/irishfireside/3606046572,https://creativecommons.org/licenses/by/2.0/,IrishFireside,https://www.flickr.com/people/irishfireside/,Loading,Grassland,589f439ea3653feed54eedf7acf9f4d314faaa8c66109653b48192db5df8cef5
oi_train_689fa0c914870cc1,train,hard_negative,689fa0c914870cc1,train,Open Images Dataset V7,https://storage.googleapis.com/openimages/web/index.html,https://s3.amazonaws.com/open-images-dataset/train/689fa0c914870cc1.jpg,https://farm2.staticflickr.com/8096/8576193394_0644e34017_o.jpg,https://www.flickr.com/photos/usdagov/8576193394,https://creativecommons.org/licenses/by/2.0/,U.S. Department of Agriculture,https://www.flickr.com/people/usdagov/,20130305-OC-RBN-3756,Potato,276ef582320a987ef3bfe685541d55c19957cab2e2f8b7653ae2b5e7228e7808
oi_train_d40a8fda04c59bf9,train,hard_negative,d40a8fda04c59bf9,train,Open Images Dataset V7,https://storage.googleapis.com/openimages/web/index.html,https://s3.amazonaws.com/open-images-dataset/train/d40a8fda04c59bf9.jpg,https://c2.staticflickr.com/5/4121/4926131588_3799308694_o.jpg,https://www.flickr.com/photos/franciscodelossantos/4926131588,https://creativecommons.org/licenses/by/2.0/,Frank Hemme,https://www.flickr.com/people/franciscodelossantos/,Insomnio,Headphones,226d16bd4762d4f7847c493e8ab293bd466cfb1015357378018f1dc61dcfe9b9
oi_train_37f89d6e836249a3,train,hard_negative,37f89d6e836249a3,train,Open Images Dataset V7,https://storage.googleapis.com/openimages/web/index.html,https://s3.amazonaws.com/open-images-dataset/train/37f89d6e836249a3.jpg,https://farm4.staticflickr.com/2080/2351431221_b9d6f36a10_o.jpg,https://www.flickr.com/photos/brendaannerl/2351431221,https://creativecommons.org/licenses/by/2.0/,Brenda Annerl,https://www.flickr.com/people/brendaannerl/,preparations,Apple,a3f5eccbc4f91071bef8768caa0086dee0fc84b2e8db2833dbb65a8947d42155
oi_train_2d6cc8ada022708c,test,hard_negative,2d6cc8ada022708c,train,Open Images Dataset V7,https://storage.googleapis.com/openimages/web/index.html,https://s3.amazonaws.com/open-images-dataset/train/2d6cc8ada022708c.jpg,https://c5.staticflickr.com/9/8744/17182414258_6d46c2eef1_o.jpg,https://www.flickr.com/photos/bensutherland/17182414258,https://creativecommons.org/licenses/by/2.0/,Ben Sutherland,https://www.flickr.com/people/bensutherland/,DSC03431,Cricket ball,39dd7e1e8f74a2d90289d01149409c00e84e490fc3c0c7a57c297a4e63d14e79
oi_train_c5da0b00c5d6dd65,train,hard_negative,c5da0b00c5d6dd65,train,Open Images Dataset V7,https://storage.googleapis.com/openimages/web/index.html,https://s3.amazonaws.com/open-images-dataset/train/c5da0b00c5d6dd65.jpg,https://farm6.staticflickr.com/5500/9461228541_f28eae9495_o.jpg,https://www.flickr.com/photos/92252798@N07/9461228541,https://creativecommons.org/licenses/by/2.0/,Dick Culbert,https://www.flickr.com/people/92252798@N07/,"Smallanthus pyramidalis, known as Arbol Loco",Common sunflower,f390e27ebda0def64eff002d907d839917baf51d152dccd9e0ef265436c157b5
oi_test_0a0aa278ad344cba,train,hard_negative,0a0aa278ad344cba,test,Open Images Dataset V7,https://storage.googleapis.com/openimages/web/index.html,https://s3.amazonaws.com/open-images-dataset/test/0a0aa278ad344cba.jpg,https://c3.staticflickr.com/1/126/371428209_4fdcc12ef1_o.jpg,https://www.flickr.com/photos/martoni/371428209,https://creativecommons.org/licenses/by/2.0/,Joey Martoni,https://www.flickr.com/people/martoni/,Patricia Andrea - Tulip Flowered,Flower|Plant|Rose,46e11c4cb4cf5814a4f7699a908b2a467af749bc2b72561d20cf3783e5a0d609
oi_test_a768fd98e0af69fc,train,hard_negative,a768fd98e0af69fc,test,Open Images Dataset V7,https://storage.googleapis.com/openimages/web/index.html,https://s3.amazonaws.com/open-images-dataset/test/a768fd98e0af69fc.jpg,https://c5.staticflickr.com/5/4043/4627670340_131844cc7e_o.jpg,https://www.flickr.com/photos/cjmartin/4627670340,https://creativecommons.org/licenses/by/2.0/,Chris Martin,https://www.flickr.com/people/cjmartin/,3rd Base,Grass|Lawn,c53de02f74ac3674d2471043b9e9ec1d705ced4eae13168788756fb9c205771c
oi_validation_6c63b8e677a3abcf,train,hard_negative,6c63b8e677a3abcf,validation,Open Images Dataset V7,https://storage.googleapis.com/openimages/web/index.html,https://s3.amazonaws.com/open-images-dataset/validation/6c63b8e677a3abcf.jpg,https://c8.staticflickr.com/2/1236/1044285276_f46e9840c1_o.jpg,https://www.flickr.com/photos/guytetreault/1044285276,https://creativecommons.org/licenses/by/2.0/,Guy Tetreault,https://www.flickr.com/people/guytetreault/,Sunrise at our meditation center,Grass|Grassland|Meadow|Pasture,4da1ec8355cce4efc624cec66c5557579758a1005243225f763518e02588bfd7
oi_test_83812a7be70c6778,test,hard_negative,83812a7be70c6778,test,Open Images Dataset V7,https://storage.googleapis.com/openimages/web/index.html,https://s3.amazonaws.com/open-images-dataset/test/83812a7be70c6778.jpg,https://c1.staticflickr.com/3/2055/4510548827_08bce5af3b_o.jpg,https://www.flickr.com/photos/drbeachvacation/4510548827,https://creativecommons.org/licenses/by/2.0/,ShashiBellamkonda,https://www.flickr.com/people/drbeachvacation/,Sunday buying Vegetables (8),Potato,2212ed0bd06584929bfb5ddddfd6b4d1bd7879334d4ce332d8b38d127900d221
oi_test_55f68a12b3b89346,val,hard_negative,55f68a12b3b89346,test,Open Images Dataset V7,https://storage.googleapis.com/openimages/web/index.html,https://s3.amazonaws.com/open-images-dataset/test/55f68a12b3b89346.jpg,https://farm7.staticflickr.com/5830/20444030600_8a04d0c581_o.jpg,https://www.flickr.com/photos/larry1732/20444030600,https://creativecommons.org/licenses/by/2.0/,Larry Lamsa,https://www.flickr.com/people/larry1732/,Valles Caldera,Grass|Grassland|Meadow,6feeca47b0ac530a436260eeba9fa8d4fd8a2c9005c4629fdcebff57f28c0540
oi_train_150483e53bbcc668,train,hard_negative,150483e53bbcc668,train,Open Images Dataset V7,https://storage.googleapis.com/openimages/web/index.html,https://s3.amazonaws.com/open-images-dataset/train/150483e53bbcc668.jpg,https://c1.staticflickr.com/4/3579/3647448279_8e276d0f4b_o.jpg,https://www.flickr.com/photos/hansthijs/3647448279,https://creativecommons.org/licenses/by/2.0/,Piano Piano!,https://www.flickr.com/people/hansthijs/,"Chopin - In Brillanter Interpretation - Geza Anda, Martha Argerich, Stefan Askenase, Julian Von Karolyi, Svjatoslav Richter, Tamas Vasary",Rose,df03df9fe1d6064b80400233fa6777396069fa35c09598ec916d2f90473ac62d
oi_train_52f75e594a0501e3,train,hard_negative,52f75e594a0501e3,train,Open Images Dataset V7,https://storage.googleapis.com/openimages/web/index.html,https://s3.amazonaws.com/open-images-dataset/train/52f75e594a0501e3.jpg,https://c4.staticflickr.com/4/3888/15350996256_38a439bcd4_o.jpg,https://www.flickr.com/photos/scotnelson/15350996256/,https://creativecommons.org/licenses/by/2.0/,Scot Nelson,https://www.flickr.com/people/scotnelson/,Mango anthracnose,Apple,b5dbced186b54bf0826a9c1177d6b0df0940aa9a439e539d36fe19b5f13f99eb
oi_validation_6347108949f5cbe2,train,hard_negative,6347108949f5cbe2,validation,Open Images Dataset V7,https://storage.googleapis.com/openimages/web/index.html,https://s3.amazonaws.com/open-images-dataset/validation/6347108949f5cbe2.jpg,https://farm3.staticflickr.com/4112/5028156867_79bb6d25ed_o.jpg,https://www.flickr.com/photos/tokuriki/5028156867,https://creativecommons.org/licenses/by/2.0/,Motohiko Tokuriki,https://www.flickr.com/people/tokuriki/,前から欲しかったロジクールのプレゼンテーション用ワイヤレスプレゼンターを買ってしまいました。今週も、講演の予定が二回あるので使うのが楽しみです。,Remote control,c179079bdc5b099fd7c98f63913ea6d5796fcd7a75535cc15d3cf2dfd27ef69e
oi_test_c23f035bc366d4cd,train,hard_negative,c23f035bc366d4cd,test,Open Images Dataset V7,https://storage.googleapis.com/openimages/web/index.html,https://s3.amazonaws.com/open-images-dataset/test/c23f035bc366d4cd.jpg,https://c6.staticflickr.com/5/4142/4923323758_60c34062f0_o.jpg,https://www.flickr.com/photos/rkramer62/4923323758,https://creativecommons.org/licenses/by/2.0/,Rachel Kramer,https://www.flickr.com/people/rkramer62/,Hay rolls in repose,Grass|Grassland|Lawn|Meadow|Pasture,b98a409c55b9ffaadedaa8b76dea0f785da2f4bdbbfb90e4d7ac24f3a4040c4c
oi_train_1841827ef7835189,train,hard_negative,1841827ef7835189,train,Open Images Dataset V7,https://storage.googleapis.com/openimages/web/index.html,https://s3.amazonaws.com/open-images-dataset/train/1841827ef7835189.jpg,https://c2.staticflickr.com/1/165/407351050_76bb578ccf_o.jpg,https://www.flickr.com/photos/powerbooktrance/407351050,https://creativecommons.org/licenses/by/2.0/,Terry Johnston,https://www.flickr.com/people/powerbooktrance/,Rolling,Paper towel,26b0a5d4ff8b42b64e5c067d12b5cba803ee81e5d20cd34975697bde5073e3e0
oi_test_078b74e1e1728738,test,hard_negative,078b74e1e1728738,test,Open Images Dataset V7,https://storage.googleapis.com/openimages/web/index.html,https://s3.amazonaws.com/open-images-dataset/test/078b74e1e1728738.jpg,https://c1.staticflickr.com/2/1068/4609421100_c6a0e01226_o.jpg,https://www.flickr.com/photos/st33vo/4609421100,https://creativecommons.org/licenses/by/2.0/,Steven Straiton,https://www.flickr.com/people/st33vo/,Scottie Dog on the grass 2,Grass,07e62640b1ccc909daf5a672daf7626cbbee5a1704235b0929805f053f0ad62a
